combination,score,svi_score,source,sum_total,even_count,diff_sum,repeats,decades,primes,diversity,filter_reasons,core_bonus,arima_score
"[17, 18, 19, 21, 22, 29]",3.9766666666666666,0.5,lstm,126,2,12,1,"{np.int64(1): 3, np.int64(2): 3}",3,0.5666666666666667,0.9249999999999998,0.0,1.0
"[12, 15, 20, 21, 22, 36]",5.463333333333333,0.5,lstm,126,4,24,1,"{np.int64(1): 3, np.int64(2): 2, np.int64(3): 1}",0,0.5333333333333334,1.05,0.0,1.0
"[16, 20, 21, 22, 23, 28]",3.03,0.5,lstm,130,4,12,1,"{np.int64(1): 2, np.int64(2): 4}",1,0.5333333333333334,0.9,0.0,1.0
"[4, 18, 20, 21, 22, 24]",4.45,0.5,lstm,109,5,20,1,"{np.int64(0): 1, np.int64(1): 2, np.int64(2): 3}",0,0.5,0.8999999999999999,0.0,1.0
