combination,score,svi_score,source,sum_total,even_count,diff_sum,repeats,decades,primes,diversity,filter_reasons,core_bonus,arima_score
"[17, 18, 24, 29, 38, 40]",5.2315151515151515,0.5,transformer_fallback,166,4,23,2,"{np.int64(1): 2, np.int64(2): 2, np.int64(3): 2}",2,0.7454545454545455,0.9,0.0,1.0
"[12, 22, 31, 35, 38, 39]",4.448848484848485,0.5,transformer_fallback,177,3,27,1,"{np.int64(1): 1, np.int64(2): 1, np.int64(3): 4}",1,0.7054545454545456,0.9500000000000001,0.0,1.0
"[10, 16, 19, 22, 25, 39]",5.706121212121213,0.5,transformer_fallback,131,3,29,2,"{np.int64(0): 1, np.int64(1): 2, np.int64(2): 2, np.int64(3): 1}",1,0.7236363636363636,1.05,0.0,1.0
"[15, 19, 21, 26, 28, 38]",5.698848484848485,0.5,transformer_fallback,147,3,23,1,"{np.int64(1): 2, np.int64(2): 3, np.int64(3): 1}",1,0.7054545454545454,1.05,0.0,1.0
"[12, 19, 20, 26, 27, 40]",5.698848484848485,0.5,transformer_fallback,144,4,28,1,"{np.int64(1): 3, np.int64(2): 2, np.int64(3): 1}",1,0.7054545454545454,1.05,0.0,1.0
