combination,score,svi_score,source,sum_total,even_count,diff_sum,repeats,decades,primes,diversity,filter_reasons,core_bonus,arima_score
"[3, 7, 32, 36, 37, 40]",3.796727272727273,0.5,transformer_fallback,155,3,37,1,"{0: 2, 3: 4}",3,0.7418181818181818,0.9700000000000001,0.0,1.0
"[1, 8, 11, 23, 28, 35]",5.888787878787879,0.5,transformer_fallback,106,2,34,1,"{0: 2, 1: 1, 2: 2, 3: 1}",2,0.7636363636363637,1.12,0.0,1.0
"[6, 10, 14, 28, 32, 33]",5.532181818181818,0.5,transformer_fallback,123,5,27,2,"{0: 2, 1: 1, 2: 1, 3: 2}",0,0.7054545454545454,1.02,0.0,1.0
"[3, 15, 17, 26, 27, 32]",5.8800606060606055,0.5,transformer_fallback,120,2,29,1,"{0: 1, 1: 2, 2: 2, 3: 1}",2,0.7418181818181818,1.07,0.0,1.0
"[1, 12, 14, 19, 33, 38]",5.7133939393939395,0.5,transformer_fallback,117,3,37,0,"{0: 1, 1: 3, 3: 2}",1,0.7418181818181818,1.07,0.0,1.0
