combination,score,svi_score,source,sum_total,even_count,diff_sum,repeats,decades,primes,diversity,filter_reasons,core_bonus,arima_score
"[1, 6, 19, 20, 27, 29]",11.760121212121211,0.5,transformer_fallback,102,2,28,0,"{np.int64(0): 2, np.int64(1): 2, np.int64(2): 2}",2,0.7418181818181818,1.05,0.0,2.0
"[1, 5, 13, 23, 26, 32]",12.581818181818182,0.5,transformer_fallback,100,2,31,2,"{np.int64(0): 2, np.int64(1): 1, np.int64(2): 2, np.int64(3): 1}",3,0.7272727272727273,1.1,0.0,2.0
"[4, 5, 9, 10, 24, 34]",8.944242424242425,0.5,transformer_fallback,86,4,30,1,"{np.int64(0): 4, np.int64(2): 1, np.int64(3): 1}",1,0.7636363636363637,0.9500000000000001,0.0,2.0
"[3, 12, 17, 26, 27, 29]",12.078909090909091,0.5,transformer_fallback,114,2,26,1,"{np.int64(0): 1, np.int64(1): 2, np.int64(2): 3}",3,0.7236363636363636,1.05,0.0,2.0
"[4, 26, 28, 30, 31, 38]",9.62969696969697,0.5,transformer_fallback,157,5,34,2,"{np.int64(0): 1, np.int64(2): 3, np.int64(3): 2}",1,0.7454545454545455,0.85,0.0,2.0
