combination,score,svi_score,source,sum_total,even_count,diff_sum,repeats,decades,primes,diversity,filter_reasons,core_bonus,arima_score
"[9, 13, 22, 24, 32, 38]",5.706121212121213,0.5,transformer_fallback,138,4,29,0,"{0: 1, 1: 1, 2: 2, 3: 2}",1,0.7236363636363636,1.1,0.0,1.0
"[5, 10, 23, 24, 25, 38]",5.872787878787879,0.5,transformer_fallback,125,3,33,0,"{0: 2, 2: 3, 3: 1}",2,0.7236363636363636,1.1,0.0,1.0
"[3, 6, 13, 16, 23, 27]",5.123454545454546,0.5,transformer_fallback,88,2,24,0,"{0: 2, 1: 2, 2: 2}",3,0.6836363636363636,0.9,0.0,1.0
"[15, 16, 17, 23, 37, 40]",6.289454545454546,0.5,transformer_fallback,148,2,25,0,"{1: 3, 2: 1, 3: 2}",3,0.7236363636363636,0.9500000000000001,0.0,1.0
"[8, 13, 17, 27, 28, 39]",5.872787878787879,0.5,transformer_fallback,132,2,31,0,"{0: 1, 1: 2, 2: 2, 3: 1}",2,0.7236363636363636,1.05,0.0,1.0
