combination,score,svi_score,source,sum_total,even_count,diff_sum,repeats,decades,primes,diversity,filter_reasons,core_bonus,arima_score
"[2, 3, 14, 21, 36, 40]",10.792121212121211,0.5,transformer_fallback,116,4,38,0,"{0: 2, 1: 1, 2: 1, 3: 2}",2,0.7818181818181819,1.1,0.0,2.0
"[10, 19, 25, 27, 32, 33]",11.444242424242425,0.5,transformer_fallback,146,2,23,0,"{0: 1, 1: 1, 2: 2, 3: 2}",1,0.7636363636363637,1.05,0.0,2.0
"[3, 7, 11, 12, 30, 33]",10.310909090909092,0.5,transformer_fallback,96,2,30,0,"{0: 2, 1: 2, 2: 1, 3: 1}",3,0.7636363636363637,0.9500000000000001,0.0,2.0
"[1, 8, 18, 25, 34, 35]",11.110909090909091,0.5,transformer_fallback,121,3,34,0,"{0: 2, 1: 1, 2: 1, 3: 2}",0,0.7636363636363637,1.05,0.0,2.0
"[5, 8, 13, 17, 26, 38]",12.125454545454545,0.5,transformer_fallback,107,3,33,0,"{0: 2, 1: 2, 2: 1, 3: 1}",3,0.7818181818181819,1.05,0.0,2.0
