combination,score,svi_score,source,sum_total,even_count,diff_sum,repeats,decades,primes,diversity,filter_reasons,core_bonus,arima_score
"[1, 8, 13, 26, 35, 37]",5.881515151515151,0.5,transformer_fallback,120,2,36,0,"{0: 2, 1: 1, 2: 1, 3: 2}",2,0.7454545454545455,1.1,0.0,1.0
"[15, 22, 31, 34, 35, 38]",4.214848484848485,0.5,transformer_fallback,175,3,23,1,"{1: 1, 2: 1, 3: 4}",1,0.7454545454545455,0.9,0.0,1.0
"[6, 7, 14, 16, 29, 35]",5.888787878787879,0.5,transformer_fallback,107,3,29,0,"{0: 2, 1: 2, 2: 1, 3: 1}",2,0.7636363636363637,1.05,0.0,1.0
"[2, 11, 20, 31, 32, 33]",6.0467272727272725,0.5,transformer_fallback,129,3,31,2,"{0: 1, 1: 2, 3: 3}",3,0.7418181818181818,1.1,0.0,1.0
"[2, 4, 9, 11, 18, 37]",5.396727272727273,0.5,transformer_fallback,81,3,35,1,"{0: 3, 1: 2, 3: 1}",3,0.7418181818181818,0.9,0.0,1.0
