combination,score,svi_score,source,sum_total,even_count,diff_sum,repeats,decades,primes,diversity,filter_reasons,core_bonus,arima_score
"[3, 6, 21, 36, 37, 39]",5.237333333333334,0.5,transformer_fallback,142,2,36,3,"{0: 2, 2: 1, 3: 3}",2,0.76,1.1,0.0,1.0
"[1, 9, 11, 12, 23, 32]",4.947333333333334,0.5,transformer_fallback,88,2,31,0,"{0: 2, 1: 2, 2: 1, 3: 1}",2,0.66,0.9500000000000001,0.0,1.0
"[9, 13, 16, 22, 31, 32]",5.8640606060606055,0.5,transformer_fallback,123,3,23,0,"{0: 1, 1: 2, 2: 1, 3: 2}",2,0.7018181818181819,1.05,0.0,1.0
"[3, 7, 15, 22, 38, 39]",6.1300606060606055,0.5,transformer_fallback,124,2,36,0,"{0: 2, 1: 1, 2: 1, 3: 2}",2,0.7418181818181818,1.05,0.0,1.0
"[5, 9, 11, 12, 32, 33]",5.847333333333333,0.5,transformer_fallback,102,2,28,0,"{0: 2, 1: 2, 3: 2}",2,0.66,1.1,0.0,1.0
