combination,score,svi_score,source,sum_total,even_count,diff_sum,repeats,decades,primes,diversity,filter_reasons,core_bonus,arima_score
"[14, 23, 27, 36, 37, 40]",10.428121212121212,0.5,transformer_fallback,177,3,26,2,"{1: 1, 2: 2, 3: 3}",2,0.7018181818181819,0.9500000000000001,0.0,2.0
"[1, 11, 15, 26, 36, 40]",9.862787878787879,0.5,transformer_fallback,129,3,39,1,"{0: 1, 1: 2, 2: 1, 3: 2}",1,0.6618181818181819,1.05,0.0,2.0
"[5, 15, 21, 26, 34, 38]",11.409333333333334,0.5,transformer_fallback,139,3,33,1,"{0: 1, 1: 1, 2: 2, 3: 2}",1,0.72,1.05,0.0,2.0
"[8, 12, 27, 29, 32, 36]",11.426787878787879,0.5,transformer_fallback,144,4,28,1,"{0: 1, 1: 1, 2: 2, 3: 2}",1,0.7418181818181818,1.1,0.0,2.0
"[1, 16, 23, 26, 38, 39]",9.894787878787879,0.5,transformer_fallback,143,3,38,1,"{0: 1, 1: 1, 2: 2, 3: 2}",1,0.7018181818181818,1.05,0.0,2.0
