combination,score,svi_score,source,sum_total,even_count,diff_sum,repeats,decades,primes,diversity,filter_reasons,core_bonus,arima_score
"[7, 13, 14, 20, 26, 32]",5.881515151515151,0.5,transformer_fallback,112,4,25,1,"{0: 1, 1: 3, 2: 1, 3: 1}",2,0.7454545454545455,1.0,0.0,1.0
"[3, 11, 12, 20, 33, 34]",5.881515151515151,0.5,transformer_fallback,113,3,31,1,"{0: 1, 1: 3, 3: 2}",2,0.7454545454545455,1.1,0.0,1.0
"[1, 5, 22, 30, 32, 34]",5.956121212121213,0.5,transformer_fallback,124,4,33,1,"{0: 2, 2: 2, 3: 2}",1,0.7236363636363636,1.1,0.0,1.0
"[1, 22, 23, 24, 27, 37]",5.271333333333334,0.5,transformer_fallback,134,2,36,1,"{0: 1, 2: 4, 3: 1}",2,0.72,1.1,0.0,1.0
"[10, 11, 14, 23, 27, 28]",4.872787878787879,0.5,transformer_fallback,113,3,18,0,"{0: 1, 1: 2, 2: 3}",2,0.7236363636363636,0.8500000000000001,0.0,1.0
