combination,score,svi_score,source,sum_total,even_count,diff_sum,repeats,decades,primes,diversity,filter_reasons,core_bonus,arima_score
"[11, 12, 15, 19, 34, 38]",4.288787878787879,0.5,transformer_fallback,129,3,27,2,"{np.int64(1): 4, np.int64(3): 2}",2,0.7636363636363637,1.05,0.0,1.0
"[2, 7, 11, 20, 29, 36]",5.539454545454546,0.5,transformer_fallback,105,3,34,2,"{np.int64(0): 2, np.int64(1): 2, np.int64(2): 1, np.int64(3): 1}",4,0.7236363636363636,1.1,0.0,1.0
"[2, 3, 13, 14, 24, 36]",5.396727272727273,0.5,transformer_fallback,92,4,34,1,"{np.int64(0): 2, np.int64(1): 2, np.int64(2): 1, np.int64(3): 1}",3,0.7418181818181818,0.9500000000000001,0.0,1.0
"[5, 12, 26, 30, 33, 37]",5.8800606060606055,0.5,transformer_fallback,143,3,32,0,"{np.int64(0): 1, np.int64(1): 1, np.int64(2): 2, np.int64(3): 2}",2,0.7418181818181818,1.1,0.0,1.0
"[5, 6, 18, 30, 31, 36]",5.872787878787879,0.5,transformer_fallback,126,4,31,0,"{np.int64(0): 2, np.int64(1): 1, np.int64(2): 1, np.int64(3): 2}",2,0.7236363636363636,1.05,0.0,1.0
