combination,score,svi_score,source,sum_total,even_count,diff_sum,repeats,decades,primes,diversity,filter_reasons,core_bonus,arima_score
"[2, 3, 4, 9, 15, 33]",4.630060606060606,0.5,transformer_fallback,66,2,31,0,"{0: 4, 1: 1, 3: 1}",2,0.7418181818181818,0.9,0.0,1.0
"[10, 16, 22, 26, 31, 38]",5.714848484848485,0.5,transformer_fallback,143,5,28,0,"{0: 1, 1: 1, 2: 2, 3: 2}",1,0.7454545454545455,0.95,0.0,1.0
"[1, 10, 17, 25, 30, 37]",5.881515151515151,0.5,transformer_fallback,120,2,36,0,"{0: 2, 1: 1, 2: 2, 3: 1}",2,0.7454545454545455,1.05,0.0,1.0
"[4, 8, 17, 33, 35, 38]",5.698848484848485,0.5,transformer_fallback,135,3,34,0,"{0: 2, 1: 1, 3: 3}",1,0.7054545454545454,1.05,0.0,1.0
"[4, 22, 23, 28, 30, 40]",5.107575757575758,0.5,transformer_fallback,147,5,36,0,"{0: 1, 2: 4, 3: 1}",1,0.7272727272727273,1.0,0.0,1.0
