combination,score,svi_score,source,sum_total,even_count,diff_sum,repeats,decades,primes,diversity,filter_reasons,core_bonus,arima_score
"[4, 5, 12, 24, 33, 34]",5.956121212121213,0.5,transformer_fallback,112,4,30,1,"{0: 2, 1: 1, 2: 1, 3: 2}",1,0.7236363636363636,1.1,0.0,1.0
"[4, 7, 8, 11, 12, 40]",4.956787878787879,0.5,transformer_fallback,82,4,36,1,"{0: 3, 1: 2, 3: 1}",2,0.6836363636363637,0.9500000000000001,0.0,1.0
"[5, 8, 29, 32, 36, 40]",6.1300606060606055,0.5,transformer_fallback,150,4,35,0,"{0: 2, 2: 1, 3: 3}",2,0.7418181818181818,1.1,0.0,1.0
"[1, 11, 15, 18, 20, 21]",3.229393939393939,0.5,transformer_fallback,86,2,20,0,"{0: 1, 1: 4, 2: 1}",1,0.7818181818181819,0.9,0.0,1.0
"[2, 9, 10, 12, 28, 31]",4.08878787878788,0.5,transformer_fallback,92,4,29,3,"{0: 3, 1: 1, 2: 1, 3: 1}",2,0.7636363636363637,0.9500000000000001,0.0,1.0
