combination,score,svi_score,source,sum_total,even_count,diff_sum,repeats,decades,primes,diversity,filter_reasons,core_bonus,arima_score
"[1, 11, 15, 16, 27, 38]",5.702727272727273,0.5,transformer_fallback,108,2,37,1,"{0: 1, 1: 3, 2: 1, 3: 1}",1,0.7151515151515152,1.05,0.0,1.0
"[1, 15, 16, 21, 30, 35]",5.527333333333333,0.5,transformer_fallback,118,2,34,1,"{0: 1, 1: 2, 2: 2, 3: 1}",0,0.6933333333333334,1.05,0.0,1.0
"[3, 4, 8, 13, 22, 26]",5.246060606060606,0.5,transformer_fallback,76,4,23,1,"{0: 3, 1: 1, 2: 2}",2,0.7818181818181819,0.9500000000000001,0.0,1.0
"[8, 17, 19, 29, 32, 40]",6.0467272727272725,0.5,transformer_fallback,145,3,32,1,"{0: 1, 1: 2, 2: 1, 3: 2}",3,0.7418181818181818,1.05,0.0,1.0
"[1, 5, 14, 30, 32, 40]",4.9473939393939395,0.5,transformer_fallback,122,4,39,1,"{0: 2, 1: 1, 2: 1, 3: 2}",1,0.7018181818181818,1.1,0.0,1.0
