combination,score,svi_score,source,sum_total,even_count,diff_sum,repeats,decades,primes,diversity,filter_reasons,core_bonus,arima_score
"[3, 9, 22, 24, 28, 34]",5.7133939393939395,0.5,transformer_fallback,120,4,31,1,"{np.int64(0): 2, np.int64(2): 3, np.int64(3): 1}",1,0.7418181818181818,1.1,0.0,1.0
"[5, 20, 25, 27, 30, 40]",5.7293939393939395,0.5,transformer_fallback,147,3,35,0,"{np.int64(0): 1, np.int64(1): 1, np.int64(2): 3, np.int64(3): 1}",1,0.7818181818181819,1.1,0.0,1.0
"[4, 25, 28, 29, 31, 38]",4.974242424242425,0.5,transformer_fallback,155,3,34,0,"{np.int64(0): 1, np.int64(2): 3, np.int64(3): 2}",2,0.7272727272727273,0.9500000000000001,0.0,1.0
"[3, 4, 22, 26, 37, 39]",6.372787878787879,0.5,transformer_fallback,131,3,36,2,"{np.int64(0): 2, np.int64(2): 2, np.int64(3): 2}",2,0.7236363636363636,1.1,0.0,1.0
"[1, 4, 7, 12, 21, 36]",5.072121212121213,0.5,transformer_fallback,81,3,35,1,"{np.int64(0): 3, np.int64(1): 1, np.int64(2): 1, np.int64(3): 1}",1,0.7636363636363637,0.9500000000000001,0.0,1.0
