combination,score,svi_score,source,sum_total,even_count,diff_sum,repeats,decades,primes,diversity,filter_reasons,core_bonus,arima_score
"[2, 19, 21, 22, 38, 40]",5.016666666666667,0.5,lstm,142,4,38,1,"{np.int64(0): 1, np.int64(1): 1, np.int64(2): 2, np.int64(3): 2}",2,0.45833333333333337,1.05,0.0,1.0
"[20, 21, 22, 26, 32, 40]",3.5333333333333337,0.5,lstm,161,5,20,2,"{np.int64(1): 1, np.int64(2): 3, np.int64(3): 2}",0,0.45833333333333337,0.85,0.0,1.0
"[9, 20, 21, 22, 33, 40]",5.433333333333334,0.5,lstm,145,3,31,1,"{np.int64(0): 1, np.int64(1): 1, np.int64(2): 2, np.int64(3): 2}",0,0.45833333333333337,1.1,0.0,1.0
"[19, 21, 22, 29, 35, 40]",3.8666666666666667,0.5,lstm,166,2,21,1,"{np.int64(1): 1, np.int64(2): 3, np.int64(3): 2}",2,0.45833333333333337,0.9,0.0,1.0
