combination,score,svi_score,source,sum_total,even_count,diff_sum,repeats,decades,primes,diversity,filter_reasons,core_bonus,arima_score
"[3, 9, 18, 21, 32, 35]",5.7293939393939395,0.5,transformer_fallback,118,2,32,2,"{0: 2, 1: 1, 2: 1, 3: 2}",1,0.7818181818181819,1.05,0.0,1.0
"[4, 9, 24, 25, 30, 39]",5.555454545454546,0.5,transformer_fallback,131,3,35,0,"{0: 2, 2: 3, 3: 1}",0,0.7636363636363637,1.1,0.0,1.0
"[5, 11, 13, 15, 26, 37]",5.5467272727272725,0.5,transformer_fallback,107,1,32,1,"{0: 1, 1: 3, 2: 1, 3: 1}",4,0.7418181818181818,0.95,0.0,1.0
"[5, 7, 12, 17, 27, 37]",5.5467272727272725,0.5,transformer_fallback,105,1,32,1,"{0: 2, 1: 2, 2: 1, 3: 1}",4,0.7418181818181818,0.95,0.0,1.0
"[17, 20, 24, 26, 33, 40]",4.814848484848485,0.5,transformer_fallback,160,4,23,2,"{1: 2, 2: 2, 3: 2}",1,0.7454545454545455,0.9,0.0,1.0
