combination,score,svi_score,source,sum_total,even_count,diff_sum,repeats,decades,primes,diversity,filter_reasons,core_bonus,arima_score
"[6, 13, 28, 34, 35, 38]",9.605454545454547,0.5,transformer_fallback,154,4,32,0,"{0: 1, 1: 1, 2: 1, 3: 3}",1,0.7151515151515152,0.9700000000000001,0.0,2.0
"[8, 14, 19, 28, 31, 37]",12.061454545454545,0.5,transformer_fallback,137,3,29,0,"{0: 1, 1: 2, 2: 1, 3: 2}",3,0.7018181818181819,1.07,0.0,2.0
"[6, 12, 13, 29, 30, 34]",11.753333333333332,0.5,transformer_fallback,124,4,28,0,"{0: 1, 1: 2, 2: 2, 3: 1}",2,0.7333333333333334,1.12,0.0,2.0
"[14, 19, 22, 23, 24, 36]",11.742666666666667,0.5,transformer_fallback,138,4,22,0,"{1: 2, 2: 3, 3: 1}",2,0.72,1.07,0.0,2.0
"[3, 7, 14, 19, 32, 40]",12.076,0.5,transformer_fallback,115,3,37,0,"{0: 2, 1: 2, 3: 2}",3,0.72,1.07,0.0,2.0
