combination,score,svi_score,source,sum_total,even_count,diff_sum,repeats,decades,primes,diversity,filter_reasons,core_bonus,arima_score
"[2, 6, 7, 25, 35, 36]",11.748484848484848,0.5,transformer_fallback,111,3,34,1,"{0: 3, 2: 1, 3: 2}",2,0.7272727272727273,1.1,0.0,2.0
"[6, 13, 15, 18, 28, 37]",11.728121212121211,0.5,transformer_fallback,117,3,31,0,"{0: 1, 1: 3, 2: 1, 3: 1}",2,0.7018181818181819,1.05,0.0,2.0
"[1, 9, 13, 25, 28, 31]",11.731030303030302,0.5,transformer_fallback,107,1,30,2,"{0: 2, 1: 1, 2: 2, 3: 1}",2,0.7054545454545454,1.0,0.0,2.0
"[1, 4, 16, 36, 39, 40]",10.110909090909091,0.5,transformer_fallback,136,4,39,0,"{0: 2, 1: 1, 3: 3}",0,0.7636363636363637,1.05,0.0,2.0
"[7, 10, 28, 29, 30, 37]",12.078909090909091,0.5,transformer_fallback,141,3,30,1,"{0: 2, 2: 3, 3: 1}",3,0.7236363636363636,1.1,0.0,2.0
