epoch,train_loss,val_loss
1,0.08967821717262268,0.08889269828796387
2,0.07945057064294815,0.0926806852221489
3,0.07009480513632298,0.09435666352510452
4,0.06334002926945687,0.08974127471446991
