combination,score,svi_score,source,sum_total,even_count,diff_sum,repeats,decades,primes,diversity,filter_reasons,core_bonus,arima_score
"[2, 3, 5, 6, 11, 32]",4.281818181818182,0.5,transformer_fallback,59,3,30,0,"{0: 4, 1: 1, 3: 1}",4,0.7045454545454546,0.9,0.0,1.0
"[13, 18, 27, 28, 35, 38]",4.8075757575757585,0.5,transformer_fallback,159,3,25,0,"{1: 2, 2: 2, 3: 2}",1,0.7272727272727273,0.9,0.0,1.0
"[6, 8, 13, 22, 30, 31]",5.8560606060606055,0.5,transformer_fallback,110,4,25,0,"{0: 2, 1: 1, 2: 2, 3: 1}",2,0.6818181818181819,1.1,0.0,1.0
"[3, 14, 16, 19, 30, 37]",6.031818181818182,0.5,transformer_fallback,119,3,34,0,"{0: 1, 1: 3, 2: 1, 3: 1}",3,0.7045454545454546,1.05,0.0,1.0
