combination,score,svi_score,source,sum_total,even_count,diff_sum,repeats,decades,primes,diversity,filter_reasons,core_bonus,arima_score
"[2, 4, 15, 18, 36, 38]",6.222121212121213,0.5,transformer_fallback,113,5,36,1,"{np.int64(0): 2, np.int64(1): 2, np.int64(3): 2}",1,0.7636363636363637,0.95,0.0,1.0
"[3, 11, 17, 20, 27, 29]",5.539454545454546,0.5,transformer_fallback,107,1,26,0,"{np.int64(0): 1, np.int64(1): 3, np.int64(2): 2}",4,0.7236363636363636,0.95,0.0,1.0
"[11, 13, 16, 22, 30, 32]",4.881515151515151,0.5,transformer_fallback,124,4,21,2,"{np.int64(1): 3, np.int64(2): 2, np.int64(3): 1}",2,0.7454545454545455,1.05,0.0,1.0
"[15, 16, 26, 28, 29, 35]",4.698848484848485,0.5,transformer_fallback,149,3,20,1,"{np.int64(1): 2, np.int64(2): 3, np.int64(3): 1}",1,0.7054545454545454,1.05,0.0,1.0
"[3, 28, 29, 30, 31, 38]",5.123454545454546,0.5,transformer_fallback,159,3,35,1,"{np.int64(0): 1, np.int64(2): 3, np.int64(3): 2}",3,0.6836363636363636,0.9500000000000001,0.0,1.0
