{
  "balance_weight": 0.19108847236584325,
  "sum_weight": 0.4794228234248203,
  "diversity_weight": 0.12948870420933656,
  "pattern_weight": 0.2,
  "base_prob": 0.6848022089141039,
  "noise_factor": 0.05,
  "ideal_sum_range": [
    96,
    149
  ],
  "ideal_gap": 5.8690809327846365,
  "consecutive_penalty": 0.13852353320438426,
  "multiple_penalty": 0.05
}