combination,score,svi_score,source,sum_total,even_count,diff_sum,repeats,decades,primes,diversity,filter_reasons,core_bonus,arima_score
"[6, 20, 21, 22, 26, 40]",5.45,0.5,lstm,135,5,34,2,"{0: 1, 1: 1, 2: 3, 3: 1}",0,0.5,1.0,0.0,1.0
"[21, 22, 23, 27, 36, 40]",1.4499999999999997,0.5,lstm,169,3,19,3,"{2: 4, 3: 2}",1,0.45833333333333337,0.875,0.0,1.0
"[2, 21, 22, 24, 28, 40]",3.9999999999999996,0.5,lstm,137,5,38,2,"{0: 1, 2: 4, 3: 1}",1,0.45833333333333337,0.8,0.0,1.0
"[21, 22, 23, 24, 33, 40]",1.1833333333333331,0.5,lstm,163,3,19,3,"{2: 4, 3: 2}",1,0.41666666666666674,0.875,0.0,1.0
