combination,score,svi_score,source,sum_total,even_count,diff_sum,repeats,decades,primes,diversity,filter_reasons,core_bonus,arima_score
"[13, 21, 25, 26, 27, 30]",6.1976969696969695,0.5,transformer_fallback,142,2,17,0,"{1: 1, 2: 5}",1,0.7054545454545456,0.8500000000000001,0.0,2.0
"[8, 9, 21, 22, 26, 38]",11.008121212121212,0.5,transformer_fallback,124,4,30,0,"{0: 2, 2: 3, 3: 1}",0,0.6351515151515152,1.1,0.0,2.0
"[1, 5, 15, 30, 34, 38]",11.92969696969697,0.5,transformer_fallback,123,3,37,1,"{0: 2, 1: 1, 2: 1, 3: 2}",1,0.7454545454545455,1.05,0.0,2.0
"[6, 8, 22, 26, 28, 39]",11.057575757575759,0.5,transformer_fallback,129,5,33,0,"{0: 2, 2: 3, 3: 1}",0,0.696969696969697,1.0,0.0,2.0
"[3, 14, 22, 27, 31, 38]",11.731030303030302,0.5,transformer_fallback,135,3,35,0,"{0: 1, 1: 1, 2: 2, 3: 2}",2,0.7054545454545454,1.1,0.0,2.0
