combination,score,svi_score,source,sum_total,even_count,diff_sum,repeats,decades,primes,diversity,filter_reasons,core_bonus,arima_score
"[19, 20, 21, 22, 35, 37]",3.896666666666667,0.5,lstm,154,2,18,1,"{np.int64(1): 2, np.int64(2): 2, np.int64(3): 2}",2,0.5333333333333334,0.7749999999999999,0.0,1.0
"[20, 21, 22, 23, 34, 39]",2.7999999999999994,0.5,lstm,159,3,19,3,"{np.int64(1): 1, np.int64(2): 3, np.int64(3): 2}",1,0.45833333333333337,0.825,0.0,1.0
"[5, 12, 20, 21, 22, 23]",4.766666666666667,0.5,lstm,103,3,18,1,"{np.int64(0): 1, np.int64(1): 2, np.int64(2): 3}",2,0.45833333333333337,0.9749999999999999,0.0,1.0
"[17, 21, 22, 23, 24, 31]",4.363333333333333,0.5,lstm,138,2,14,2,"{np.int64(1): 1, np.int64(2): 4, np.int64(3): 1}",3,0.5333333333333333,0.9249999999999998,0.0,1.0
