combination,score,svi_score,source,sum_total,even_count,diff_sum,repeats,decades,primes,diversity,filter_reasons,core_bonus,arima_score
"[14, 19, 21, 22, 28, 40]",5.636666666666667,0.5,lstm,144,4,26,0,"{1: 2, 2: 3, 3: 1}",1,0.55,1.05,0.0,1.0
"[20, 21, 22, 35, 36, 40]",3.788888888888889,0.5,lstm,174,4,20,0,"{1: 1, 2: 2, 3: 3}",0,0.4722222222222222,0.9500000000000001,0.0,1.0
"[20, 21, 22, 23, 32, 40]",3.6658730158730157,0.5,lstm,158,4,20,0,"{1: 1, 2: 3, 3: 2}",1,0.373015873015873,0.9500000000000001,0.0,1.0
"[18, 20, 21, 22, 23, 40]",5.5658730158730165,0.5,lstm,144,4,22,0,"{1: 2, 2: 3, 3: 1}",1,0.373015873015873,1.05,0.0,1.0
"[4, 20, 22, 23, 38, 40]",5.864444444444445,0.5,lstm,147,5,36,0,"{0: 1, 1: 1, 2: 2, 3: 2}",1,0.49444444444444446,1.0,0.0,1.0
"[20, 21, 22, 23, 28, 40]",3.0547619047619046,0.5,lstm,154,4,20,0,"{1: 1, 2: 4, 3: 1}",1,0.34523809523809523,0.8500000000000001,0.0,1.0
