combination,score,svi_score,source,sum_total,even_count,diff_sum,repeats,decades,primes,diversity,filter_reasons,core_bonus,arima_score
"[6, 19, 20, 21, 22, 34]",5.616666666666667,0.5,lstm,122,4,28,2,"{np.int64(0): 1, np.int64(1): 2, np.int64(2): 2, np.int64(3): 1}",1,0.5,1.05,0.0,1.0
"[6, 19, 21, 22, 23, 37]",5.978888888888889,0.5,lstm,128,2,31,1,"{np.int64(0): 1, np.int64(1): 1, np.int64(2): 3, np.int64(3): 1}",3,0.5722222222222222,1.05,0.0,1.0
"[2, 3, 20, 21, 22, 24]",5.131111111111111,0.5,lstm,92,4,22,1,"{np.int64(0): 2, np.int64(1): 1, np.int64(2): 3}",2,0.49444444444444446,0.9,0.0,1.0
"[12, 16, 20, 21, 22, 24]",3.4477777777777776,0.5,lstm,115,5,12,1,"{np.int64(1): 3, np.int64(2): 3}",0,0.49444444444444446,0.825,0.0,1.0
"[15, 20, 21, 22, 23, 24]",3.005555555555555,0.5,lstm,125,3,9,1,"{np.int64(1): 2, np.int64(2): 4}",1,0.4722222222222222,0.85,0.0,1.0
"[19, 20, 21, 22, 24, 38]",4.594444444444445,0.5,lstm,144,4,19,1,"{np.int64(1): 2, np.int64(2): 3, np.int64(3): 1}",1,0.44444444444444453,0.9249999999999998,0.0,1.0
