combination,score,svi_score,source,sum_total,even_count,diff_sum,repeats,decades,primes,diversity,filter_reasons,core_bonus,arima_score
"[4, 9, 21, 29, 32, 39]",5.706121212121213,0.5,transformer_fallback,134,2,35,1,"{0: 2, 2: 2, 3: 2}",1,0.7236363636363636,1.1,0.0,1.0
"[1, 2, 6, 19, 21, 22]",3.330060606060606,0.5,transformer_fallback,71,3,21,3,"{0: 3, 1: 1, 2: 2}",2,0.7418181818181818,0.9,0.0,1.0
"[11, 14, 19, 22, 34, 35]",5.887333333333333,0.5,transformer_fallback,135,3,24,2,"{1: 3, 2: 1, 3: 2}",2,0.76,1.05,0.0,1.0
"[3, 8, 9, 12, 23, 33]",4.996060606060606,0.5,transformer_fallback,88,2,30,0,"{0: 3, 1: 1, 2: 1, 3: 1}",2,0.7818181818181819,0.9500000000000001,0.0,1.0
"[4, 13, 26, 32, 36, 40]",5.070666666666668,0.5,transformer_fallback,151,5,36,0,"{0: 1, 1: 1, 2: 1, 3: 3}",1,0.76,0.85,0.0,1.0
