combination,score,svi_score,source,sum_total,even_count,diff_sum,repeats,decades,primes,diversity,filter_reasons,core_bonus,arima_score
"[3, 20, 21, 22, 26, 40]",5.638888888888889,0.5,lstm,132,4,37,2,"{np.int64(0): 1, np.int64(1): 1, np.int64(2): 3, np.int64(3): 1}",1,0.5555555555555556,1.1,0.0,1.0
"[13, 21, 22, 23, 36, 40]",4.244444444444445,0.5,lstm,155,3,27,3,"{np.int64(1): 1, np.int64(2): 3, np.int64(3): 2}",2,0.5277777777777777,0.9500000000000001,0.0,1.0
"[10, 21, 22, 23, 24, 40]",4.105555555555556,0.5,lstm,140,4,30,3,"{np.int64(0): 1, np.int64(2): 4, np.int64(3): 1}",1,0.4722222222222222,1.1,0.0,1.0
"[11, 21, 22, 24, 27, 40]",5.0455555555555565,0.5,lstm,145,3,29,2,"{np.int64(1): 1, np.int64(2): 4, np.int64(3): 1}",1,0.5722222222222222,1.1,0.0,1.0
"[20, 21, 23, 33, 34, 40]",3.736666666666667,0.5,lstm,171,3,20,2,"{np.int64(1): 1, np.int64(2): 2, np.int64(3): 3}",1,0.55,0.9500000000000001,0.0,1.0
"[10, 20, 21, 23, 29, 40]",4.892222222222222,0.5,lstm,143,3,30,3,"{np.int64(0): 1, np.int64(1): 1, np.int64(2): 3, np.int64(3): 1}",2,0.5222222222222224,1.1,0.0,1.0
