combination,score,svi_score,source,sum_total,even_count,diff_sum,repeats,decades,primes,diversity,filter_reasons,core_bonus,arima_score
"[14, 22, 23, 30, 34, 40]",4.790121212121213,0.5,transformer_fallback,163,5,26,1,"{1: 1, 2: 3, 3: 2}",1,0.6836363636363637,0.85,0.0,1.0
"[1, 2, 9, 16, 30, 32]",5.064848484848485,0.5,transformer_fallback,90,4,31,1,"{0: 3, 1: 1, 2: 1, 3: 1}",1,0.7454545454545455,0.9,0.0,1.0
"[3, 12, 14, 17, 30, 38]",5.865515151515151,0.5,transformer_fallback,114,4,35,0,"{0: 1, 1: 3, 2: 1, 3: 1}",2,0.7054545454545454,1.05,0.0,1.0
"[7, 11, 16, 17, 23, 33]",5.540909090909091,0.5,transformer_fallback,107,1,26,0,"{0: 1, 1: 3, 2: 1, 3: 1}",4,0.7272727272727273,0.95,0.0,1.0
"[14, 15, 19, 23, 25, 35]",4.872787878787879,0.5,transformer_fallback,131,1,21,1,"{1: 3, 2: 2, 3: 1}",2,0.7236363636363636,0.95,0.0,1.0
