combination,score,svi_score,source,sum_total,even_count,diff_sum,repeats,decades,primes,diversity,filter_reasons,core_bonus,arima_score
"[4, 5, 15, 20, 23, 40]",3.700681051064806,0.5,default,107,3,36,0,"{0: 2, 1: 2, 2: 1, 3: 1}",2,1.0,1.05,0.0,0.593692147229648
"[1, 15, 16, 17, 20, 40]",2.503401887485016,0.5,default,109,3,39,0,"{0: 1, 1: 4, 3: 1}",1,1.0,1.05,0.0,0.593692147229648
"[3, 15, 17, 23, 34, 40]",3.6512067054623354,0.5,default,132,2,37,0,"{0: 1, 1: 2, 2: 1, 3: 2}",3,1.0,1.05,0.0,0.593692147229648
