combination,score,svi_score,source,sum_total,even_count,diff_sum,repeats,decades,primes,diversity,filter_reasons,core_bonus,arima_score
"[7, 8, 11, 21, 27, 40]",5.881515151515151,0.5,transformer_fallback,114,2,33,1,"{np.int64(0): 2, np.int64(1): 1, np.int64(2): 2, np.int64(3): 1}",2,0.7454545454545455,1.1,0.0,1.0
"[2, 14, 15, 23, 26, 33]",5.881515151515151,0.5,transformer_fallback,113,3,31,2,"{np.int64(0): 1, np.int64(1): 2, np.int64(2): 2, np.int64(3): 1}",2,0.7454545454545455,1.05,0.0,1.0
"[4, 27, 33, 34, 35, 38]",4.048181818181819,0.5,transformer_fallback,171,3,34,0,"{np.int64(0): 1, np.int64(2): 1, np.int64(3): 4}",0,0.7454545454545455,0.9500000000000001,0.0,1.0
"[4, 11, 17, 23, 30, 32]",6.032181818181818,0.5,transformer_fallback,117,3,28,1,"{np.int64(0): 1, np.int64(1): 2, np.int64(2): 2, np.int64(3): 1}",3,0.7054545454545454,1.05,0.0,1.0
"[3, 6, 14, 17, 32, 40]",5.872787878787879,0.5,transformer_fallback,112,4,37,1,"{np.int64(0): 2, np.int64(1): 2, np.int64(3): 2}",2,0.7236363636363636,1.05,0.0,1.0
