combination,score,svi_score,source,sum_total,even_count,diff_sum,repeats,decades,primes,diversity,filter_reasons,core_bonus,arima_score
"[19, 20, 21, 22, 38, 40]",3.9095238095238094,0.5,lstm,160,4,21,2,"{1: 2, 2: 2, 3: 2}",1,0.3571428571428571,0.9,0.0,1.0
"[7, 20, 21, 22, 23, 40]",4.809047619047619,0.5,lstm,133,3,33,4,"{0: 1, 1: 1, 2: 3, 3: 1}",2,0.3142857142857143,1.0500000000000003,0.0,1.0
"[20, 21, 22, 23, 39, 40]",2.992380952380952,0.5,lstm,165,3,20,3,"{1: 1, 2: 3, 3: 2}",1,0.3142857142857143,0.8500000000000001,0.0,1.0
"[5, 20, 21, 22, 24, 40]",5.576666666666667,0.5,lstm,132,4,35,2,"{0: 1, 1: 1, 2: 3, 3: 1}",1,0.4,1.1,0.0,1.0
"[19, 20, 21, 22, 23, 40]",3.791904761904762,0.5,lstm,145,3,21,3,"{1: 2, 2: 3, 3: 1}",2,0.27142857142857146,0.9500000000000001,0.0,1.0
