combination,score,svi_score,source,sum_total,even_count,diff_sum,repeats,decades,primes,diversity,filter_reasons,core_bonus,arima_score
"[14, 16, 24, 29, 33, 37]",4.972787878787879,0.5,transformer_fallback,153,3,23,1,"{1: 2, 2: 2, 3: 2}",2,0.7236363636363636,0.9,0.0,1.0
"[8, 9, 17, 34, 35, 39]",5.7133939393939395,0.5,transformer_fallback,142,2,31,1,"{0: 2, 1: 1, 3: 3}",1,0.7418181818181818,1.05,0.0,1.0
"[9, 12, 18, 27, 29, 32]",5.707575757575758,0.5,transformer_fallback,127,3,23,2,"{0: 1, 1: 2, 2: 2, 3: 1}",1,0.7272727272727273,1.05,0.0,1.0
"[8, 9, 13, 14, 22, 36]",5.698848484848485,0.5,transformer_fallback,102,4,28,1,"{0: 2, 1: 2, 2: 1, 3: 1}",1,0.7054545454545454,1.1,0.0,1.0
"[14, 20, 25, 26, 27, 37]",5.706121212121213,0.5,transformer_fallback,149,3,23,0,"{1: 2, 2: 3, 3: 1}",1,0.7236363636363636,1.1,0.0,1.0
