combination,score,svi_score,source,sum_total,even_count,diff_sum,repeats,decades,primes,diversity,filter_reasons,core_bonus,arima_score
"[3, 9, 17, 27, 36, 37]",6.290909090909091,0.5,transformer_fallback,129,1,34,0,"{0: 2, 1: 1, 2: 1, 3: 2}",3,0.7272727272727273,0.95,0.0,1.0
"[13, 16, 22, 29, 37, 38]",5.358181818181818,0.5,transformer_fallback,155,3,25,0,"{1: 2, 2: 2, 3: 2}",3,0.6454545454545455,0.9,0.0,1.0
"[7, 13, 20, 29, 37, 38]",5.758181818181818,0.5,transformer_fallback,144,2,31,0,"{0: 1, 1: 2, 2: 1, 3: 2}",4,0.6454545454545455,1.1,0.0,1.0
"[5, 18, 28, 32, 33, 37]",4.9815151515151515,0.5,transformer_fallback,153,3,32,0,"{0: 1, 1: 1, 2: 1, 3: 3}",2,0.7454545454545455,0.9,0.0,1.0
"[3, 8, 11, 24, 34, 38]",5.881515151515151,0.5,transformer_fallback,118,4,35,0,"{0: 2, 1: 1, 2: 1, 3: 2}",2,0.7454545454545455,1.1,0.0,1.0
