combination,score,svi_score,source,sum_total,even_count,diff_sum,repeats,decades,primes,diversity,filter_reasons,core_bonus,arima_score
"[2, 7, 19, 22, 29, 38]",11.096363636363636,0.5,transformer_fallback,117,3,36,2,"{0: 2, 1: 1, 2: 2, 3: 1}",4,0.7454545454545455,1.05,0.0,2.0
"[9, 14, 16, 19, 23, 36]",11.792121212121211,0.5,transformer_fallback,117,3,27,1,"{0: 1, 1: 3, 2: 1, 3: 1}",2,0.7818181818181819,1.05,0.0,2.0
"[3, 4, 25, 27, 30, 38]",11.912242424242425,0.5,transformer_fallback,127,3,35,0,"{0: 2, 2: 3, 3: 1}",1,0.7236363636363636,1.1,0.0,2.0
"[3, 17, 22, 25, 26, 33]",11.745575757575757,0.5,transformer_fallback,126,2,30,0,"{0: 1, 1: 1, 2: 3, 3: 1}",2,0.7236363636363636,1.05,0.0,2.0
"[1, 5, 12, 26, 30, 32]",11.944242424242425,0.5,transformer_fallback,106,4,31,1,"{0: 2, 1: 1, 2: 2, 3: 1}",1,0.7636363636363637,1.1,0.0,2.0
