combination,score,svi_score,source,sum_total,even_count,diff_sum,repeats,decades,primes,diversity,filter_reasons,core_bonus,arima_score
"[10, 13, 16, 27, 32, 39]",5.714848484848485,0.5,transformer_fallback,137,3,29,1,"{0: 1, 1: 2, 2: 1, 3: 2}",1,0.7454545454545455,1.05,0.0,1.0
"[3, 14, 19, 27, 35, 36]",5.872787878787879,0.5,transformer_fallback,134,2,33,2,"{0: 1, 1: 2, 2: 1, 3: 2}",2,0.7236363636363636,1.05,0.0,1.0
"[1, 6, 9, 10, 12, 29]",4.195454545454545,0.5,transformer_fallback,67,3,28,2,"{0: 4, 1: 1, 2: 1}",1,0.696969696969697,0.9500000000000001,0.0,1.0
"[1, 7, 19, 20, 33, 40]",4.888787878787879,0.5,transformer_fallback,120,2,39,2,"{0: 2, 1: 2, 3: 2}",2,0.7636363636363637,1.05,0.0,1.0
"[6, 12, 25, 27, 29, 35]",5.686727272727273,0.5,transformer_fallback,134,2,29,1,"{0: 1, 1: 1, 2: 3, 3: 1}",1,0.6751515151515152,1.1,0.0,1.0
