combination,score,svi_score,source,sum_total,even_count,diff_sum,repeats,decades,primes,diversity,filter_reasons,core_bonus,arima_score
"[3, 11, 28, 30, 34, 37]",6.048181818181818,0.5,transformer_fallback,143,3,34,1,"{0: 1, 1: 1, 2: 2, 3: 2}",3,0.7454545454545455,1.12,0.0,1.0
"[4, 10, 12, 14, 33, 38]",5.555454545454546,0.5,transformer_fallback,111,5,34,2,"{0: 2, 1: 2, 3: 2}",0,0.7636363636363637,1.02,0.0,1.0
"[16, 29, 31, 36, 37, 39]",4.805454545454546,0.5,transformer_fallback,188,2,23,0,"{1: 1, 2: 1, 3: 4}",3,0.7636363636363637,0.92,0.0,1.0
"[2, 3, 12, 16, 19, 23]",3.8821818181818184,0.5,transformer_fallback,75,3,21,0,"{0: 2, 1: 3, 2: 1}",4,0.7054545454545454,0.92,0.0,1.0
"[12, 20, 21, 23, 34, 40]",5.706121212121213,0.5,transformer_fallback,150,4,28,1,"{1: 2, 2: 2, 3: 2}",1,0.7236363636363636,1.12,0.0,1.0
