combination,score,svi_score,source,sum_total,even_count,diff_sum,repeats,decades,primes,diversity,filter_reasons,core_bonus,arima_score
"[4, 7, 11, 16, 22, 40]",5.983333333333333,0.5,default,100,4,36,0,"{0: 2, 1: 2, 2: 1, 3: 1}",2,1.0,1.05,0.0,1.0
"[4, 11, 20, 22, 27, 40]",5.816666666666667,0.5,default,124,4,36,0,"{0: 1, 1: 2, 2: 2, 3: 1}",1,1.0,1.1,0.0,1.0
"[2, 7, 20, 27, 29, 40]",5.15,0.5,default,125,3,38,0,"{0: 2, 1: 1, 2: 2, 3: 1}",3,1.0,1.1,0.0,1.0
"[1, 11, 12, 19, 32, 40]",4.983333333333333,0.5,default,115,3,39,0,"{0: 1, 1: 3, 3: 2}",2,1.0,1.05,0.0,1.0
"[21, 22, 28, 29, 36, 40]",2.566666666666667,0.5,default,176,4,19,0,"{2: 4, 3: 2}",1,1.0,0.875,0.0,1.0
