combination,score,svi_score,source,sum_total,even_count,diff_sum,repeats,decades,primes,diversity,filter_reasons,core_bonus,arima_score
"[1, 6, 9, 29, 34, 36]",5.706121212121213,0.5,transformer_fallback,115,3,35,2,"{np.int64(0): 3, np.int64(2): 1, np.int64(3): 2}",1,0.7236363636363636,1.12,0.0,1.0
"[4, 7, 8, 12, 28, 29]",4.996060606060606,0.5,transformer_fallback,88,4,25,1,"{np.int64(0): 3, np.int64(1): 1, np.int64(2): 2}",2,0.7818181818181819,0.9700000000000001,0.0,1.0
"[3, 6, 9, 14, 25, 35]",4.806121212121213,0.5,transformer_fallback,92,2,32,1,"{np.int64(0): 3, np.int64(1): 1, np.int64(2): 1, np.int64(3): 1}",1,0.7236363636363636,0.9700000000000001,0.0,1.0
"[3, 13, 16, 21, 23, 30]",6.036060606060606,0.5,transformer_fallback,106,2,27,1,"{np.int64(0): 1, np.int64(1): 2, np.int64(2): 3}",3,0.7151515151515152,1.07,0.0,1.0
"[3, 21, 26, 30, 36, 38]",5.045454545454547,0.5,transformer_fallback,154,4,35,1,"{np.int64(0): 1, np.int64(2): 3, np.int64(3): 2}",1,0.696969696969697,0.9700000000000001,0.0,1.0
