combination,score,svi_score,source,sum_total,even_count,diff_sum,repeats,decades,primes,diversity,filter_reasons,core_bonus,arima_score
"[13, 15, 18, 29, 30, 34]",4.8800606060606055,0.5,transformer_fallback,139,3,21,0,"{np.int64(1): 3, np.int64(2): 2, np.int64(3): 1}",2,0.7418181818181818,1.05,0.0,1.0
"[2, 15, 19, 20, 26, 29]",6.0467272727272725,0.5,transformer_fallback,111,3,27,0,"{np.int64(0): 1, np.int64(1): 3, np.int64(2): 2}",3,0.7418181818181818,1.05,0.0,1.0
"[10, 12, 27, 31, 33, 38]",4.802727272727274,0.5,transformer_fallback,151,3,28,0,"{np.int64(0): 1, np.int64(1): 1, np.int64(2): 1, np.int64(3): 3}",1,0.7151515151515152,0.9500000000000001,0.0,1.0
"[10, 12, 14, 22, 26, 33]",5.520060606060606,0.5,transformer_fallback,117,5,23,0,"{np.int64(0): 1, np.int64(1): 2, np.int64(2): 2, np.int64(3): 1}",0,0.6751515151515152,1.0,0.0,1.0
"[10, 11, 17, 18, 22, 39]",5.872787878787879,0.5,transformer_fallback,117,3,29,0,"{np.int64(0): 1, np.int64(1): 3, np.int64(2): 1, np.int64(3): 1}",2,0.7236363636363636,1.05,0.0,1.0
