combination,score,svi_score,source,sum_total,even_count,diff_sum,repeats,decades,primes,diversity,filter_reasons,core_bonus,arima_score
"[4, 7, 8, 23, 27, 37]",6.023454545454546,0.5,transformer_fallback,106,2,33,0,"{0: 3, 2: 2, 3: 1}",3,0.6836363636363637,1.1,0.0,1.0
"[1, 3, 18, 24, 27, 37]",6.122787878787879,0.5,transformer_fallback,110,2,36,0,"{0: 2, 1: 1, 2: 2, 3: 1}",2,0.7236363636363636,1.05,0.0,1.0
"[8, 14, 16, 21, 26, 35]",5.536060606060606,0.5,transformer_fallback,120,4,27,0,"{0: 1, 1: 2, 2: 2, 3: 1}",0,0.7151515151515152,1.05,0.0,1.0
"[7, 13, 14, 26, 35, 37]",6.004060606060606,0.5,transformer_fallback,132,2,30,0,"{0: 1, 1: 2, 2: 1, 3: 2}",3,0.6351515151515151,1.1,0.0,1.0
"[1, 6, 7, 13, 28, 32]",4.972787878787879,0.5,transformer_fallback,87,3,31,0,"{0: 3, 1: 1, 2: 1, 3: 1}",2,0.7236363636363636,0.9500000000000001,0.0,1.0
