combination,score,svi_score,source,sum_total,even_count,diff_sum,repeats,decades,primes,diversity,filter_reasons,core_bonus,arima_score
"[5, 14, 16, 24, 26, 30]",5.702727272727273,0.5,transformer_fallback,115,5,25,0,"{0: 1, 1: 2, 2: 3}",1,0.7151515151515152,0.97,0.0,1.0
"[17, 21, 29, 36, 38, 40]",5.206060606060606,0.5,transformer_fallback,181,3,23,0,"{1: 1, 2: 2, 3: 3}",2,0.6818181818181819,0.92,0.0,1.0
"[7, 10, 14, 16, 24, 40]",5.695454545454545,0.5,transformer_fallback,111,5,33,0,"{0: 2, 1: 2, 2: 1, 3: 1}",1,0.696969696969697,0.97,0.0,1.0
"[7, 8, 11, 25, 27, 28]",4.888787878787879,0.5,transformer_fallback,106,2,21,0,"{0: 2, 1: 1, 2: 3}",2,0.7636363636363637,1.12,0.0,1.0
"[5, 8, 17, 21, 36, 38]",6.098787878787879,0.5,transformer_fallback,125,3,33,0,"{0: 2, 1: 1, 2: 1, 3: 2}",2,0.6636363636363636,1.07,0.0,1.0
