combination,score,svi_score,source,sum_total,even_count,diff_sum,repeats,decades,primes,diversity,filter_reasons,core_bonus,arima_score
"[9, 11, 13, 14, 19, 34]",5.423454545454546,0.5,transformer_fallback,100,2,25,0,"{0: 1, 1: 4, 3: 1}",3,0.6836363636363637,1.07,0.0,1.0
"[1, 14, 18, 19, 29, 37]",6.039454545454546,0.5,transformer_fallback,118,2,36,1,"{0: 1, 1: 3, 2: 1, 3: 1}",3,0.7236363636363636,1.07,0.0,1.0
"[5, 11, 16, 21, 26, 31]",6.0627272727272725,0.5,transformer_fallback,110,2,26,2,"{0: 1, 1: 2, 2: 2, 3: 1}",3,0.7818181818181819,0.9500000000000001,0.0,1.0
"[1, 10, 20, 23, 34, 35]",5.706121212121213,0.5,transformer_fallback,123,3,34,1,"{0: 2, 1: 1, 2: 1, 3: 2}",1,0.7236363636363636,1.12,0.0,1.0
"[14, 20, 33, 34, 39, 40]",3.280727272727273,0.5,transformer_fallback,180,4,26,1,"{1: 2, 3: 4}",0,0.7018181818181818,0.9700000000000001,0.0,1.0
