combination,score,svi_score,source,sum_total,even_count,diff_sum,repeats,decades,primes,diversity,filter_reasons,core_bonus,arima_score
"[15, 23, 28, 32, 36, 40]",2.9652224153451696,0.5,transformer_fallback,174,4,25,0,"{1: 1, 2: 2, 3: 3}",1,0.5696969696969698,0.9,0.0,0.593692147229648
"[5, 8, 24, 28, 37, 40]",3.605690307508062,0.5,transformer_fallback,142,4,35,0,"{0: 2, 2: 2, 3: 2}",2,0.6000000000000001,1.1,0.0,0.593692147229648
"[2, 10, 11, 12, 15, 39]",2.9315798603354897,0.5,transformer_fallback,89,3,37,0,"{0: 2, 1: 3, 3: 1}",2,0.6363636363636365,0.85,0.0,0.593692147229648
