combination,score,svi_score,source,sum_total,even_count,diff_sum,repeats,decades,primes,diversity,filter_reasons,core_bonus,arima_score
"[4, 23, 25, 32, 36, 38]",5.0575757575757585,0.5,transformer_fallback,158,4,34,0,"{0: 1, 2: 2, 3: 3}",1,0.7272727272727273,0.9500000000000001,0.0,1.0
"[2, 7, 30, 38, 39, 40]",4.231515151515152,0.5,transformer_fallback,156,4,38,0,"{0: 2, 2: 1, 3: 3}",2,0.7454545454545455,0.8500000000000001,0.0,1.0
"[1, 14, 26, 33, 34, 36]",5.5467272727272725,0.5,transformer_fallback,144,4,35,0,"{0: 1, 1: 1, 2: 1, 3: 3}",0,0.7418181818181818,1.1,0.0,1.0
"[15, 20, 24, 30, 32, 37]",4.814848484848485,0.5,transformer_fallback,158,4,22,0,"{1: 2, 2: 2, 3: 2}",1,0.7454545454545455,0.9,0.0,1.0
"[4, 10, 26, 29, 30, 34]",5.698848484848485,0.5,transformer_fallback,133,5,30,0,"{0: 2, 2: 3, 3: 1}",1,0.7054545454545454,1.0,0.0,1.0
