combination,score,svi_score,source,sum_total,even_count,diff_sum,repeats,decades,primes,diversity,filter_reasons,core_bonus,arima_score
"[12, 15, 20, 27, 35, 37]",5.686727272727273,0.5,transformer_fallback,146,2,25,1,"{1: 3, 2: 1, 3: 2}",1,0.6751515151515152,1.05,0.0,1.0
"[6, 16, 20, 23, 34, 37]",5.856787878787879,0.5,transformer_fallback,136,4,31,1,"{0: 1, 1: 2, 2: 1, 3: 2}",2,0.6836363636363637,1.05,0.0,1.0
"[10, 20, 22, 25, 36, 40]",4.889454545454546,0.5,transformer_fallback,153,5,30,0,"{0: 1, 1: 1, 2: 2, 3: 2}",0,0.7236363636363636,0.85,0.0,1.0
"[7, 21, 22, 28, 34, 36]",5.706121212121213,0.5,transformer_fallback,148,4,29,1,"{0: 1, 2: 3, 3: 2}",1,0.7236363636363636,1.1,0.0,1.0
"[12, 23, 26, 27, 28, 37]",4.35339393939394,0.5,transformer_fallback,153,3,25,0,"{1: 1, 2: 4, 3: 1}",2,0.6751515151515152,0.9500000000000001,0.0,1.0
