combination,score,svi_score,source,sum_total,even_count,diff_sum,repeats,decades,primes,diversity,filter_reasons,core_bonus,arima_score
"[6, 20, 21, 22, 23, 40]",4.6833333333333345,0.5,lstm,132,4,34,3,"{0: 1, 1: 1, 2: 3, 3: 1}",1,0.41666666666666663,1.1,0.0,1.0
"[17, 20, 21, 23, 24, 40]",5.75,0.5,lstm,145,3,23,2,"{1: 2, 2: 3, 3: 1}",2,0.41666666666666663,1.05,0.0,1.0
"[9, 21, 22, 23, 24, 40]",4.066666666666666,0.5,lstm,139,3,31,3,"{0: 1, 2: 4, 3: 1}",1,0.375,1.1,0.0,1.0
"[21, 22, 24, 25, 37, 40]",1.4499999999999997,0.5,lstm,169,3,19,3,"{2: 4, 3: 2}",1,0.45833333333333337,0.875,0.0,1.0
