combination,score,svi_score,source,sum_total,even_count,diff_sum,repeats,decades,primes,diversity,filter_reasons,core_bonus,arima_score
"[19, 20, 21, 22, 23, 40]",3.7690476190476194,0.5,lstm,145,3,21,3,"{np.int64(1): 2, np.int64(2): 3, np.int64(3): 1}",2,0.2142857142857142,0.9500000000000001,0.0,1.0
"[4, 20, 21, 22, 23, 40]",4.602380952380953,0.5,lstm,130,4,36,3,"{np.int64(0): 1, np.int64(1): 1, np.int64(2): 3, np.int64(3): 1}",1,0.2142857142857142,1.1,0.0,1.0
"[16, 20, 21, 22, 23, 40]",4.602380952380953,0.5,lstm,142,4,24,3,"{np.int64(1): 2, np.int64(2): 3, np.int64(3): 1}",1,0.2142857142857142,1.05,0.0,1.0
"[20, 21, 22, 23, 30, 40]",2.1023809523809525,0.5,lstm,156,4,20,3,"{np.int64(1): 1, np.int64(2): 4, np.int64(3): 1}",1,0.2142857142857143,0.9500000000000001,0.0,1.0
