combination,score,svi_score,source,sum_total,even_count,diff_sum,repeats,decades,primes,diversity,filter_reasons,core_bonus,arima_score
"[1, 2, 13, 34, 37, 38]",13.125454545454545,0.5,transformer_fallback,125,3,37,0,"{0: 2, 1: 1, 3: 3}",3,0.7818181818181819,1.1,0.0,2.0
"[7, 13, 15, 24, 36, 40]",12.277575757575757,0.5,transformer_fallback,135,3,33,1,"{0: 1, 1: 2, 2: 1, 3: 2}",2,0.7636363636363637,1.05,0.0,2.0
"[6, 12, 18, 33, 35, 36]",11.096363636363636,0.5,transformer_fallback,140,4,30,1,"{0: 1, 1: 2, 3: 3}",0,0.7454545454545455,1.05,0.0,2.0
"[4, 6, 8, 9, 10, 25]",4.093454545454546,0.5,transformer_fallback,62,4,21,0,"{0: 5, 2: 1}",0,0.7418181818181818,0.8500000000000001,0.0,2.0
"[5, 8, 10, 22, 32, 35]",11.426787878787879,0.5,transformer_fallback,112,4,30,0,"{0: 3, 2: 1, 3: 2}",1,0.7418181818181818,1.1,0.0,2.0
