combination,score,svi_score,source,sum_total,even_count,diff_sum,repeats,decades,primes,diversity,filter_reasons,core_bonus,arima_score
"[9, 13, 27, 28, 30, 33]",5.662727272727273,0.5,transformer_fallback,140,2,24,1,"{0: 1, 1: 1, 2: 3, 3: 1}",1,0.6151515151515152,1.1,0.0,1.0
"[13, 14, 26, 27, 28, 39]",5.695454545454545,0.5,transformer_fallback,147,3,26,1,"{1: 2, 2: 3, 3: 1}",1,0.696969696969697,1.1,0.0,1.0
"[9, 20, 22, 27, 30, 33]",5.515454545454546,0.5,transformer_fallback,141,3,24,2,"{0: 1, 1: 1, 2: 3, 3: 1}",0,0.6636363636363637,1.1,0.0,1.0
"[2, 19, 23, 24, 35, 38]",6.0627272727272725,0.5,transformer_fallback,141,3,36,0,"{0: 1, 1: 1, 2: 2, 3: 2}",3,0.7818181818181819,1.05,0.0,1.0
"[4, 9, 15, 21, 23, 39]",5.707575757575758,0.5,transformer_fallback,111,1,35,2,"{0: 2, 1: 1, 2: 2, 3: 1}",1,0.7272727272727273,0.95,0.0,1.0
