combination,score,svi_score,source,sum_total,even_count,diff_sum,repeats,decades,primes,diversity,filter_reasons,core_bonus,arima_score
"[19, 20, 21, 22, 26, 40]",4.59,0.5,lstm,148,4,21,0,"{1: 2, 2: 3, 3: 1}",1,0.43333333333333335,1.05,0.0,1.0
"[2, 4, 20, 21, 22, 40]",4.8533333333333335,0.5,lstm,109,5,38,0,"{0: 2, 1: 1, 2: 2, 3: 1}",1,0.46666666666666656,1.0,0.0,1.0
"[20, 21, 22, 23, 33, 40]",3.69,0.5,lstm,159,3,20,0,"{1: 1, 2: 3, 3: 2}",1,0.43333333333333335,0.9500000000000001,0.0,1.0
"[14, 21, 22, 23, 25, 40]",5.027333333333334,0.5,lstm,145,3,26,0,"{1: 1, 2: 4, 3: 1}",1,0.5266666666666666,1.1,0.0,1.0
"[12, 19, 20, 22, 35, 40]",5.6273333333333335,0.5,lstm,148,4,28,0,"{1: 3, 2: 1, 3: 2}",1,0.5266666666666667,1.05,0.0,1.0
