combination,score,svi_score,source,sum_total,even_count,diff_sum,repeats,decades,primes,diversity,filter_reasons,core_bonus,arima_score
"[7, 13, 16, 34, 38, 40]",6.1048484848484845,0.5,transformer_fallback,148,4,33,0,"{0: 1, 1: 2, 3: 3}",2,0.6787878787878788,1.05,0.0,1.0
"[5, 10, 20, 25, 32, 38]",4.822121212121213,0.5,transformer_fallback,130,4,33,3,"{0: 2, 1: 1, 2: 1, 3: 2}",1,0.7636363636363637,1.1,0.0,1.0
"[1, 18, 19, 28, 29, 38]",5.862121212121211,0.5,transformer_fallback,133,3,37,1,"{0: 1, 1: 2, 2: 2, 3: 1}",2,0.696969696969697,1.05,0.0,1.0
"[1, 2, 19, 29, 36, 40]",5.536060606060606,0.5,transformer_fallback,127,3,39,0,"{0: 2, 1: 1, 2: 1, 3: 2}",3,0.7151515151515151,1.05,0.0,1.0
"[6, 9, 13, 16, 34, 35]",5.71,0.5,transformer_fallback,113,3,29,0,"{0: 2, 1: 2, 3: 2}",1,0.7333333333333334,1.05,0.0,1.0
