combination,score,svi_score,source,sum_total,even_count,diff_sum,repeats,decades,primes,diversity,filter_reasons,core_bonus,arima_score
"[8, 10, 17, 22, 30, 34]",5.679454545454545,0.5,transformer_fallback,121,5,26,0,"{0: 2, 1: 1, 2: 2, 3: 1}",1,0.656969696969697,0.95,0.0,1.0
"[9, 13, 23, 24, 34, 40]",5.881515151515151,0.5,transformer_fallback,143,3,31,1,"{0: 1, 1: 1, 2: 2, 3: 2}",2,0.7454545454545455,1.1,0.0,1.0
"[4, 8, 11, 16, 17, 34]",4.962121212121213,0.5,transformer_fallback,90,4,30,0,"{0: 2, 1: 3, 3: 1}",2,0.696969696969697,0.9,0.0,1.0
"[7, 22, 25, 31, 36, 39]",5.238787878787879,0.5,transformer_fallback,160,2,32,1,"{0: 1, 2: 2, 3: 3}",2,0.7636363636363637,0.9500000000000001,0.0,1.0
"[12, 15, 25, 30, 34, 35]",4.632181818181818,0.5,transformer_fallback,151,3,23,2,"{1: 2, 2: 2, 3: 2}",0,0.7054545454545454,0.9,0.0,1.0
