combination,score,svi_score,source,sum_total,even_count,diff_sum,repeats,decades,primes,diversity,filter_reasons,core_bonus,arima_score
"[3, 7, 20, 22, 27, 36]",5.865515151515151,0.5,transformer_fallback,115,3,33,0,"{0: 2, 1: 1, 2: 2, 3: 1}",2,0.7054545454545456,1.12,0.0,1.0
"[6, 10, 25, 26, 27, 32]",5.539454545454546,0.5,transformer_fallback,126,4,26,0,"{0: 2, 2: 3, 3: 1}",0,0.7236363636363636,1.12,0.0,1.0
"[6, 15, 24, 27, 37, 40]",5.9633939393939395,0.5,transformer_fallback,149,3,34,0,"{0: 1, 1: 1, 2: 2, 3: 2}",1,0.7418181818181818,1.07,0.0,1.0
"[8, 11, 12, 13, 18, 36]",4.3960606060606064,0.5,transformer_fallback,98,4,28,0,"{0: 1, 1: 4, 3: 1}",2,0.7818181818181819,0.92,0.0,1.0
"[4, 7, 20, 21, 26, 28]",5.7133939393939395,0.5,transformer_fallback,106,4,24,0,"{0: 2, 1: 1, 2: 3}",1,0.7418181818181818,1.0,0.0,1.0
