combination,score,svi_score,source,sum_total,even_count,diff_sum,repeats,decades,primes,diversity,filter_reasons,core_bonus,arima_score
"[1, 2, 8, 11, 18, 38]",5.222787878787879,0.5,transformer_fallback,78,4,37,1,"{0: 3, 1: 2, 3: 1}",2,0.7236363636363636,0.92,0.0,1.0
"[3, 8, 13, 37, 38, 40]",6.289454545454546,0.5,transformer_fallback,139,3,37,0,"{0: 2, 1: 1, 3: 3}",3,0.7236363636363636,1.12,0.0,1.0
"[12, 20, 27, 29, 30, 31]",4.896060606060606,0.5,transformer_fallback,149,3,19,1,"{1: 2, 2: 3, 3: 1}",2,0.7818181818181819,0.9700000000000001,0.0,1.0
"[6, 9, 18, 29, 37, 39]",6.124242424242424,0.5,transformer_fallback,138,2,33,1,"{0: 2, 1: 1, 2: 1, 3: 2}",2,0.7272727272727273,1.07,0.0,1.0
"[2, 3, 4, 9, 17, 25]",4.798181818181818,0.5,transformer_fallback,60,2,23,1,"{0: 4, 1: 1, 2: 1}",3,0.7454545454545455,0.92,0.0,1.0
