combination,score,svi_score,source,sum_total,even_count,diff_sum,repeats,decades,primes,diversity,filter_reasons,core_bonus,arima_score
"[3, 8, 11, 14, 29, 33]",5.155454545454546,0.5,transformer_fallback,98,2,30,0,"{np.int64(0): 2, np.int64(1): 2, np.int64(2): 1, np.int64(3): 1}",3,0.7636363636363637,0.9500000000000001,0.0,1.0
"[7, 11, 17, 28, 32, 36]",6.0467272727272725,0.5,transformer_fallback,131,3,29,1,"{np.int64(0): 1, np.int64(1): 2, np.int64(2): 1, np.int64(3): 2}",3,0.7418181818181818,1.05,0.0,1.0
"[7, 17, 20, 23, 38, 39]",6.2967272727272725,0.5,transformer_fallback,144,2,32,1,"{np.int64(0): 1, np.int64(1): 2, np.int64(2): 1, np.int64(3): 2}",3,0.7418181818181818,1.05,0.0,1.0
"[9, 12, 14, 25, 27, 39]",5.548181818181818,0.5,transformer_fallback,126,2,30,2,"{np.int64(0): 1, np.int64(1): 2, np.int64(2): 2, np.int64(3): 1}",0,0.7454545454545455,1.1,0.0,1.0
"[1, 5, 9, 10, 16, 26]",4.4793939393939395,0.5,transformer_fallback,67,3,25,0,"{np.int64(0): 4, np.int64(1): 1, np.int64(2): 1}",1,0.7818181818181819,0.9,0.0,1.0
