combination,score,svi_score,source,sum_total,even_count,diff_sum,repeats,decades,primes,diversity,filter_reasons,core_bonus,arima_score
"[13, 20, 32, 33, 39, 40]",6.926787878787878,0.5,transformer_fallback,177,3,27,1,"{1: 2, 3: 4}",1,0.7418181818181818,0.9700000000000001,0.0,2.0
"[1, 2, 3, 20, 23, 25]",10.796363636363637,0.5,transformer_fallback,74,2,24,1,"{0: 3, 1: 1, 2: 2}",3,0.7454545454545455,0.8500000000000001,0.0,2.0
"[3, 4, 12, 15, 24, 27]",10.12678787878788,0.5,transformer_fallback,85,3,24,1,"{0: 2, 1: 2, 2: 2}",1,0.7418181818181818,0.92,0.0,2.0
"[11, 15, 27, 30, 34, 35]",9.641333333333336,0.5,transformer_fallback,152,2,24,2,"{1: 2, 2: 2, 3: 2}",1,0.76,0.92,0.0,2.0
"[2, 9, 26, 31, 32, 33]",11.760121212121211,0.5,transformer_fallback,133,3,31,2,"{0: 2, 2: 1, 3: 3}",2,0.7418181818181818,1.12,0.0,2.0
