combination,score,svi_score,source,sum_total,even_count,diff_sum,repeats,decades,primes,diversity,filter_reasons,core_bonus,arima_score
"[8, 9, 12, 15, 18, 38]",5.532181818181818,0.5,transformer_fallback,100,4,30,0,"{0: 2, 1: 3, 3: 1}",0,0.7054545454545456,1.05,0.0,1.0
"[2, 5, 8, 13, 37, 39]",6.039454545454546,0.5,transformer_fallback,104,2,37,0,"{0: 3, 1: 1, 3: 2}",4,0.7236363636363636,1.1,0.0,1.0
"[12, 22, 26, 28, 34, 35]",4.648181818181818,0.5,transformer_fallback,157,5,23,0,"{1: 1, 2: 3, 3: 2}",0,0.7454545454545455,0.85,0.0,1.0
"[3, 13, 22, 25, 38, 39]",6.122787878787879,0.5,transformer_fallback,140,2,36,0,"{0: 1, 1: 1, 2: 2, 3: 2}",2,0.7236363636363636,1.1,0.0,1.0
"[15, 16, 18, 35, 37, 40]",4.056121212121212,0.5,transformer_fallback,161,3,25,0,"{1: 3, 3: 3}",1,0.7236363636363636,0.9,0.0,1.0
