combination,score,svi_score,source,sum_total,even_count,diff_sum,repeats,decades,primes,diversity,filter_reasons,core_bonus,arima_score
"[13, 20, 21, 22, 23, 40]",3.3911130028664895,0.5,lstm,139,3,27,1,"{1: 2, 2: 3, 3: 1}",2,0.3214285714285714,1.1,0.0,0.593692147229648
"[20, 22, 23, 33, 38, 40]",2.312572268732629,0.5,lstm,176,4,20,1,"{1: 1, 2: 2, 3: 3}",1,0.3214285714285714,0.9500000000000001,0.0,0.593692147229648
"[3, 21, 22, 23, 38, 40]",3.5395360396739015,0.5,lstm,147,3,37,1,"{0: 1, 2: 3, 3: 2}",2,0.3214285714285714,1.1,0.0,0.593692147229648
"[20, 21, 22, 23, 38, 40]",2.287128319565644,0.5,lstm,164,4,20,1,"{1: 1, 2: 3, 3: 2}",1,0.2142857142857143,0.9500000000000001,0.0,0.593692147229648
