combination,score,svi_score,source,sum_total,even_count,diff_sum,repeats,decades,primes,diversity,filter_reasons,core_bonus,arima_score
"[3, 4, 8, 9, 11, 27]",4.615515151515152,0.5,transformer_fallback,62,2,24,0,"{0: 4, 1: 1, 2: 1}",2,0.7054545454545456,0.9700000000000001,0.0,1.0
"[2, 5, 8, 25, 30, 37]",6.273454545454546,0.5,transformer_fallback,107,3,35,0,"{0: 3, 2: 2, 3: 1}",3,0.6836363636363637,1.12,0.0,1.0
"[5, 11, 22, 30, 32, 39]",5.872787878787879,0.5,transformer_fallback,139,3,34,0,"{0: 1, 1: 1, 2: 2, 3: 2}",2,0.7236363636363636,1.12,0.0,1.0
"[2, 3, 15, 18, 21, 37]",5.380727272727273,0.5,transformer_fallback,96,2,35,0,"{0: 2, 1: 2, 2: 1, 3: 1}",3,0.7018181818181818,0.92,0.0,1.0
"[3, 7, 11, 20, 37, 40]",5.773454545454546,0.5,transformer_fallback,118,2,37,0,"{0: 2, 1: 2, 3: 2}",4,0.6836363636363636,1.12,0.0,1.0
