combination,score,svi_score,source,sum_total,even_count,diff_sum,repeats,decades,primes,diversity,filter_reasons,core_bonus,arima_score
"[16, 19, 20, 33, 38, 40]",8.12678787878788,0.5,transformer_fallback,166,4,24,2,"{1: 3, 3: 3}",1,0.7418181818181818,0.92,0.0,2.0
"[6, 7, 9, 11, 30, 37]",12.110909090909091,0.5,transformer_fallback,100,2,31,1,"{0: 3, 1: 1, 2: 1, 3: 1}",3,0.7636363636363637,1.12,0.0,2.0
"[12, 13, 16, 18, 19, 36]",8.506787878787879,0.5,transformer_fallback,114,4,24,2,"{1: 5, 3: 1}",2,0.6751515151515152,0.8500000000000001,0.0,2.0
"[3, 8, 12, 25, 37, 39]",12.277575757575757,0.5,transformer_fallback,124,2,36,0,"{0: 2, 1: 1, 2: 1, 3: 2}",2,0.7636363636363637,1.12,0.0,2.0
"[9, 10, 13, 16, 18, 31]",9.924242424242426,0.5,transformer_fallback,97,3,22,1,"{0: 2, 1: 3, 3: 1}",2,0.696969696969697,0.92,0.0,2.0
