combination,score,svi_score,source,sum_total,even_count,diff_sum,repeats,decades,primes,diversity,filter_reasons,core_bonus,arima_score
"[8, 20, 21, 23, 24, 40]",3.2959337856122133,0.5,lstm,136,4,32,1,"{0: 1, 1: 1, 2: 3, 3: 1}",1,0.3373015873015873,1.1,0.0,0.593692147229648
"[1, 21, 22, 23, 25, 40]",2.3846634580390864,0.5,lstm,132,2,39,2,"{0: 1, 2: 4, 3: 1}",1,0.5,1.1,0.0,0.593692147229648
"[8, 21, 22, 24, 25, 40]",2.8728103346501306,0.5,lstm,140,4,32,2,"{0: 1, 2: 4, 3: 1}",0,0.4722222222222222,1.1,0.0,0.593692147229648
"[20, 21, 23, 24, 25, 40]",1.8051068381244297,0.5,lstm,153,3,20,2,"{1: 1, 2: 4, 3: 1}",1,0.3095238095238094,0.8500000000000001,0.0,0.593692147229648
"[18, 20, 21, 23, 24, 40]",3.3025303650258757,0.5,lstm,146,4,22,1,"{1: 2, 2: 3, 3: 1}",1,0.365079365079365,1.05,0.0,0.593692147229648
"[20, 21, 23, 24, 35, 40]",2.174515285289544,0.5,lstm,163,3,20,1,"{1: 1, 2: 3, 3: 2}",1,0.365079365079365,0.9500000000000001,0.0,0.593692147229648
