combination,score,svi_score,source,sum_total,even_count,diff_sum,repeats,decades,primes,diversity,filter_reasons,core_bonus,arima_score
"[3, 9, 15, 22, 27, 39]",5.722121212121213,0.5,transformer_fallback,115,1,36,1,"{0: 2, 1: 1, 2: 2, 3: 1}",1,0.7636363636363637,0.95,0.0,1.0
"[7, 21, 25, 27, 32, 37]",5.874242424242424,0.5,transformer_fallback,149,1,30,1,"{0: 1, 2: 3, 3: 2}",2,0.7272727272727273,1.0,0.0,1.0
"[10, 16, 21, 33, 34, 35]",5.555454545454546,0.5,transformer_fallback,149,3,25,2,"{0: 1, 1: 1, 2: 1, 3: 3}",0,0.7636363636363637,1.05,0.0,1.0
"[3, 6, 7, 18, 20, 35]",4.9815151515151515,0.5,transformer_fallback,89,3,32,1,"{0: 3, 1: 2, 3: 1}",2,0.7454545454545455,0.9,0.0,1.0
"[2, 8, 19, 23, 36, 37]",5.8127272727272725,0.5,transformer_fallback,125,3,35,0,"{0: 2, 1: 1, 2: 1, 3: 2}",4,0.7818181818181819,1.05,0.0,1.0
