combination,score,svi_score,source,sum_total,even_count,diff_sum,repeats,decades,primes,diversity,filter_reasons,core_bonus,arima_score
"[8, 10, 31, 35, 38, 39]",3.4473939393939395,0.5,transformer_fallback,161,3,31,0,"{0: 2, 3: 4}",1,0.7018181818181819,0.9500000000000001,0.0,1.0
"[5, 14, 15, 17, 25, 37]",6.0627272727272725,0.5,transformer_fallback,113,1,32,1,"{0: 1, 1: 3, 2: 1, 3: 1}",3,0.7818181818181819,0.95,0.0,1.0
"[3, 12, 29, 34, 38, 39]",5.230060606060606,0.5,transformer_fallback,155,3,36,0,"{0: 1, 1: 1, 2: 1, 3: 3}",2,0.7418181818181818,0.9500000000000001,0.0,1.0
"[4, 6, 7, 10, 20, 33]",4.2293939393939395,0.5,transformer_fallback,80,4,29,0,"{0: 4, 1: 1, 3: 1}",1,0.7818181818181819,0.9500000000000001,0.0,1.0
"[9, 25, 26, 35, 36, 39]",4.889454545454546,0.5,transformer_fallback,170,2,30,0,"{0: 1, 2: 2, 3: 3}",0,0.7236363636363636,0.9500000000000001,0.0,1.0
