combination,score,svi_score,source,sum_total,even_count,diff_sum,repeats,decades,primes,diversity,filter_reasons,core_bonus,arima_score
"[7, 11, 22, 27, 31, 33]",12.078909090909091,0.5,transformer_fallback,131,1,26,0,"{0: 1, 1: 1, 2: 2, 3: 2}",3,0.7236363636363636,1.0,0.0,2.0
"[6, 12, 20, 26, 27, 28]",11.093454545454545,0.5,transformer_fallback,119,5,22,0,"{0: 1, 1: 2, 2: 3}",0,0.7418181818181818,1.0,0.0,2.0
"[6, 9, 12, 30, 34, 36]",11.093454545454545,0.5,transformer_fallback,127,5,30,0,"{0: 2, 1: 1, 2: 1, 3: 2}",0,0.7418181818181818,1.0,0.0,2.0
"[7, 14, 16, 30, 33, 39]",11.394787878787879,0.5,transformer_fallback,139,3,32,0,"{0: 1, 1: 2, 2: 1, 3: 2}",1,0.7018181818181818,1.05,0.0,2.0
"[2, 18, 25, 33, 35, 39]",9.62678787878788,0.5,transformer_fallback,152,2,37,0,"{0: 1, 1: 1, 2: 1, 3: 3}",1,0.7418181818181818,0.9,0.0,2.0
