combination,score,svi_score,source,sum_total,even_count,diff_sum,repeats,decades,primes,diversity,filter_reasons,core_bonus,arima_score
"[4, 14, 18, 27, 32, 38]",5.555454545454546,0.5,transformer_fallback,133,5,34,0,"{0: 1, 1: 2, 2: 1, 3: 2}",0,0.7636363636363637,0.95,0.0,1.0
"[1, 7, 11, 21, 23, 27]",4.440909090909091,0.5,transformer_fallback,90,0,26,1,"{0: 2, 1: 1, 2: 3}",3,0.7272727272727273,0.85,0.0,1.0
"[3, 7, 13, 14, 19, 26]",4.639454545454546,0.5,transformer_fallback,82,2,23,2,"{0: 2, 1: 3, 2: 1}",4,0.7236363636363636,0.9,0.0,1.0
"[2, 12, 17, 21, 22, 28]",5.896060606060606,0.5,transformer_fallback,102,4,26,1,"{0: 1, 1: 2, 2: 3}",2,0.7818181818181819,1.05,0.0,1.0
"[7, 13, 20, 25, 30, 34]",5.8800606060606055,0.5,transformer_fallback,129,3,27,1,"{0: 1, 1: 2, 2: 2, 3: 1}",2,0.7418181818181818,1.1,0.0,1.0
