combination,score,svi_score,source,sum_total,even_count,diff_sum,repeats,decades,primes,diversity,filter_reasons,core_bonus,arima_score
"[5, 13, 31, 32, 36, 39]",4.804,0.5,transformer_fallback,156,2,34,1,"{0: 1, 1: 1, 3: 4}",3,0.76,0.9500000000000001,0.0,1.0
"[1, 6, 8, 22, 33, 37]",5.736666666666667,0.5,transformer_fallback,107,3,36,1,"{0: 3, 2: 1, 3: 2}",1,0.8,1.1,0.0,1.0
"[10, 11, 16, 17, 24, 34]",5.887333333333333,0.5,transformer_fallback,112,4,24,1,"{0: 1, 1: 3, 2: 1, 3: 1}",2,0.76,1.05,0.0,1.0
"[9, 13, 23, 27, 35, 36]",5.8800606060606055,0.5,transformer_fallback,143,1,27,1,"{0: 1, 1: 1, 2: 2, 3: 2}",2,0.7418181818181818,1.0,0.0,1.0
"[4, 16, 17, 21, 25, 27]",5.7133939393939395,0.5,transformer_fallback,110,2,23,1,"{0: 1, 1: 2, 2: 3}",1,0.7418181818181818,1.05,0.0,1.0
