combination,score,svi_score,source,sum_total,even_count,diff_sum,repeats,decades,primes,diversity,filter_reasons,core_bonus,arima_score
"[13, 15, 26, 29, 30, 37]",12.078909090909091,0.5,transformer_fallback,150,2,24,0,"{1: 2, 2: 3, 3: 1}",3,0.7236363636363636,1.05,0.0,2.0
"[10, 35, 36, 37, 39, 40]",6.862787878787879,0.5,transformer_fallback,197,3,30,0,"{0: 1, 3: 5}",1,0.6618181818181819,0.8500000000000001,0.0,2.0
"[8, 20, 25, 33, 35, 40]",9.261454545454546,0.5,transformer_fallback,161,3,32,0,"{0: 1, 1: 1, 2: 1, 3: 3}",0,0.7018181818181819,0.9500000000000001,0.0,2.0
"[12, 14, 22, 33, 36, 37]",10.09769696969697,0.5,transformer_fallback,154,4,25,0,"{1: 2, 2: 1, 3: 3}",1,0.7054545454545454,0.9500000000000001,0.0,2.0
"[5, 8, 15, 31, 37, 40]",12.529454545454545,0.5,transformer_fallback,136,2,35,0,"{0: 2, 1: 1, 3: 3}",3,0.6618181818181819,1.05,0.0,2.0
