combination,score,svi_score,source,sum_total,even_count,diff_sum,repeats,decades,primes,diversity,filter_reasons,core_bonus,arima_score
"[1, 4, 6, 7, 33, 40]",2.444,0.5,transformer_fallback,91,3,39,0,"{0: 4, 3: 2}",1,0.6933333333333334,0.9500000000000001,0.0,1.0
"[17, 20, 29, 30, 32, 37]",4.139454545454546,0.5,transformer_fallback,165,3,20,0,"{1: 2, 2: 2, 3: 2}",3,0.7236363636363636,0.9,0.0,1.0
"[1, 2, 8, 27, 32, 40]",4.956121212121213,0.5,transformer_fallback,110,4,39,0,"{0: 3, 2: 1, 3: 2}",1,0.7236363636363636,1.1,0.0,1.0
"[4, 6, 17, 23, 29, 40]",6.012787878787879,0.5,transformer_fallback,119,3,36,1,"{0: 2, 1: 1, 2: 2, 3: 1}",3,0.656969696969697,1.05,0.0,1.0
"[14, 17, 21, 28, 31, 34]",4.888787878787879,0.5,transformer_fallback,145,3,20,1,"{1: 2, 2: 2, 3: 2}",2,0.7636363636363637,1.05,0.0,1.0
