combination,score,svi_score,source,sum_total,even_count,diff_sum,repeats,decades,primes,diversity,filter_reasons,core_bonus,arima_score
"[8, 9, 24, 30, 32, 33]",5.555454545454546,0.5,transformer_fallback,136,4,25,0,"{0: 2, 2: 2, 3: 2}",0,0.7636363636363637,1.1,0.0,1.0
"[3, 4, 26, 28, 32, 38]",5.929454545454545,0.5,transformer_fallback,131,5,35,1,"{0: 2, 2: 2, 3: 2}",1,0.656969696969697,1.0,0.0,1.0
"[3, 7, 9, 29, 38, 40]",6.282181818181818,0.5,transformer_fallback,126,2,37,2,"{0: 3, 2: 1, 3: 2}",3,0.7054545454545454,1.1,0.0,1.0
"[4, 12, 23, 29, 31, 35]",6.048181818181818,0.5,transformer_fallback,134,2,31,0,"{0: 1, 1: 1, 2: 2, 3: 2}",3,0.7454545454545455,1.1,0.0,1.0
"[4, 19, 21, 22, 28, 38]",5.695454545454545,0.5,transformer_fallback,132,4,34,0,"{0: 1, 1: 1, 2: 3, 3: 1}",1,0.696969696969697,1.05,0.0,1.0
