combination,score,svi_score,source,sum_total,even_count,diff_sum,repeats,decades,primes,diversity,filter_reasons,core_bonus,arima_score
"[9, 24, 31, 34, 39, 40]",4.4793939393939395,0.5,transformer_fallback,177,3,31,0,"{0: 1, 2: 1, 3: 4}",1,0.7818181818181819,0.9500000000000001,0.0,1.0
"[2, 4, 9, 25, 28, 37]",6.1300606060606055,0.5,transformer_fallback,105,3,35,0,"{0: 3, 2: 2, 3: 1}",2,0.7418181818181818,1.1,0.0,1.0
"[2, 5, 19, 23, 26, 28]",5.7967272727272725,0.5,transformer_fallback,103,3,26,0,"{0: 2, 1: 1, 2: 3}",4,0.7418181818181818,1.05,0.0,1.0
"[1, 11, 13, 16, 27, 30]",4.996060606060606,0.5,transformer_fallback,98,2,29,2,"{0: 1, 1: 3, 2: 2}",2,0.7818181818181819,0.9,0.0,1.0
"[5, 7, 14, 15, 16, 33]",4.988787878787879,0.5,transformer_fallback,90,2,28,2,"{0: 2, 1: 3, 3: 1}",2,0.7636363636363637,0.9,0.0,1.0
