combination,score,svi_score,source,sum_total,even_count,diff_sum,repeats,decades,primes,diversity,filter_reasons,core_bonus,arima_score
"[2, 3, 6, 19, 23, 30]",4.862787878787879,0.5,transformer_fallback,83,3,28,0,"{0: 3, 1: 1, 2: 2}",4,0.656969696969697,0.92,0.0,1.0
"[2, 23, 27, 33, 36, 40]",4.205333333333334,0.5,transformer_fallback,161,3,38,0,"{0: 1, 2: 2, 3: 3}",2,0.68,0.9700000000000001,0.0,1.0
"[2, 10, 11, 15, 26, 33]",4.972787878787879,0.5,transformer_fallback,97,3,31,0,"{0: 2, 1: 2, 2: 1, 3: 1}",2,0.7236363636363636,0.92,0.0,1.0
"[2, 3, 6, 20, 31, 36]",5.354060606060607,0.5,transformer_fallback,98,4,34,0,"{0: 3, 1: 1, 3: 2}",3,0.6351515151515151,0.9700000000000001,0.0,1.0
"[5, 6, 7, 12, 22, 31]",5.146727272727273,0.5,transformer_fallback,83,3,26,0,"{0: 3, 1: 1, 2: 1, 3: 1}",3,0.7418181818181818,0.9700000000000001,0.0,1.0
