combination,score,svi_score,source,sum_total,even_count,diff_sum,repeats,decades,primes,diversity,filter_reasons,core_bonus,arima_score
"[19, 21, 22, 26, 28, 40]",3.1,0.5,lstm,156,4,21,2,"{1: 1, 2: 4, 3: 1}",1,0.45833333333333337,0.9,0.0,1.0
"[17, 19, 20, 21, 23, 40]",5.95,0.5,lstm,140,2,23,2,"{1: 3, 2: 2, 3: 1}",3,0.5,1.05,0.0,1.0
"[1, 20, 21, 22, 34, 40]",4.433333333333334,0.5,lstm,138,4,39,2,"{0: 1, 1: 1, 2: 2, 3: 2}",0,0.45833333333333337,1.1,0.0,1.0
"[20, 21, 22, 25, 26, 40]",2.9166666666666665,0.5,lstm,154,4,20,2,"{1: 1, 2: 4, 3: 1}",0,0.41666666666666674,0.8500000000000001,0.0,1.0
