combination,score,svi_score,source,sum_total,even_count,diff_sum,repeats,decades,primes,diversity,filter_reasons,core_bonus,arima_score
"[20, 21, 22, 32, 34, 40]",3.5,0.5,lstm,169,5,20,2,"{1: 1, 2: 2, 3: 3}",0,0.375,0.85,0.0,1.0
"[20, 21, 22, 23, 38, 40]",2.995238095238095,0.5,lstm,164,4,20,3,"{1: 1, 2: 3, 3: 2}",1,0.3214285714285714,0.9500000000000001,0.0,1.0
"[20, 21, 22, 23, 37, 40]",3.1619047619047618,0.5,lstm,163,3,20,4,"{1: 1, 2: 3, 3: 2}",2,0.3214285714285714,0.9000000000000001,0.0,1.0
"[20, 21, 22, 24, 27, 40]",2.9,0.5,lstm,154,4,20,2,"{1: 1, 2: 4, 3: 1}",0,0.375,0.8500000000000001,0.0,1.0
