combination,score,svi_score,source,sum_total,even_count,diff_sum,repeats,decades,primes,diversity,filter_reasons,core_bonus,arima_score
"[7, 9, 21, 25, 28, 32]",11.415151515151516,0.5,transformer_fallback,122,2,25,1,"{0: 2, 2: 3, 3: 1}",1,0.7272727272727273,1.1,0.0,2.0
"[1, 7, 15, 18, 35, 40]",9.35890909090909,0.5,transformer_fallback,116,2,39,0,"{0: 2, 1: 2, 3: 2}",1,0.656969696969697,1.05,0.0,2.0
"[2, 8, 24, 27, 32, 35]",9.612242424242426,0.5,transformer_fallback,128,4,33,3,"{0: 2, 2: 2, 3: 2}",1,0.7236363636363636,1.1,0.0,2.0
"[1, 5, 7, 16, 34, 40]",10.238787878787878,0.5,transformer_fallback,103,3,39,0,"{0: 3, 1: 1, 3: 2}",2,0.7151515151515151,1.05,0.0,2.0
"[6, 8, 15, 17, 18, 32]",7.794787878787878,0.5,transformer_fallback,96,4,26,3,"{0: 2, 1: 3, 3: 1}",1,0.7018181818181818,0.9,0.0,2.0
