combination,score,svi_score,source,sum_total,even_count,diff_sum,repeats,decades,primes,diversity,filter_reasons,core_bonus,arima_score
"[8, 9, 10, 20, 23, 35]",5.6973939393939395,0.5,transformer_fallback,105,3,27,1,"{0: 3, 1: 1, 2: 1, 3: 1}",1,0.7018181818181819,1.1,0.0,1.0
"[7, 14, 16, 21, 27, 29]",5.8800606060606055,0.5,transformer_fallback,114,2,22,1,"{0: 1, 1: 2, 2: 3}",2,0.7418181818181818,1.05,0.0,1.0
"[1, 9, 20, 27, 28, 33]",5.5307272727272725,0.5,transformer_fallback,118,2,32,1,"{0: 2, 1: 1, 2: 2, 3: 1}",0,0.7018181818181818,1.1,0.0,1.0
"[6, 10, 12, 18, 23, 36]",5.720666666666667,0.5,transformer_fallback,105,5,30,2,"{0: 2, 1: 2, 2: 1, 3: 1}",1,0.76,0.95,0.0,1.0
"[1, 5, 7, 9, 21, 38]",4.614060606060606,0.5,transformer_fallback,81,1,37,1,"{0: 4, 2: 1, 3: 1}",2,0.7018181818181818,0.85,0.0,1.0
