combination,score,svi_score,source,sum_total,even_count,diff_sum,repeats,decades,primes,diversity,filter_reasons,core_bonus,arima_score
"[19, 21, 22, 23, 31, 40]",2.3893753004774165,0.5,lstm,156,2,21,1,"{1: 1, 2: 3, 3: 2}",3,0.4365079365079365,0.9,0.0,0.593692147229648
"[20, 21, 22, 24, 26, 40]",1.7447952549137988,0.5,lstm,153,5,20,2,"{1: 1, 2: 4, 3: 1}",0,0.4722222222222222,0.75,0.0,0.593692147229648
"[17, 20, 22, 23, 24, 40]",3.433519584811464,0.5,lstm,146,4,23,1,"{1: 2, 2: 3, 3: 1}",2,0.5,1.05,0.0,0.593692147229648
"[19, 21, 22, 24, 35, 40]",2.191477918067534,0.5,lstm,161,3,21,1,"{1: 1, 2: 3, 3: 2}",1,0.4365079365079365,0.9,0.0,0.593692147229648
"[13, 19, 21, 22, 24, 40]",3.4184416890088065,0.5,lstm,139,3,27,1,"{1: 2, 2: 3, 3: 1}",2,0.4365079365079365,1.05,0.0,0.593692147229648
"[19, 20, 22, 23, 31, 40]",2.39597187989108,0.5,lstm,155,3,21,1,"{1: 2, 2: 2, 3: 2}",3,0.4642857142857143,0.9,0.0,0.593692147229648
