combination,score,svi_score,source,sum_total,even_count,diff_sum,repeats,decades,primes,diversity,filter_reasons,core_bonus,arima_score
"[6, 13, 33, 34, 36, 39]",4.464848484848485,0.5,transformer_fallback,161,3,33,0,"{0: 1, 1: 1, 3: 4}",1,0.7454545454545455,0.9500000000000001,0.0,1.0
"[1, 2, 7, 10, 19, 32]",4.805454545454546,0.5,transformer_fallback,71,3,31,0,"{0: 4, 1: 1, 3: 1}",3,0.7636363636363637,0.9,0.0,1.0
"[13, 25, 26, 27, 35, 40]",4.822121212121213,0.5,transformer_fallback,166,2,27,0,"{1: 1, 2: 3, 3: 2}",1,0.7636363636363637,0.9500000000000001,0.0,1.0
"[6, 8, 12, 30, 31, 32]",5.706121212121213,0.5,transformer_fallback,119,5,26,0,"{0: 2, 1: 1, 2: 1, 3: 2}",1,0.7236363636363636,1.0,0.0,1.0
"[5, 12, 24, 25, 32, 33]",5.698848484848485,0.5,transformer_fallback,131,3,28,0,"{0: 1, 1: 1, 2: 2, 3: 2}",1,0.7054545454545454,1.1,0.0,1.0
