combination,score,svi_score,source,sum_total,even_count,diff_sum,repeats,decades,primes,diversity,filter_reasons,core_bonus,arima_score
"[15, 22, 23, 25, 32, 36]",3.8046666666666664,0.5,transformer_fallback,153,3,21,1,"{1: 1, 2: 3, 3: 2}",1,0.72,0.9,0.0,1.0
"[3, 4, 9, 12, 32, 36]",5.04739393939394,0.5,transformer_fallback,96,4,33,1,"{0: 3, 1: 1, 3: 2}",1,0.7018181818181819,0.9500000000000001,0.0,1.0
"[4, 14, 23, 31, 32, 37]",6.038,0.5,transformer_fallback,141,3,33,0,"{0: 1, 1: 1, 2: 1, 3: 3}",3,0.72,1.1,0.0,1.0
"[10, 11, 13, 21, 28, 30]",4.896060606060606,0.5,transformer_fallback,113,3,20,1,"{0: 1, 1: 2, 2: 3}",2,0.7818181818181819,1.1,0.0,1.0
"[10, 12, 16, 17, 19, 38]",5.288787878787879,0.5,transformer_fallback,112,4,28,2,"{0: 1, 1: 4, 3: 1}",2,0.7636363636363637,0.9500000000000001,0.0,1.0
