combination,score,svi_score,source,sum_total,even_count,diff_sum,repeats,decades,primes,diversity,filter_reasons,core_bonus,arima_score
"[10, 13, 17, 24, 33, 39]",5.881515151515151,0.5,transformer_fallback,136,2,29,1,"{0: 1, 1: 2, 2: 1, 3: 2}",2,0.7454545454545455,1.05,0.0,1.0
"[10, 14, 15, 22, 26, 34]",5.555454545454546,0.5,transformer_fallback,121,5,24,1,"{0: 1, 1: 2, 2: 2, 3: 1}",0,0.7636363636363637,0.95,0.0,1.0
"[9, 18, 19, 29, 31, 39]",6.0467272727272725,0.5,transformer_fallback,145,1,30,2,"{0: 1, 1: 2, 2: 1, 3: 2}",3,0.7418181818181818,0.95,0.0,1.0
"[2, 9, 18, 32, 38, 40]",4.9633939393939395,0.5,transformer_fallback,139,5,38,2,"{0: 2, 1: 1, 3: 3}",1,0.7418181818181818,0.95,0.0,1.0
"[11, 17, 21, 23, 34, 40]",6.048181818181818,0.5,transformer_fallback,146,2,29,0,"{1: 2, 2: 2, 3: 2}",3,0.7454545454545455,1.05,0.0,1.0
