combination,score,svi_score,source,sum_total,even_count,diff_sum,repeats,decades,primes,diversity,filter_reasons,core_bonus,arima_score
"[9, 19, 25, 30, 33, 34]",5.722121212121213,0.5,transformer_fallback,150,2,25,0,"{0: 1, 1: 1, 2: 2, 3: 2}",1,0.7636363636363637,1.05,0.0,1.0
"[2, 5, 15, 18, 33, 35]",6.115515151515151,0.5,transformer_fallback,108,2,33,0,"{0: 2, 1: 2, 3: 2}",2,0.7054545454545456,1.05,0.0,1.0
"[2, 13, 17, 35, 37, 38]",5.770060606060606,0.5,transformer_fallback,142,2,36,0,"{0: 1, 1: 2, 3: 3}",4,0.6751515151515152,1.05,0.0,1.0
"[8, 10, 13, 26, 31, 33]",5.874242424242424,0.5,transformer_fallback,121,3,25,0,"{0: 2, 1: 1, 2: 1, 3: 2}",2,0.7272727272727273,1.1,0.0,1.0
"[5, 13, 23, 36, 37, 38]",4.878787878787879,0.5,transformer_fallback,152,2,33,0,"{0: 1, 1: 1, 2: 1, 3: 3}",4,0.696969696969697,0.9500000000000001,0.0,1.0
