combination,score,svi_score,source,sum_total,even_count,diff_sum,repeats,decades,primes,diversity,filter_reasons,core_bonus,arima_score
"[9, 12, 13, 27, 29, 31]",6.048181818181818,0.5,transformer_fallback,121,1,22,0,"{0: 1, 1: 2, 2: 2, 3: 1}",3,0.7454545454545455,1.02,0.0,1.0
"[10, 19, 29, 32, 35, 38]",4.96939393939394,0.5,transformer_fallback,163,3,28,0,"{0: 1, 1: 1, 2: 1, 3: 3}",2,0.7151515151515152,0.92,0.0,1.0
"[12, 21, 23, 33, 39, 40]",5.072121212121213,0.5,transformer_fallback,168,2,28,0,"{1: 1, 2: 2, 3: 3}",1,0.7636363636363637,0.9700000000000001,0.0,1.0
"[8, 28, 32, 35, 38, 39]",4.286060606060607,0.5,transformer_fallback,180,4,31,0,"{0: 1, 2: 1, 3: 4}",0,0.7151515151515151,0.9700000000000001,0.0,1.0
"[2, 4, 16, 25, 31, 34]",6.146060606060606,0.5,transformer_fallback,112,4,32,0,"{0: 2, 1: 1, 2: 1, 3: 2}",2,0.7818181818181819,1.07,0.0,1.0
