combination,score,svi_score,source,sum_total,even_count,diff_sum,repeats,decades,primes,diversity,filter_reasons,core_bonus,arima_score
"[2, 4, 6, 7, 28, 34]",4.606060606060606,0.5,transformer_fallback,81,5,32,2,"{0: 4, 2: 1, 3: 1}",2,0.6818181818181819,0.85,0.0,1.0
"[8, 18, 23, 24, 35, 39]",5.706121212121213,0.5,transformer_fallback,147,3,31,0,"{0: 1, 1: 1, 2: 2, 3: 2}",1,0.7236363636363636,1.05,0.0,1.0
"[7, 22, 26, 35, 39, 40]",5.040121212121213,0.5,transformer_fallback,169,3,33,1,"{0: 1, 2: 2, 3: 3}",1,0.6836363636363636,0.9500000000000001,0.0,1.0
"[4, 6, 27, 28, 34, 35]",5.515454545454546,0.5,transformer_fallback,134,4,31,2,"{0: 2, 2: 2, 3: 2}",0,0.6636363636363636,1.1,0.0,1.0
"[9, 26, 29, 30, 32, 39]",4.81339393939394,0.5,transformer_fallback,165,3,30,1,"{0: 1, 2: 3, 3: 2}",1,0.7418181818181818,0.9500000000000001,0.0,1.0
