combination,score,svi_score,source,sum_total,even_count,diff_sum,repeats,decades,primes,diversity,filter_reasons,core_bonus,arima_score
"[2, 4, 9, 11, 15, 23]",4.381818181818183,0.5,transformer_fallback,64,2,21,0,"{0: 3, 1: 2, 2: 1}",3,0.7045454545454546,0.85,0.0,1.0
"[4, 5, 12, 14, 33, 36]",5.948484848484849,0.5,transformer_fallback,104,4,32,0,"{0: 2, 1: 2, 3: 2}",1,0.7045454545454546,1.1,0.0,1.0
"[1, 2, 6, 13, 17, 24]",5.3909090909090915,0.5,transformer_fallback,63,3,23,0,"{0: 3, 1: 2, 2: 1}",3,0.7272727272727273,0.85,0.0,1.0
"[7, 10, 12, 22, 30, 35]",5.707575757575758,0.5,transformer_fallback,116,4,28,0,"{0: 2, 1: 1, 2: 2, 3: 1}",1,0.7272727272727273,1.1,0.0,1.0
