combination,score,svi_score,source,sum_total,even_count,diff_sum,repeats,decades,primes,diversity,filter_reasons,core_bonus,arima_score
"[9, 13, 25, 36, 37, 39]",10.463030303030303,0.5,transformer_fallback,159,1,30,0,"{0: 1, 1: 1, 2: 1, 3: 3}",2,0.7454545454545455,0.85,0.0,2.0
"[4, 21, 23, 24, 29, 39]",10.513575757575758,0.5,transformer_fallback,140,2,35,0,"{0: 1, 2: 4, 3: 1}",2,0.6836363636363637,1.1,0.0,2.0
"[4, 18, 27, 34, 39, 40]",9.764363636363637,0.5,transformer_fallback,162,4,36,1,"{0: 1, 1: 1, 2: 1, 3: 3}",0,0.7054545454545454,0.9,0.0,2.0
"[11, 17, 21, 23, 25, 34]",12.078909090909091,0.5,transformer_fallback,131,1,23,1,"{1: 2, 2: 3, 3: 1}",3,0.7236363636363636,0.95,0.0,2.0
"[2, 4, 6, 20, 26, 38]",8.744242424242426,0.5,transformer_fallback,96,6,36,0,"{0: 3, 1: 1, 2: 1, 3: 1}",1,0.7636363636363637,0.85,0.0,2.0
