combination,score,svi_score,source,sum_total,even_count,diff_sum,repeats,decades,primes,diversity,filter_reasons,core_bonus,arima_score
"[6, 11, 21, 30, 34, 36]",5.722121212121213,0.5,transformer_fallback,138,4,30,0,"{0: 1, 1: 1, 2: 2, 3: 2}",1,0.7636363636363637,1.1,0.0,1.0
"[2, 4, 5, 14, 28, 34]",5.238787878787879,0.5,transformer_fallback,87,5,32,0,"{0: 3, 1: 1, 2: 1, 3: 1}",2,0.7636363636363637,0.85,0.0,1.0
"[8, 9, 11, 15, 31, 37]",6.028787878787879,0.5,transformer_fallback,111,1,29,0,"{0: 2, 1: 2, 3: 2}",3,0.696969696969697,0.95,0.0,1.0
"[8, 20, 28, 31, 35, 37]",4.95339393939394,0.5,transformer_fallback,159,3,29,0,"{0: 1, 1: 1, 2: 1, 3: 3}",2,0.6751515151515152,0.9500000000000001,0.0,1.0
"[1, 3, 24, 31, 35, 39]",5.1300606060606055,0.5,transformer_fallback,133,1,38,0,"{0: 2, 2: 1, 3: 3}",2,0.7418181818181818,1.0,0.0,1.0
