combination,score,svi_score,source,sum_total,even_count,diff_sum,repeats,decades,primes,diversity,filter_reasons,core_bonus,arima_score
"[6, 12, 21, 28, 32, 39]",5.523454545454546,0.5,transformer_fallback,138,4,33,0,"{np.int64(0): 1, np.int64(1): 1, np.int64(2): 2, np.int64(3): 2}",0,0.6836363636363637,1.1,0.0,1.0
"[16, 17, 28, 29, 33, 36]",3.9742424242424246,0.5,transformer_fallback,159,3,20,2,"{np.int64(1): 2, np.int64(2): 2, np.int64(3): 2}",2,0.7272727272727273,0.9,0.0,1.0
"[12, 15, 16, 25, 34, 40]",5.5215151515151515,0.5,transformer_fallback,142,4,28,1,"{np.int64(1): 3, np.int64(2): 1, np.int64(3): 2}",0,0.6787878787878788,1.05,0.0,1.0
"[10, 12, 25, 28, 34, 37]",5.670727272727273,0.5,transformer_fallback,146,4,27,2,"{np.int64(0): 1, np.int64(1): 1, np.int64(2): 2, np.int64(3): 2}",1,0.6351515151515151,1.1,0.0,1.0
"[7, 11, 12, 26, 27, 28]",4.856787878787879,0.5,transformer_fallback,111,3,21,0,"{np.int64(0): 1, np.int64(1): 2, np.int64(2): 3}",2,0.6836363636363636,1.1,0.0,1.0
