combination,score,svi_score,source,sum_total,even_count,diff_sum,repeats,decades,primes,diversity,filter_reasons,core_bonus,arima_score
"[13, 17, 19, 20, 25, 40]",3.205277937098733,0.5,lstm,134,2,27,2,"{1: 4, 2: 1, 3: 1}",3,0.6222222222222222,1.05,0.0,0.593692147229648
"[12, 16, 19, 21, 24, 40]",3.309692365532138,0.5,lstm,132,4,28,1,"{1: 3, 2: 2, 3: 1}",1,0.3952380952380953,1.05,0.0,0.593692147229648
"[13, 16, 19, 21, 24, 40]",3.394882476817154,0.5,lstm,133,3,27,1,"{1: 3, 2: 2, 3: 1}",2,0.3373015873015873,1.05,0.0,0.593692147229648
"[13, 16, 19, 22, 24, 40]",3.403363793206149,0.5,lstm,134,4,27,1,"{1: 3, 2: 2, 3: 1}",2,0.373015873015873,1.05,0.0,0.593692147229648
"[14, 16, 19, 22, 24, 40]",3.309692365532138,0.5,lstm,135,5,26,1,"{1: 3, 2: 2, 3: 1}",1,0.3952380952380953,0.95,0.0,0.593692147229648
"[14, 16, 19, 21, 24, 40]",3.3012110491431432,0.5,lstm,134,4,26,1,"{1: 3, 2: 2, 3: 1}",1,0.35952380952380947,1.05,0.0,0.593692147229648
