combination,score,svi_score,source,sum_total,even_count,diff_sum,repeats,decades,primes,diversity,filter_reasons,core_bonus,arima_score
"[5, 9, 12, 22, 24, 37]",5.856787878787879,0.5,transformer_fallback,109,3,32,0,"{0: 2, 1: 1, 2: 2, 3: 1}",2,0.6836363636363637,1.1,0.0,1.0
"[3, 5, 16, 33, 34, 37]",6.2967272727272725,0.5,transformer_fallback,128,2,34,0,"{0: 2, 1: 1, 3: 3}",3,0.7418181818181818,1.05,0.0,1.0
"[2, 12, 21, 23, 31, 35]",6.055454545454546,0.5,transformer_fallback,124,2,33,0,"{0: 1, 1: 1, 2: 2, 3: 2}",3,0.7636363636363637,1.1,0.0,1.0
"[1, 7, 8, 22, 30, 40]",4.7133939393939395,0.5,transformer_fallback,108,4,39,0,"{0: 3, 2: 2, 3: 1}",1,0.7418181818181818,1.1,0.0,1.0
"[4, 8, 21, 22, 27, 37]",5.690121212121213,0.5,transformer_fallback,119,3,33,0,"{0: 2, 2: 3, 3: 1}",1,0.6836363636363636,1.1,0.0,1.0
