combination,score,svi_score,source,sum_total,even_count,diff_sum,repeats,decades,primes,diversity,filter_reasons,core_bonus,arima_score
"[11, 15, 16, 26, 35, 39]",5.686727272727273,0.5,transformer_fallback,142,2,28,2,"{1: 3, 2: 1, 3: 2}",1,0.6751515151515152,1.05,0.0,1.0
"[6, 12, 14, 17, 25, 35]",5.706121212121213,0.5,transformer_fallback,109,3,29,1,"{0: 1, 1: 3, 2: 1, 3: 1}",1,0.7236363636363636,1.05,0.0,1.0
"[4, 19, 23, 25, 35, 39]",5.8480606060606055,0.5,transformer_fallback,145,1,35,1,"{0: 1, 1: 1, 2: 2, 3: 2}",2,0.6618181818181819,0.95,0.0,1.0
"[5, 11, 15, 16, 19, 37]",4.9360606060606065,0.5,transformer_fallback,103,1,32,2,"{0: 1, 1: 4, 3: 1}",4,0.7151515151515151,0.95,0.0,1.0
"[1, 23, 25, 30, 32, 33]",5.7133939393939395,0.5,transformer_fallback,144,2,32,1,"{0: 1, 2: 3, 3: 2}",1,0.7418181818181818,1.1,0.0,1.0
