combination,score,svi_score,source,sum_total,even_count,diff_sum,repeats,decades,primes,diversity,filter_reasons,core_bonus,arima_score
"[20, 21, 22, 34, 39, 40]",3.808888888888889,0.5,lstm,176,4,20,2,"{1: 1, 2: 2, 3: 3}",0,0.5222222222222224,0.9500000000000001,0.0,1.0
"[7, 11, 21, 22, 23, 40]",5.03888888888889,0.5,lstm,124,2,33,4,"{0: 1, 1: 1, 2: 3, 3: 1}",3,0.4722222222222222,1.0500000000000003,0.0,1.0
"[9, 21, 23, 24, 33, 40]",5.625555555555556,0.5,lstm,150,2,31,2,"{0: 1, 2: 3, 3: 2}",1,0.5222222222222221,1.1,0.0,1.0
"[21, 22, 23, 24, 29, 40]",1.361111111111111,0.5,lstm,159,3,19,4,"{2: 5, 3: 1}",2,0.44444444444444453,0.6250000000000001,0.0,1.0
"[9, 20, 21, 22, 23, 40]",4.66904761904762,0.5,lstm,135,3,31,3,"{0: 1, 1: 1, 2: 3, 3: 1}",1,0.38095238095238093,1.1,0.0,1.0
"[5, 20, 21, 22, 23, 40]",4.846825396825397,0.5,lstm,131,3,35,3,"{0: 1, 1: 1, 2: 3, 3: 1}",2,0.4087301587301587,1.1,0.0,1.0
