combination,score,svi_score,source,sum_total,even_count,diff_sum,repeats,decades,primes,diversity,filter_reasons,core_bonus,arima_score
"[4, 5, 14, 17, 24, 30]",5.238787878787879,0.5,transformer_fallback,94,4,26,0,"{0: 2, 1: 2, 2: 2}",2,0.7636363636363637,0.92,0.0,1.0
"[8, 16, 26, 27, 29, 34]",5.736666666666667,0.5,transformer_fallback,140,4,26,0,"{0: 1, 1: 1, 2: 3, 3: 1}",1,0.8,1.07,0.0,1.0
"[3, 9, 11, 12, 31, 37]",5.5467272727272725,0.5,transformer_fallback,103,1,34,0,"{0: 2, 1: 2, 3: 2}",4,0.7418181818181818,1.02,0.0,1.0
"[4, 9, 12, 19, 22, 38]",5.706121212121213,0.5,transformer_fallback,104,4,34,0,"{0: 2, 1: 2, 2: 1, 3: 1}",1,0.7236363636363636,1.07,0.0,1.0
"[2, 11, 14, 20, 22, 40]",4.881515151515151,0.5,transformer_fallback,109,5,38,0,"{0: 1, 1: 3, 2: 1, 3: 1}",2,0.7454545454545455,1.02,0.0,1.0
