combination,score,svi_score,source,sum_total,even_count,diff_sum,repeats,decades,primes,diversity,filter_reasons,core_bonus,arima_score
"[3, 7, 8, 11, 14, 40]",10.325454545454546,0.5,transformer_fallback,83,3,37,0,"{0: 3, 1: 2, 3: 1}",3,0.7818181818181819,0.9500000000000001,0.0,2.0
"[11, 13, 17, 18, 30, 37]",9.878909090909092,0.5,transformer_fallback,126,2,26,0,"{1: 4, 2: 1, 3: 1}",4,0.7236363636363636,0.9500000000000001,0.0,2.0
"[1, 16, 17, 21, 22, 36]",11.42969696969697,0.5,transformer_fallback,113,3,35,0,"{0: 1, 1: 2, 2: 2, 3: 1}",1,0.7454545454545455,1.05,0.0,2.0
"[6, 10, 12, 16, 23, 35]",11.444242424242425,0.5,transformer_fallback,102,4,29,0,"{0: 2, 1: 2, 2: 1, 3: 1}",1,0.7636363636363637,1.05,0.0,2.0
"[13, 28, 30, 35, 36, 38]",10.112242424242426,0.5,transformer_fallback,180,4,25,0,"{1: 1, 2: 2, 3: 3}",1,0.7236363636363636,0.9500000000000001,0.0,2.0
