combination,score,svi_score,source,sum_total,even_count,diff_sum,repeats,decades,primes,diversity,filter_reasons,core_bonus,arima_score
"[2, 6, 23, 25, 35, 37]",6.039454545454546,0.5,transformer_fallback,128,2,35,0,"{np.int64(0): 2, np.int64(2): 2, np.int64(3): 2}",3,0.7236363636363636,1.1,0.0,1.0
"[19, 22, 25, 28, 38, 40]",4.072121212121212,0.5,transformer_fallback,172,4,21,0,"{np.int64(1): 1, np.int64(2): 3, np.int64(3): 2}",1,0.7636363636363637,0.9,0.0,1.0
"[2, 3, 13, 21, 32, 38]",6.290909090909091,0.5,transformer_fallback,109,3,36,0,"{np.int64(0): 2, np.int64(1): 1, np.int64(2): 1, np.int64(3): 2}",3,0.7272727272727273,1.1,0.0,1.0
"[13, 27, 29, 31, 34, 36]",5.155454545454546,0.5,transformer_fallback,170,2,23,0,"{np.int64(1): 1, np.int64(2): 2, np.int64(3): 3}",3,0.7636363636363637,0.9500000000000001,0.0,1.0
"[1, 6, 13, 20, 30, 37]",5.872787878787879,0.5,transformer_fallback,107,3,36,0,"{np.int64(0): 2, np.int64(1): 2, np.int64(2): 1, np.int64(3): 1}",2,0.7236363636363636,1.1,0.0,1.0
