combination,score,svi_score,source,sum_total,even_count,diff_sum,repeats,decades,primes,diversity,filter_reasons,core_bonus,arima_score
"[3, 9, 12, 26, 27, 40]",5.690121212121213,0.5,transformer_fallback,117,3,37,0,"{0: 2, 1: 1, 2: 2, 3: 1}",1,0.6836363636363637,1.1,0.0,1.0
"[3, 7, 9, 19, 24, 28]",5.132181818181818,0.5,transformer_fallback,90,2,25,0,"{0: 3, 1: 1, 2: 2}",3,0.7054545454545456,0.9,0.0,1.0
"[1, 9, 10, 15, 16, 21]",3.6554545454545457,0.5,transformer_fallback,72,2,20,0,"{0: 3, 1: 2, 2: 1}",0,0.7636363636363637,0.9,0.0,1.0
"[3, 4, 11, 30, 39, 40]",6.372787878787879,0.5,transformer_fallback,127,3,37,0,"{0: 2, 1: 1, 2: 1, 3: 2}",2,0.7236363636363636,1.1,0.0,1.0
"[6, 24, 27, 31, 37, 39]",5.2315151515151515,0.5,transformer_fallback,164,2,33,0,"{0: 1, 2: 2, 3: 3}",2,0.7454545454545455,0.9500000000000001,0.0,1.0
