combination,score,svi_score,source,sum_total,even_count,diff_sum,repeats,decades,primes,diversity,filter_reasons,core_bonus,arima_score
"[13, 20, 21, 29, 34, 35]",4.964060606060606,0.5,transformer_fallback,152,2,22,0,"{1: 2, 2: 2, 3: 2}",2,0.7018181818181819,0.9500000000000001,0.0,1.0
"[4, 5, 12, 16, 29, 33]",5.246060606060606,0.5,transformer_fallback,99,3,29,0,"{0: 2, 1: 2, 2: 1, 3: 1}",2,0.7818181818181819,0.9,0.0,1.0
"[7, 9, 13, 22, 30, 34]",5.887333333333333,0.5,transformer_fallback,115,3,27,0,"{0: 2, 1: 1, 2: 2, 3: 1}",2,0.76,1.1,0.0,1.0
"[8, 23, 24, 32, 36, 37]",5.246060606060606,0.5,transformer_fallback,160,4,29,0,"{0: 1, 2: 2, 3: 3}",2,0.7818181818181819,0.9500000000000001,0.0,1.0
"[2, 20, 21, 23, 26, 27]",5.280060606060606,0.5,transformer_fallback,119,3,25,0,"{0: 1, 1: 1, 2: 4}",2,0.7418181818181818,1.0,0.0,1.0
