combination,score,svi_score,source,sum_total,even_count,diff_sum,repeats,decades,primes,diversity,filter_reasons,core_bonus,arima_score
"[6, 19, 20, 21, 23, 36]",5.8800606060606055,0.5,transformer_fallback,125,3,30,0,"{np.int64(0): 1, np.int64(1): 2, np.int64(2): 2, np.int64(3): 1}",2,0.7418181818181818,1.05,0.0,1.0
"[16, 18, 19, 26, 33, 35]",4.690121212121213,0.5,transformer_fallback,147,3,19,0,"{np.int64(1): 3, np.int64(2): 1, np.int64(3): 2}",1,0.6836363636363637,0.9,0.0,1.0
"[16, 27, 28, 33, 37, 38]",5.036727272727274,0.5,transformer_fallback,179,3,22,0,"{np.int64(1): 1, np.int64(2): 2, np.int64(3): 3}",1,0.6751515151515152,0.9,0.0,1.0
"[9, 18, 19, 22, 23, 27]",4.8640606060606055,0.5,transformer_fallback,118,2,18,0,"{np.int64(0): 1, np.int64(1): 2, np.int64(2): 3}",2,0.7018181818181818,0.9,0.0,1.0
"[7, 25, 28, 33, 34, 37]",4.96939393939394,0.5,transformer_fallback,164,2,30,0,"{np.int64(0): 1, np.int64(2): 2, np.int64(3): 3}",2,0.7151515151515151,0.9500000000000001,0.0,1.0
