combination,score,svi_score,source,sum_total,even_count,diff_sum,repeats,decades,primes,diversity,filter_reasons,core_bonus,arima_score
"[2, 6, 27, 31, 36, 38]",6.115515151515151,0.5,transformer_fallback,140,4,36,0,"{0: 2, 2: 1, 3: 3}",2,0.7054545454545456,1.1,0.0,1.0
"[5, 16, 21, 26, 32, 38]",5.698848484848485,0.5,transformer_fallback,138,4,33,1,"{0: 1, 1: 1, 2: 2, 3: 2}",1,0.7054545454545456,1.05,0.0,1.0
"[6, 13, 14, 19, 26, 30]",5.888787878787879,0.5,transformer_fallback,108,4,24,0,"{0: 1, 1: 3, 2: 2}",2,0.7636363636363637,1.05,0.0,1.0
"[2, 15, 23, 27, 29, 32]",6.0467272727272725,0.5,transformer_fallback,128,2,30,1,"{0: 1, 1: 1, 2: 3, 3: 1}",3,0.7418181818181818,1.05,0.0,1.0
"[3, 9, 16, 22, 37, 38]",6.1300606060606055,0.5,transformer_fallback,125,3,35,1,"{0: 2, 1: 1, 2: 1, 3: 2}",2,0.7418181818181818,1.05,0.0,1.0
