combination,score,svi_score,source,sum_total,even_count,diff_sum,repeats,decades,primes,diversity,filter_reasons,core_bonus,arima_score
"[13, 16, 21, 27, 30, 38]",5.690121212121213,0.5,transformer_fallback,145,3,25,0,"{1: 2, 2: 3, 3: 1}",1,0.6836363636363637,1.05,0.0,1.0
"[1, 12, 13, 29, 31, 37]",5.539454545454546,0.5,transformer_fallback,123,1,36,0,"{0: 1, 1: 2, 2: 1, 3: 2}",4,0.7236363636363636,1.0,0.0,1.0
"[4, 14, 18, 25, 27, 34]",5.528787878787879,0.5,transformer_fallback,122,4,30,0,"{0: 1, 1: 2, 2: 2, 3: 1}",0,0.696969696969697,1.05,0.0,1.0
"[4, 27, 29, 34, 36, 38]",5.029454545454547,0.5,transformer_fallback,168,4,34,0,"{0: 1, 2: 2, 3: 3}",1,0.656969696969697,0.9500000000000001,0.0,1.0
"[13, 18, 30, 31, 36, 40]",5.206787878787879,0.5,transformer_fallback,168,4,27,0,"{1: 2, 2: 1, 3: 3}",2,0.6836363636363636,0.9,0.0,1.0
