combination,score,svi_score,source,sum_total,even_count,diff_sum,repeats,decades,primes,diversity,filter_reasons,core_bonus,arima_score
"[7, 9, 11, 20, 25, 28]",4.871333333333333,0.5,transformer_fallback,100,2,21,1,"{0: 2, 1: 2, 2: 2}",2,0.72,1.1,0.0,1.0
"[5, 8, 9, 20, 23, 32]",4.972787878787879,0.5,transformer_fallback,97,3,27,2,"{0: 3, 1: 1, 2: 1, 3: 1}",2,0.7236363636363636,0.9500000000000001,0.0,1.0
"[1, 6, 21, 24, 34, 38]",5.57,0.5,transformer_fallback,124,4,37,0,"{0: 2, 2: 2, 3: 2}",0,0.8,1.1,0.0,1.0
"[4, 5, 10, 19, 33, 35]",6.146060606060606,0.5,transformer_fallback,106,2,31,1,"{0: 3, 1: 1, 3: 2}",2,0.7818181818181819,1.05,0.0,1.0
"[11, 20, 22, 26, 30, 36]",5.7133939393939395,0.5,transformer_fallback,145,5,25,1,"{1: 2, 2: 3, 3: 1}",1,0.7418181818181818,1.0,0.0,1.0
