combination,score,svi_score,source,sum_total,even_count,diff_sum,repeats,decades,primes,diversity,filter_reasons,core_bonus,arima_score
"[7, 9, 24, 25, 31, 34]",5.869393939393939,0.5,transformer_fallback,130,2,27,0,"{0: 2, 2: 2, 3: 2}",2,0.7151515151515152,1.1,0.0,1.0
"[7, 11, 21, 24, 26, 31]",6.036060606060606,0.5,transformer_fallback,120,2,24,0,"{0: 1, 1: 1, 2: 3, 3: 1}",3,0.7151515151515152,1.1,0.0,1.0
"[6, 16, 27, 30, 35, 37]",4.804666666666668,0.5,transformer_fallback,151,3,31,0,"{0: 1, 1: 1, 2: 2, 3: 2}",1,0.72,0.9,0.0,1.0
"[1, 4, 16, 17, 26, 27]",5.06339393939394,0.5,transformer_fallback,91,3,26,0,"{0: 2, 1: 2, 2: 2}",1,0.7418181818181818,0.9,0.0,1.0
"[6, 10, 20, 25, 37, 40]",5.9633939393939395,0.5,transformer_fallback,138,4,34,0,"{0: 2, 1: 1, 2: 1, 3: 2}",1,0.7418181818181818,1.1,0.0,1.0
