combination,score,svi_score,source,sum_total,even_count,diff_sum,repeats,decades,primes,diversity,filter_reasons,core_bonus,arima_score
"[13, 15, 17, 21, 31, 39]",10.678909090909091,0.5,transformer_fallback,136,0,26,1,"{np.int64(1): 3, np.int64(2): 1, np.int64(3): 2}",3,0.7236363636363636,0.97,0.0,2.0
"[2, 7, 10, 15, 23, 26]",10.293454545454546,0.5,transformer_fallback,83,3,24,0,"{np.int64(0): 3, np.int64(1): 1, np.int64(2): 2}",3,0.7418181818181818,0.92,0.0,2.0
"[2, 6, 7, 19, 28, 32]",10.293454545454546,0.5,transformer_fallback,94,4,30,1,"{np.int64(0): 3, np.int64(1): 1, np.int64(2): 1, np.int64(3): 1}",3,0.7418181818181818,0.92,0.0,2.0
"[8, 13, 16, 19, 21, 33]",11.728121212121211,0.5,transformer_fallback,110,2,25,2,"{np.int64(0): 1, np.int64(1): 3, np.int64(2): 1, np.int64(3): 1}",2,0.7018181818181818,1.07,0.0,2.0
"[16, 20, 21, 27, 34, 38]",9.293454545454546,0.5,transformer_fallback,156,4,22,2,"{np.int64(1): 2, np.int64(2): 2, np.int64(3): 2}",0,0.7418181818181818,0.92,0.0,2.0
