combination,score,svi_score,source,sum_total,even_count,diff_sum,repeats,decades,primes,diversity,filter_reasons,core_bonus,arima_score
"[14, 18, 21, 29, 33, 34]",4.706121212121213,0.5,transformer_fallback,149,3,20,0,"{1: 2, 2: 2, 3: 2}",1,0.7236363636363636,1.05,0.0,1.0
"[12, 13, 19, 26, 28, 36]",5.8800606060606055,0.5,transformer_fallback,134,4,24,0,"{1: 3, 2: 2, 3: 1}",2,0.7418181818181818,1.05,0.0,1.0
"[11, 14, 17, 29, 32, 37]",5.5467272727272725,0.5,transformer_fallback,140,2,26,0,"{1: 3, 2: 1, 3: 2}",4,0.7418181818181818,1.05,0.0,1.0
"[12, 18, 20, 22, 25, 38]",5.548181818181818,0.5,transformer_fallback,135,5,26,0,"{1: 3, 2: 2, 3: 1}",0,0.7454545454545455,0.95,0.0,1.0
"[5, 12, 14, 15, 19, 39]",5.265515151515151,0.5,transformer_fallback,104,2,34,0,"{0: 1, 1: 4, 3: 1}",2,0.7054545454545454,1.05,0.0,1.0
