combination,score,svi_score,source,sum_total,even_count,diff_sum,repeats,decades,primes,diversity,filter_reasons,core_bonus,arima_score
"[1, 5, 15, 20, 22, 40]",3.0080402126302173,0.5,default,103,3,39,0,"{0: 2, 1: 2, 2: 1, 3: 1}",1,1.0,1.05,0.0,0.593692147229648
"[3, 5, 13, 15, 22, 40]",3.265306809763065,0.5,default,98,2,37,0,"{0: 2, 1: 2, 2: 1, 3: 1}",3,1.0,0.9,0.0,0.593692147229648
"[7, 9, 19, 20, 34, 40]",3.552258014257394,0.5,default,129,3,33,0,"{0: 2, 1: 2, 3: 2}",2,1.0,1.05,0.0,0.593692147229648
