combination,score,svi_score,source,sum_total,even_count,diff_sum,repeats,decades,primes,diversity,filter_reasons,core_bonus,arima_score
"[7, 15, 18, 22, 26, 27]",2.9575867385566075,0.5,montecarlo,115,3,20,0,"{0: 1, 1: 2, 2: 3}",1,0.7236363636363636,0.87,0.0,0.572983249533091
"[8, 19, 20, 21, 26, 31]",3.6883313761278087,0.5,montecarlo,125,3,23,0,"{0: 1, 1: 2, 2: 2, 3: 1}",2,0.7054545454545456,0.87,0.0,0.572983249533091
"[1, 7, 13, 19, 26, 37]",3.477320744766423,0.5,montecarlo,103,1,36,0,"{0: 2, 1: 2, 2: 1, 3: 1}",4,0.7018181818181819,0.87,0.0,0.572983249533091
"[3, 8, 16, 25, 28, 32]",3.602536684231054,0.5,montecarlo,112,4,29,0,"{0: 2, 1: 1, 2: 2, 3: 1}",1,0.7818181818181819,0.87,0.0,0.572983249533091
"[9, 13, 20, 27, 30, 36]",3.593368952238525,0.5,montecarlo,135,3,27,0,"{0: 1, 1: 2, 2: 2, 3: 1}",1,0.7454545454545455,0.87,0.0,0.572983249533091
