combination,score,svi_score,source,sum_total,even_count,diff_sum,repeats,decades,primes,diversity,filter_reasons,core_bonus,arima_score
"[4, 17, 22, 23, 30, 39]",5.8800606060606055,0.5,transformer_fallback,135,3,35,0,"{np.int64(0): 1, np.int64(1): 1, np.int64(2): 3, np.int64(3): 1}",2,0.7418181818181818,1.05,0.0,1.0
"[6, 9, 21, 28, 32, 36]",5.57,0.5,transformer_fallback,132,4,30,0,"{np.int64(0): 2, np.int64(2): 2, np.int64(3): 2}",0,0.8,1.1,0.0,1.0
"[12, 26, 29, 35, 39, 40]",5.064848484848485,0.5,transformer_fallback,181,3,28,0,"{np.int64(1): 1, np.int64(2): 2, np.int64(3): 3}",1,0.7454545454545455,0.9500000000000001,0.0,1.0
"[11, 24, 30, 31, 34, 39]",4.972787878787879,0.5,transformer_fallback,169,3,28,0,"{np.int64(1): 1, np.int64(2): 2, np.int64(3): 3}",2,0.7236363636363636,0.9500000000000001,0.0,1.0
"[7, 12, 13, 16, 19, 31]",4.055454545454546,0.5,transformer_fallback,98,2,24,0,"{np.int64(0): 1, np.int64(1): 4, np.int64(3): 1}",4,0.7636363636363637,0.9,0.0,1.0
