combination,score,svi_score,source,sum_total,even_count,diff_sum,repeats,decades,primes,diversity,filter_reasons,core_bonus,arima_score
"[2, 15, 19, 20, 26, 39]",5.872787878787879,0.5,transformer_fallback,121,3,37,1,"{0: 1, 1: 3, 2: 1, 3: 1}",2,0.7236363636363636,1.05,0.0,1.0
"[1, 11, 22, 28, 32, 37]",5.896060606060606,0.5,transformer_fallback,131,3,36,0,"{0: 1, 1: 1, 2: 2, 3: 2}",2,0.7818181818181819,1.1,0.0,1.0
"[4, 8, 20, 23, 33, 37]",5.874242424242424,0.5,transformer_fallback,125,3,33,0,"{0: 2, 1: 1, 2: 1, 3: 2}",2,0.7272727272727273,1.1,0.0,1.0
"[9, 12, 26, 27, 33, 39]",5.539454545454546,0.5,transformer_fallback,146,2,30,1,"{0: 1, 1: 1, 2: 2, 3: 2}",0,0.7236363636363636,1.1,0.0,1.0
"[3, 4, 5, 14, 26, 36]",5.2315151515151515,0.5,transformer_fallback,88,4,33,1,"{0: 3, 1: 1, 2: 1, 3: 1}",2,0.7454545454545455,0.9500000000000001,0.0,1.0
