combination,score,svi_score,source,sum_total,even_count,diff_sum,repeats,decades,primes,diversity,filter_reasons,core_bonus,arima_score
"[3, 6, 9, 15, 24, 28]",4.790121212121213,0.5,transformer_fallback,85,3,25,0,"{0: 3, 1: 1, 2: 2}",1,0.6836363636363637,0.9,0.0,1.0
"[8, 14, 20, 24, 35, 40]",5.555454545454546,0.5,transformer_fallback,141,5,32,1,"{0: 1, 1: 2, 2: 1, 3: 2}",0,0.7636363636363637,1.0,0.0,1.0
"[3, 21, 25, 32, 33, 38]",4.814848484848485,0.5,transformer_fallback,152,2,35,1,"{0: 1, 2: 2, 3: 3}",1,0.7454545454545455,0.9500000000000001,0.0,1.0
"[4, 5, 6, 23, 24, 25]",2.315515151515151,0.5,transformer_fallback,87,3,21,3,"{0: 3, 2: 3}",2,0.7054545454545454,0.8500000000000001,0.0,1.0
"[6, 15, 17, 26, 32, 34]",5.706121212121213,0.5,transformer_fallback,130,4,28,2,"{0: 1, 1: 2, 2: 1, 3: 2}",1,0.7236363636363636,1.05,0.0,1.0
