epoch,train_loss,val_loss
1,0.08532113373279572,0.08931104093790054
2,0.07706646986305714,0.09323026239871979
3,0.06986802242696286,0.09446687251329422
4,0.0637657967954874,0.09118983149528503
