combination,score,svi_score,source,sum_total,even_count,diff_sum,repeats,decades,primes,diversity,filter_reasons,core_bonus,arima_score
"[6, 21, 23, 24, 36, 40]",3.4730990612934414,0.5,lstm,150,4,34,1,"{0: 1, 2: 3, 3: 2}",1,0.45833333333333337,[],0.0,0.593692147229648
"[11, 16, 22, 23, 24, 40]",3.4236247156909703,0.5,lstm,136,4,29,1,"{1: 2, 2: 3, 3: 1}",2,0.45833333333333337,[],0.0,0.593692147229648
"[8, 22, 23, 24, 25, 40]",2.9684607361482405,0.5,lstm,142,4,32,2,"{0: 1, 2: 4, 3: 1}",1,0.45833333333333337,[],0.0,0.593692147229648
"[21, 23, 24, 26, 37, 40]",0.9598023046879308,0.5,lstm,171,3,19,3,"{2: 4, 3: 2}",2,0.45833333333333337,[],0.0,0.593692147229648
