combination,score,svi_score,source,sum_total,even_count,diff_sum,repeats,decades,primes,diversity,filter_reasons,core_bonus,arima_score
"[13, 23, 26, 27, 28, 38]",4.374242424242425,0.5,transformer_fallback,155,3,25,0,"{np.int64(1): 1, np.int64(2): 4, np.int64(3): 1}",2,0.7272727272727273,0.9500000000000001,0.0,1.0
"[9, 15, 17, 25, 26, 32]",5.7133939393939395,0.5,transformer_fallback,124,2,23,0,"{np.int64(0): 1, np.int64(1): 2, np.int64(2): 2, np.int64(3): 1}",1,0.7418181818181818,1.05,0.0,1.0
"[14, 16, 18, 21, 27, 31]",4.706121212121213,0.5,transformer_fallback,127,3,17,0,"{np.int64(1): 3, np.int64(2): 2, np.int64(3): 1}",1,0.7236363636363636,0.9,0.0,1.0
"[2, 5, 7, 8, 16, 27]",4.7967272727272725,0.5,transformer_fallback,65,3,25,0,"{np.int64(0): 4, np.int64(1): 1, np.int64(2): 1}",3,0.7418181818181818,0.9,0.0,1.0
"[1, 12, 15, 18, 26, 29]",5.706121212121213,0.5,transformer_fallback,101,3,28,0,"{np.int64(0): 1, np.int64(1): 3, np.int64(2): 2}",1,0.7236363636363636,1.05,0.0,1.0
