combination,score,svi_score,source,sum_total,even_count,diff_sum,repeats,decades,primes,diversity,filter_reasons,core_bonus,arima_score
"[3, 7, 21, 33, 37, 40]",6.2967272727272725,0.5,transformer_fallback,141,1,37,1,"{0: 2, 2: 1, 3: 3}",3,0.7418181818181818,1.0,0.0,1.0
"[2, 6, 11, 25, 34, 35]",5.881515151515151,0.5,transformer_fallback,113,3,33,2,"{0: 2, 1: 1, 2: 1, 3: 2}",2,0.7454545454545455,1.1,0.0,1.0
"[9, 10, 13, 18, 22, 34]",5.714848484848485,0.5,transformer_fallback,106,4,25,1,"{0: 2, 1: 2, 2: 1, 3: 1}",1,0.7454545454545455,1.05,0.0,1.0
"[3, 6, 9, 29, 30, 36]",5.881515151515151,0.5,transformer_fallback,113,3,33,1,"{0: 3, 2: 2, 3: 1}",2,0.7454545454545455,1.1,0.0,1.0
"[7, 15, 16, 26, 34, 37]",5.872787878787879,0.5,transformer_fallback,135,3,30,2,"{0: 1, 1: 2, 2: 1, 3: 2}",2,0.7236363636363636,1.05,0.0,1.0
