combination,score,svi_score,source,sum_total,even_count,diff_sum,repeats,decades,primes,diversity,filter_reasons,core_bonus,arima_score
"[19, 21, 22, 23, 37, 40]",3.3833333333333333,0.5,lstm,162,2,21,4,"{np.int64(1): 1, np.int64(2): 3, np.int64(3): 2}",3,0.45833333333333337,0.8500000000000001,0.0,1.0
"[5, 19, 21, 22, 24, 40]",5.766666666666667,0.5,lstm,131,3,35,2,"{np.int64(0): 1, np.int64(1): 1, np.int64(2): 3, np.int64(3): 1}",2,0.45833333333333337,1.05,0.0,1.0
"[20, 22, 23, 24, 35, 40]",2.778571428571428,0.5,lstm,164,4,20,3,"{np.int64(1): 1, np.int64(2): 3, np.int64(3): 2}",1,0.40476190476190477,0.9500000000000001,0.0,1.0
"[20, 22, 23, 24, 29, 40]",2.345238095238095,0.5,lstm,158,4,20,4,"{np.int64(1): 1, np.int64(2): 4, np.int64(3): 1}",2,0.40476190476190477,0.8000000000000002,0.0,1.0
