combination,score,svi_score,source,sum_total,even_count,diff_sum,repeats,decades,primes,diversity,filter_reasons,core_bonus,arima_score
"[1, 6, 17, 21, 27, 32]",8.492446079944603,0.5,transformer_fallback,104,2,31,1,"{0: 2, 1: 1, 2: 2, 3: 1}",1,0.7636363636363637,1.05,0.0,1.484142989133993
"[4, 19, 23, 30, 31, 34]",8.96125536839105,0.5,transformer_fallback,141,3,30,0,"{0: 1, 1: 1, 2: 2, 3: 2}",3,0.72,1.05,0.0,1.484142989133993
"[4, 20, 29, 33, 34, 39]",7.107066060632983,0.5,transformer_fallback,159,3,35,1,"{0: 1, 1: 1, 2: 1, 3: 3}",1,0.68,0.9500000000000001,0.0,1.484142989133993
"[11, 20, 22, 27, 28, 39]",8.46869979211846,0.5,transformer_fallback,147,3,28,2,"{1: 2, 2: 3, 3: 1}",1,0.7236363636363636,1.1,0.0,1.484142989133993
"[15, 27, 30, 33, 34, 37]",7.109224814071723,0.5,transformer_fallback,176,2,22,1,"{1: 1, 2: 2, 3: 3}",1,0.6836363636363636,0.9,0.0,1.484142989133993
