combination,score,svi_score,source,sum_total,even_count,diff_sum,repeats,decades,primes,diversity,filter_reasons,core_bonus,arima_score
"[14, 19, 21, 22, 36, 40]",5.0175757575757585,0.5,lstm,152,4,26,2,"{1: 2, 2: 2, 3: 2}",1,0.6272727272727273,0.9,0.0,1.0
"[3, 5, 20, 22, 23, 40]",5.296666666666667,0.5,lstm,113,3,37,3,"{0: 2, 1: 1, 2: 2, 3: 1}",3,0.4916666666666667,1.1,0.0,1.0
"[7, 20, 22, 23, 24, 40]",4.863333333333333,0.5,lstm,136,4,33,4,"{0: 1, 1: 1, 2: 3, 3: 1}",2,0.44999999999999996,1.0500000000000003,0.0,1.0
"[8, 20, 23, 24, 27, 40]",5.624242424242425,0.5,lstm,142,4,32,2,"{0: 1, 1: 1, 2: 3, 3: 1}",1,0.5189393939393939,1.1,0.0,1.0
