combination,score,svi_score,source,sum_total,even_count,diff_sum,repeats,decades,primes,diversity,filter_reasons,core_bonus,arima_score
"[8, 9, 15, 24, 25, 30]",5.539454545454546,0.5,transformer_fallback,111,3,22,0,"{0: 2, 1: 1, 2: 3}",0,0.7236363636363636,1.07,0.0,1.0
"[5, 6, 9, 18, 29, 31]",5.120060606060607,0.5,transformer_fallback,98,2,26,0,"{0: 3, 1: 1, 2: 1, 3: 1}",3,0.6751515151515152,0.92,0.0,1.0
"[3, 5, 7, 29, 30, 31]",5.786060606060606,0.5,transformer_fallback,105,1,28,0,"{0: 3, 2: 2, 3: 1}",5,0.7151515151515151,1.02,0.0,1.0
"[1, 2, 11, 20, 27, 33]",5.253333333333334,0.5,transformer_fallback,94,2,32,0,"{0: 2, 1: 2, 2: 1, 3: 1}",2,0.8,0.9700000000000001,0.0,1.0
"[6, 9, 17, 24, 34, 37]",5.871333333333333,0.5,transformer_fallback,127,3,31,0,"{0: 2, 1: 1, 2: 1, 3: 2}",2,0.72,1.07,0.0,1.0
