combination,score,svi_score,source,sum_total,even_count,diff_sum,repeats,decades,primes,diversity,filter_reasons,core_bonus,arima_score
"[1, 11, 15, 27, 28, 37]",5.8640606060606055,0.5,transformer_fallback,119,1,36,0,"{0: 1, 1: 2, 2: 2, 3: 1}",2,0.7018181818181819,0.95,0.0,1.0
"[6, 7, 25, 27, 28, 32]",5.706121212121213,0.5,transformer_fallback,125,3,26,0,"{0: 2, 2: 3, 3: 1}",1,0.7236363636363636,1.1,0.0,1.0
"[5, 13, 16, 27, 34, 40]",5.874242424242424,0.5,transformer_fallback,135,3,35,0,"{0: 1, 1: 2, 2: 1, 3: 2}",2,0.7272727272727273,1.05,0.0,1.0
"[1, 8, 21, 23, 24, 27]",4.090121212121212,0.5,transformer_fallback,104,2,26,1,"{0: 2, 2: 4}",1,0.6836363636363636,1.0,0.0,1.0
"[18, 21, 23, 26, 39, 40]",5.06339393939394,0.5,transformer_fallback,167,3,22,1,"{1: 1, 2: 3, 3: 2}",1,0.7418181818181818,0.9,0.0,1.0
