combination,score,svi_score,source,sum_total,even_count,diff_sum,repeats,decades,primes,diversity,filter_reasons,core_bonus,arima_score
"[4, 8, 16, 17, 23, 33]",5.872787878787879,0.5,transformer_fallback,101,3,29,1,"{0: 2, 1: 2, 2: 1, 3: 1}",2,0.7236363636363636,1.05,0.0,1.0
"[4, 9, 15, 25, 28, 29]",5.707575757575758,0.5,transformer_fallback,110,2,25,1,"{0: 2, 1: 1, 2: 3}",1,0.7272727272727273,1.05,0.0,1.0
"[2, 10, 15, 16, 34, 36]",5.707575757575758,0.5,transformer_fallback,113,5,34,2,"{0: 2, 1: 2, 3: 2}",1,0.7272727272727273,0.95,0.0,1.0
"[2, 4, 27, 31, 33, 39]",6.115515151515151,0.5,transformer_fallback,136,2,37,0,"{0: 2, 2: 1, 3: 3}",2,0.7054545454545454,1.1,0.0,1.0
"[6, 13, 26, 29, 34, 39]",4.9815151515151515,0.5,transformer_fallback,147,3,33,3,"{0: 1, 1: 1, 2: 2, 3: 2}",2,0.7454545454545455,1.1,0.0,1.0
