epoch,train_loss,val_loss
1,0.08613857135176659,0.08817363530397415
2,0.07613917529582977,0.09270824491977692
3,0.06847083158791065,0.09387508034706116
4,0.06307745859026909,0.09009988605976105
