combination,score,svi_score,source,sum_total,even_count,diff_sum,repeats,decades,primes,diversity,filter_reasons,core_bonus,arima_score
"[6, 14, 15, 16, 17, 29]",4.37278787878788,0.5,transformer_fallback,97,3,23,2,"{np.int64(0): 1, np.int64(1): 4, np.int64(2): 1}",2,0.7236363636363636,0.9,0.0,1.0
"[13, 14, 24, 25, 33, 36]",5.706121212121213,0.5,transformer_fallback,145,3,23,0,"{np.int64(1): 2, np.int64(2): 2, np.int64(3): 2}",1,0.7236363636363636,1.1,0.0,1.0
"[2, 7, 24, 27, 32, 34]",5.872787878787879,0.5,transformer_fallback,126,4,32,0,"{np.int64(0): 2, np.int64(2): 2, np.int64(3): 2}",2,0.7236363636363636,1.1,0.0,1.0
"[7, 25, 29, 32, 36, 37]",5.364727272727273,0.5,transformer_fallback,166,2,30,1,"{np.int64(0): 1, np.int64(2): 2, np.int64(3): 3}",3,0.6618181818181819,0.9500000000000001,0.0,1.0
"[3, 17, 19, 29, 30, 32]",5.5307272727272725,0.5,transformer_fallback,130,2,29,2,"{np.int64(0): 1, np.int64(1): 2, np.int64(2): 2, np.int64(3): 1}",4,0.7018181818181818,1.05,0.0,1.0
