combination,score,svi_score,source,sum_total,even_count,diff_sum,repeats,decades,primes,diversity,filter_reasons,core_bonus,arima_score
"[2, 6, 7, 13, 24, 37]",4.628787878787879,0.5,transformer_fallback,89,3,35,0,"{0: 3, 1: 1, 2: 1, 3: 1}",4,0.696969696969697,0.9500000000000001,0.0,1.0
"[18, 21, 30, 34, 36, 39]",3.9040000000000004,0.5,transformer_fallback,178,4,21,0,"{1: 1, 2: 2, 3: 3}",0,0.76,0.9,0.0,1.0
"[2, 9, 15, 17, 31, 38]",6.0627272727272725,0.5,transformer_fallback,112,2,36,0,"{0: 2, 1: 2, 3: 2}",3,0.7818181818181819,1.05,0.0,1.0
"[6, 10, 16, 27, 32, 33]",5.5627272727272725,0.5,transformer_fallback,124,4,27,0,"{0: 2, 1: 1, 2: 1, 3: 2}",0,0.7818181818181819,1.05,0.0,1.0
"[13, 18, 24, 26, 36, 37]",5.210666666666667,0.5,transformer_fallback,154,4,24,0,"{1: 2, 2: 2, 3: 2}",2,0.6933333333333334,0.9,0.0,1.0
