combination,score,svi_score,source,sum_total,even_count,diff_sum,repeats,decades,primes,diversity,filter_reasons,core_bonus,arima_score
"[12, 20, 21, 23, 28, 40]",5.612222222222223,0.5,lstm,144,4,28,2,"{1: 2, 2: 3, 3: 1}",1,0.48888888888888893,1.1,0.0,1.0
"[2, 20, 22, 24, 30, 40]",3.912222222222222,0.5,lstm,138,6,38,2,"{0: 1, 1: 1, 2: 3, 3: 1}",1,0.48888888888888893,1.0,0.0,1.0
"[12, 20, 22, 25, 36, 40]",4.777777777777779,0.5,lstm,155,5,28,2,"{1: 2, 2: 2, 3: 2}",0,0.44444444444444453,0.85,0.0,1.0
