combination,score,svi_score,source,sum_total,even_count,diff_sum,repeats,decades,primes,diversity,filter_reasons,core_bonus,arima_score
"[1, 16, 19, 27, 28, 32]",5.6973939393939395,0.5,transformer_fallback,123,3,31,1,"{0: 1, 1: 2, 2: 2, 3: 1}",1,0.7018181818181819,1.07,0.0,1.0
"[4, 9, 12, 16, 24, 27]",4.646727272727273,0.5,transformer_fallback,92,4,23,0,"{0: 2, 1: 2, 2: 2}",0,0.7418181818181818,0.92,0.0,1.0
"[5, 15, 19, 23, 33, 36]",6.0627272727272725,0.5,transformer_fallback,131,1,31,1,"{0: 1, 1: 2, 2: 1, 3: 2}",3,0.7818181818181819,0.97,0.0,1.0
"[2, 14, 25, 26, 29, 30]",5.303333333333334,0.5,transformer_fallback,126,4,28,1,"{0: 1, 1: 1, 2: 4}",2,0.8,1.12,0.0,1.0
"[8, 11, 12, 22, 28, 32]",5.7133939393939395,0.5,transformer_fallback,113,5,24,1,"{0: 1, 1: 2, 2: 2, 3: 1}",1,0.7418181818181818,1.02,0.0,1.0
