combination,score,svi_score,source,sum_total,even_count,diff_sum,repeats,decades,primes,diversity,filter_reasons,core_bonus,arima_score
"[13, 15, 16, 32, 37, 40]",4.246060606060607,0.5,transformer_fallback,153,3,27,0,"{1: 3, 3: 3}",2,0.7818181818181819,0.92,0.0,1.0
"[4, 17, 18, 33, 35, 39]",5.722121212121213,0.5,transformer_fallback,146,2,35,0,"{0: 1, 1: 2, 3: 3}",1,0.7636363636363637,1.07,0.0,1.0
"[6, 12, 20, 22, 38, 39]",5.789454545454546,0.5,transformer_fallback,137,5,33,0,"{0: 1, 1: 2, 2: 1, 3: 2}",0,0.7236363636363636,1.02,0.0,1.0
"[10, 21, 22, 29, 31, 39]",4.972787878787879,0.5,transformer_fallback,152,2,29,0,"{0: 1, 2: 3, 3: 2}",2,0.7236363636363636,0.9700000000000001,0.0,1.0
"[5, 13, 22, 23, 28, 34]",6.048181818181818,0.5,transformer_fallback,125,3,29,0,"{0: 1, 1: 1, 2: 3, 3: 1}",3,0.7454545454545455,1.12,0.0,1.0
