combination,score,svi_score,source,sum_total,even_count,diff_sum,repeats,decades,primes,diversity,filter_reasons,core_bonus,arima_score
"[10, 11, 12, 13, 22, 31]",4.154000000000001,0.5,transformer_fallback,99,3,21,2,"{0: 1, 1: 3, 2: 1, 3: 1}",3,0.76,0.8500000000000001,0.0,1.0
"[1, 4, 8, 26, 34, 37]",5.9633939393939395,0.5,transformer_fallback,110,4,36,1,"{0: 3, 2: 1, 3: 2}",1,0.7418181818181818,1.1,0.0,1.0
"[1, 5, 11, 12, 14, 32]",5.222787878787879,0.5,transformer_fallback,75,3,31,0,"{0: 2, 1: 3, 3: 1}",2,0.7236363636363636,0.9500000000000001,0.0,1.0
"[4, 15, 19, 36, 37, 40]",5.221333333333334,0.5,transformer_fallback,151,3,36,1,"{0: 1, 1: 2, 3: 3}",2,0.72,0.9,0.0,1.0
"[5, 9, 15, 33, 36, 39]",5.9633939393939395,0.5,transformer_fallback,137,1,34,0,"{0: 2, 1: 1, 3: 3}",1,0.7418181818181818,0.95,0.0,1.0
