combination,score,svi_score,source,sum_total,even_count,diff_sum,repeats,decades,primes,diversity,filter_reasons,core_bonus,arima_score
"[5, 6, 14, 23, 28, 30]",5.888787878787879,0.5,transformer_fallback,106,4,25,1,"{np.int64(0): 2, np.int64(1): 1, np.int64(2): 3}",2,0.7636363636363637,1.1,0.0,1.0
"[2, 9, 32, 37, 38, 39]",2.7460606060606056,0.5,transformer_fallback,157,3,37,3,"{np.int64(0): 2, np.int64(3): 4}",2,0.7818181818181819,0.8500000000000001,0.0,1.0
"[4, 13, 22, 28, 29, 33]",5.853393939393939,0.5,transformer_fallback,129,3,29,0,"{np.int64(0): 1, np.int64(1): 1, np.int64(2): 3, np.int64(3): 1}",2,0.6751515151515152,1.1,0.0,1.0
"[13, 16, 20, 28, 33, 35]",5.702727272727273,0.5,transformer_fallback,145,3,22,1,"{np.int64(1): 3, np.int64(2): 1, np.int64(3): 2}",1,0.7151515151515151,1.05,0.0,1.0
"[8, 10, 22, 29, 37, 40]",6.1300606060606055,0.5,transformer_fallback,146,4,32,1,"{np.int64(0): 2, np.int64(2): 2, np.int64(3): 2}",2,0.7418181818181818,1.1,0.0,1.0
