combination,score,svi_score,source,sum_total,even_count,diff_sum,repeats,decades,primes,diversity,filter_reasons,core_bonus,arima_score
"[7, 19, 20, 22, 26, 36]",5.82090909090909,0.5,lstm,130,4,29,1,"{np.int64(0): 1, np.int64(1): 2, np.int64(2): 2, np.int64(3): 1}",2,0.593939393939394,1.05,0.0,1.0
"[14, 20, 21, 22, 23, 35]",4.630000000000001,0.5,lstm,135,3,21,2,"{np.int64(1): 2, np.int64(2): 3, np.int64(3): 1}",1,0.5333333333333334,1.1,0.0,1.0
"[20, 21, 22, 24, 26, 34]",3.8633333333333333,0.5,lstm,147,5,14,2,"{np.int64(1): 1, np.int64(2): 4, np.int64(3): 1}",0,0.5333333333333334,0.875,0.0,1.0
"[9, 21, 22, 23, 25, 28]",3.054242424242424,0.5,lstm,128,2,19,1,"{np.int64(0): 1, np.int64(2): 5}",1,0.593939393939394,0.9249999999999999,0.0,1.0
