combination,score,svi_score,source,sum_total,even_count,diff_sum,repeats,decades,primes,diversity,filter_reasons,core_bonus,arima_score
"[13, 16, 21, 22, 24, 40]",3.3729989671362968,0.5,lstm,136,4,27,1,"{1: 2, 2: 3, 3: 1}",1,0.6618181818181819,1.05,0.0,0.593692147229648
"[2, 12, 15, 21, 23, 40]",2.828066678855743,0.5,lstm,113,3,38,1,"{0: 1, 1: 2, 2: 2, 3: 1}",2,0.4504761904761905,1.05,0.0,0.593692147229648
"[12, 15, 20, 21, 23, 40]",3.304716659917261,0.5,lstm,131,3,28,1,"{1: 3, 2: 2, 3: 1}",1,0.3742857142857142,1.05,0.0,0.593692147229648
"[8, 12, 16, 20, 23, 40]",3.3329877145472446,0.5,lstm,119,5,32,1,"{0: 1, 1: 3, 2: 1, 3: 1}",1,0.4933333333333334,0.95,0.0,0.593692147229648
"[12, 15, 19, 20, 23, 40]",3.0628089557361204,0.5,lstm,129,3,28,1,"{1: 4, 2: 1, 3: 1}",2,0.438961038961039,1.05,0.0,0.593692147229648
