combination,score,svi_score,source,sum_total,even_count,diff_sum,repeats,decades,primes,diversity,filter_reasons,core_bonus,arima_score
"[4, 5, 17, 19, 32, 40]",6.305454545454546,0.5,transformer_fallback,117,3,36,0,"{0: 2, 1: 2, 3: 2}",3,0.7636363636363637,1.05,0.0,1.0
"[11, 13, 17, 24, 28, 31]",4.532181818181818,0.5,transformer_fallback,124,2,20,0,"{1: 3, 2: 2, 3: 1}",4,0.7054545454545456,1.05,0.0,1.0
"[3, 10, 13, 27, 30, 34]",5.872787878787879,0.5,transformer_fallback,117,3,31,0,"{0: 2, 1: 1, 2: 2, 3: 1}",2,0.7236363636363636,1.1,0.0,1.0
"[10, 15, 17, 21, 28, 35]",5.698848484848485,0.5,transformer_fallback,126,2,25,0,"{0: 1, 1: 2, 2: 2, 3: 1}",1,0.7054545454545454,1.05,0.0,1.0
"[3, 10, 18, 25, 31, 38]",5.872787878787879,0.5,transformer_fallback,125,3,35,0,"{0: 2, 1: 1, 2: 1, 3: 2}",2,0.7236363636363636,1.05,0.0,1.0
