combination,score,svi_score,source,sum_total,even_count,diff_sum,repeats,decades,primes,diversity,filter_reasons,core_bonus,arima_score
"[4, 18, 24, 30, 31, 33]",11.441333333333334,0.5,transformer_fallback,140,4,29,1,"{0: 1, 1: 1, 2: 2, 3: 2}",1,0.76,1.05,0.0,2.0
"[15, 21, 26, 31, 33, 36]",7.626787878787879,0.5,transformer_fallback,162,2,21,1,"{1: 1, 2: 2, 3: 3}",1,0.7418181818181818,0.9,0.0,2.0
"[6, 9, 20, 23, 28, 35]",11.444242424242425,0.5,transformer_fallback,121,3,29,1,"{0: 2, 1: 1, 2: 2, 3: 1}",1,0.7636363636363637,1.1,0.0,2.0
"[9, 13, 22, 26, 27, 39]",11.42969696969697,0.5,transformer_fallback,136,2,30,1,"{0: 1, 1: 1, 2: 3, 3: 1}",1,0.7454545454545455,1.1,0.0,2.0
"[6, 8, 13, 16, 19, 37]",10.310909090909092,0.5,transformer_fallback,99,3,31,2,"{0: 2, 1: 3, 3: 1}",3,0.7636363636363637,0.9,0.0,2.0
