combination,score,svi_score,source,sum_total,even_count,diff_sum,repeats,decades,primes,diversity,filter_reasons,core_bonus,arima_score
"[9, 18, 20, 21, 22, 40]",5.433333333333334,0.5,lstm,130,4,31,0,"{0: 1, 1: 2, 2: 2, 3: 1}",0,0.45833333333333337,1.05,0.0,1.0
"[19, 20, 22, 23, 33, 40]",3.8666666666666667,0.5,lstm,157,3,21,0,"{1: 2, 2: 2, 3: 2}",2,0.45833333333333337,0.9,0.0,1.0
"[19, 20, 21, 22, 24, 40]",4.566666666666667,0.5,lstm,146,4,21,0,"{1: 2, 2: 3, 3: 1}",1,0.375,0.85,0.0,1.0
"[14, 20, 21, 23, 24, 40]",5.6000000000000005,0.5,lstm,142,4,26,0,"{1: 2, 2: 3, 3: 1}",1,0.45833333333333337,1.1,0.0,1.0
