epoch,train_loss,val_loss
1,0.08692087739706039,0.08984888345003128
2,0.08413311436772347,0.08988601714372635
3,0.08118580162525177,0.09075677394866943
4,0.07693819463253021,0.09235192090272903
