combination,score,svi_score,source,sum_total,even_count,diff_sum,repeats,decades,primes,diversity,filter_reasons,core_bonus,arima_score
"[8, 9, 11, 13, 22, 31]",5.155454545454546,0.5,transformer_fallback,94,2,23,0,"{np.int64(0): 2, np.int64(1): 2, np.int64(2): 1, np.int64(3): 1}",3,0.7636363636363637,0.8500000000000001,0.0,1.0
"[14, 15, 28, 35, 36, 40]",4.889454545454546,0.5,transformer_fallback,168,4,26,0,"{np.int64(1): 2, np.int64(2): 1, np.int64(3): 3}",0,0.7236363636363636,0.9,0.0,1.0
"[2, 11, 18, 21, 37, 40]",5.290909090909091,0.5,transformer_fallback,129,3,38,0,"{np.int64(0): 1, np.int64(1): 2, np.int64(2): 1, np.int64(3): 2}",3,0.7272727272727273,1.05,0.0,1.0
"[4, 7, 9, 36, 39, 40]",4.956121212121213,0.5,transformer_fallback,135,3,36,0,"{np.int64(0): 3, np.int64(3): 3}",1,0.7236363636363636,1.1,0.0,1.0
"[2, 5, 12, 15, 25, 30]",5.238787878787879,0.5,transformer_fallback,89,3,28,0,"{np.int64(0): 2, np.int64(1): 2, np.int64(2): 2}",2,0.7636363636363637,0.9,0.0,1.0
