combination,score,svi_score,source,sum_total,even_count,diff_sum,repeats,decades,primes,diversity,filter_reasons,core_bonus,arima_score
"[3, 13, 15, 28, 32, 39]",4.980060606060606,0.5,transformer_fallback,130,2,36,3,"{0: 1, 1: 2, 2: 1, 3: 2}",2,0.7418181818181818,1.05,0.0,1.0
"[1, 9, 21, 24, 25, 40]",4.5627272727272725,0.5,transformer_fallback,120,2,39,1,"{0: 2, 2: 3, 3: 1}",0,0.7818181818181819,1.1,0.0,1.0
"[2, 4, 11, 13, 23, 24]",4.898181818181818,0.5,transformer_fallback,77,3,22,0,"{0: 2, 1: 2, 2: 2}",4,0.7454545454545455,0.9500000000000001,0.0,1.0
"[7, 10, 12, 28, 33, 39]",5.720666666666667,0.5,transformer_fallback,129,3,32,1,"{0: 2, 1: 1, 2: 1, 3: 2}",1,0.76,1.1,0.0,1.0
"[11, 17, 19, 20, 31, 37]",3.9627272727272724,0.5,transformer_fallback,135,1,26,0,"{1: 4, 3: 2}",5,0.7818181818181819,0.95,0.0,1.0
