combination,score,svi_score,source,sum_total,even_count,diff_sum,repeats,decades,primes,diversity,filter_reasons,core_bonus,arima_score
"[4, 25, 29, 35, 36, 40]",5.056121212121213,0.5,transformer_fallback,169,3,36,0,"{0: 1, 2: 2, 3: 3}",1,0.7236363636363636,0.9500000000000001,0.0,1.0
"[3, 6, 18, 28, 30, 33]",5.720666666666667,0.5,transformer_fallback,118,4,30,0,"{0: 2, 1: 1, 2: 2, 3: 1}",1,0.76,1.05,0.0,1.0
"[9, 16, 29, 34, 36, 39]",5.054666666666668,0.5,transformer_fallback,163,3,30,0,"{0: 1, 1: 1, 2: 1, 3: 3}",1,0.72,0.9,0.0,1.0
"[3, 6, 16, 21, 27, 36]",5.6973939393939395,0.5,transformer_fallback,109,3,33,0,"{0: 2, 1: 1, 2: 2, 3: 1}",1,0.7018181818181818,1.05,0.0,1.0
"[2, 5, 17, 22, 25, 31]",5.8127272727272725,0.5,transformer_fallback,102,2,29,0,"{0: 2, 1: 1, 2: 2, 3: 1}",4,0.7818181818181819,1.05,0.0,1.0
