combination,score,svi_score,source,sum_total,even_count,diff_sum,repeats,decades,primes,diversity,filter_reasons,core_bonus,arima_score
"[10, 13, 22, 23, 24, 33]",5.8480606060606055,0.5,transformer_fallback,125,3,23,0,"{np.int64(0): 1, np.int64(1): 1, np.int64(2): 3, np.int64(3): 1}",2,0.6618181818181819,1.1,0.0,1.0
"[6, 11, 22, 24, 32, 37]",5.828666666666666,0.5,transformer_fallback,132,4,31,1,"{np.int64(0): 1, np.int64(1): 1, np.int64(2): 2, np.int64(3): 2}",2,0.6133333333333334,1.1,0.0,1.0
"[4, 18, 19, 22, 24, 28]",5.681393939393939,0.5,transformer_fallback,115,5,24,0,"{np.int64(0): 1, np.int64(1): 2, np.int64(2): 3}",1,0.6618181818181819,0.95,0.0,1.0
"[9, 24, 32, 33, 37, 39]",4.429454545454545,0.5,transformer_fallback,174,2,30,2,"{np.int64(0): 1, np.int64(2): 1, np.int64(3): 4}",1,0.656969696969697,0.9500000000000001,0.0,1.0
"[11, 14, 19, 24, 27, 35]",5.856787878787879,0.5,transformer_fallback,130,2,24,0,"{np.int64(1): 3, np.int64(2): 2, np.int64(3): 1}",2,0.6836363636363636,1.05,0.0,1.0
