combination,score,svi_score,source,sum_total,even_count,diff_sum,repeats,decades,primes,diversity,filter_reasons,core_bonus,arima_score
"[12, 13, 17, 25, 29, 33]",5.055454545454546,0.5,transformer_fallback,129,1,21,0,"{1: 3, 2: 2, 3: 1}",3,0.7636363636363637,0.95,0.0,1.0
"[4, 12, 15, 31, 32, 35]",5.706121212121213,0.5,transformer_fallback,129,3,31,0,"{0: 1, 1: 2, 3: 3}",1,0.7236363636363636,1.05,0.0,1.0
"[15, 19, 22, 24, 36, 38]",5.07939393939394,0.5,transformer_fallback,154,4,23,1,"{1: 2, 2: 2, 3: 2}",1,0.7818181818181819,0.9,0.0,1.0
"[2, 3, 4, 5, 23, 31]",4.304,0.5,transformer_fallback,68,2,29,0,"{0: 4, 2: 1, 3: 1}",5,0.76,0.9500000000000001,0.0,1.0
"[8, 10, 17, 26, 27, 28]",4.7293939393939395,0.5,transformer_fallback,116,4,20,1,"{0: 2, 1: 1, 2: 3}",1,0.7818181818181819,1.05,0.0,1.0
