combination,score,svi_score,source,sum_total,even_count,diff_sum,repeats,decades,primes,diversity,filter_reasons,core_bonus,arima_score
"[10, 22, 26, 33, 38, 40]",4.889454545454546,0.5,transformer_fallback,169,5,30,1,"{np.int64(0): 1, np.int64(2): 2, np.int64(3): 3}",0,0.7236363636363636,0.85,0.0,1.0
"[3, 6, 9, 25, 29, 39]",5.881515151515151,0.5,transformer_fallback,111,1,36,1,"{np.int64(0): 3, np.int64(2): 2, np.int64(3): 1}",2,0.7454545454545455,1.0,0.0,1.0
"[13, 19, 21, 25, 30, 38]",5.856787878787879,0.5,transformer_fallback,146,2,25,1,"{np.int64(1): 2, np.int64(2): 3, np.int64(3): 1}",2,0.6836363636363636,1.05,0.0,1.0
"[9, 26, 27, 30, 34, 38]",4.614727272727273,0.5,transformer_fallback,164,4,29,1,"{np.int64(0): 1, np.int64(2): 3, np.int64(3): 2}",0,0.6618181818181819,0.9500000000000001,0.0,1.0
"[1, 3, 28, 30, 31, 38]",6.106787878787879,0.5,transformer_fallback,131,3,37,1,"{np.int64(0): 2, np.int64(2): 2, np.int64(3): 2}",2,0.6836363636363636,1.1,0.0,1.0
