combination,score,svi_score,source,sum_total,even_count,diff_sum,repeats,decades,primes,diversity,filter_reasons,core_bonus,arima_score
"[4, 5, 8, 11, 17, 35]",5.370909090909091,0.5,transformer_fallback,80,2,31,0,"{0: 3, 1: 2, 3: 1}",3,0.6772727272727272,0.9,0.0,1.0
"[1, 4, 5, 6, 32, 38]",3.4466666666666663,0.5,transformer_fallback,86,4,37,0,"{0: 4, 3: 2}",1,0.7,0.8,0.0,1.0
"[7, 10, 18, 33, 35, 36]",5.698484848484849,0.5,transformer_fallback,139,3,29,0,"{0: 2, 1: 1, 3: 3}",1,0.7045454545454546,1.05,0.0,1.0
"[2, 9, 12, 19, 22, 33]",4.974242424242425,0.5,transformer_fallback,97,3,31,0,"{0: 2, 1: 2, 2: 1, 3: 1}",2,0.7272727272727273,0.9,0.0,1.0
