combination,score,svi_score,source,sum_total,even_count,diff_sum,repeats,decades,primes,diversity,filter_reasons,core_bonus,arima_score
"[7, 9, 15, 25, 32, 38]",5.678,0.5,transformer_fallback,126,2,31,0,"{0: 2, 1: 1, 2: 1, 3: 2}",1,0.6533333333333333,1.05,0.0,1.0
"[4, 8, 24, 32, 37, 38]",5.940121212121213,0.5,transformer_fallback,143,5,34,0,"{0: 2, 2: 1, 3: 3}",1,0.6836363636363637,1.0,0.0,1.0
"[15, 18, 22, 35, 37, 38]",5.040121212121213,0.5,transformer_fallback,165,3,23,0,"{1: 2, 2: 1, 3: 3}",1,0.6836363636363637,0.9,0.0,1.0
"[1, 3, 7, 9, 30, 38]",4.596121212121213,0.5,transformer_fallback,88,2,37,0,"{0: 4, 2: 1, 3: 1}",2,0.656969696969697,0.8500000000000001,0.0,1.0
"[1, 3, 6, 24, 33, 35]",5.956121212121213,0.5,transformer_fallback,102,2,34,0,"{0: 3, 2: 1, 3: 2}",1,0.7236363636363636,1.1,0.0,1.0
