combination,score,svi_score,source,sum_total,even_count,diff_sum,repeats,decades,primes,diversity,filter_reasons,core_bonus,arima_score
"[1, 5, 13, 19, 35, 37]",5.082181818181818,0.5,transformer_fallback,110,0,36,1,"{0: 2, 1: 2, 3: 2}",4,0.7054545454545456,0.95,0.0,1.0
"[4, 10, 12, 13, 24, 38]",5.6881818181818184,0.5,transformer_fallback,101,5,34,2,"{0: 2, 1: 2, 2: 1, 3: 1}",1,0.6787878787878788,1.0,0.0,1.0
"[1, 5, 12, 20, 30, 33]",5.929454545454545,0.5,transformer_fallback,101,3,32,1,"{0: 2, 1: 2, 2: 1, 3: 1}",1,0.656969696969697,1.1,0.0,1.0
"[6, 7, 12, 13, 26, 38]",5.846121212121211,0.5,transformer_fallback,102,4,32,1,"{0: 2, 1: 2, 2: 1, 3: 1}",2,0.656969696969697,1.1,0.0,1.0
"[1, 12, 26, 27, 28, 30]",4.91278787878788,0.5,transformer_fallback,124,4,29,1,"{0: 1, 1: 1, 2: 4}",0,0.656969696969697,1.1,0.0,1.0
