combination,score,svi_score,source,sum_total,even_count,diff_sum,repeats,decades,primes,diversity,filter_reasons,core_bonus,arima_score
"[11, 17, 22, 28, 30, 37]",6.032181818181818,0.5,transformer_fallback,145,3,26,0,"{1: 2, 2: 3, 3: 1}",3,0.7054545454545456,1.05,0.0,1.0
"[2, 12, 17, 28, 35, 36]",5.871333333333333,0.5,transformer_fallback,130,4,34,1,"{0: 1, 1: 2, 2: 1, 3: 2}",2,0.72,1.05,0.0,1.0
"[12, 17, 20, 21, 26, 38]",5.690121212121213,0.5,transformer_fallback,134,4,26,0,"{1: 3, 2: 2, 3: 1}",1,0.6836363636363636,1.05,0.0,1.0
"[7, 14, 22, 26, 29, 31]",6.048181818181818,0.5,transformer_fallback,129,3,24,0,"{0: 1, 1: 1, 2: 3, 3: 1}",3,0.7454545454545455,1.1,0.0,1.0
"[10, 11, 18, 21, 26, 34]",5.706121212121213,0.5,transformer_fallback,120,4,24,0,"{0: 1, 1: 2, 2: 2, 3: 1}",1,0.7236363636363636,1.05,0.0,1.0
