combination,score,svi_score,source,sum_total,even_count,diff_sum,repeats,decades,primes,diversity,filter_reasons,core_bonus,arima_score
"[5, 6, 17, 19, 29, 35]",5.548181818181818,0.5,transformer_fallback,111,1,30,0,"{np.int64(0): 2, np.int64(1): 2, np.int64(2): 1, np.int64(3): 1}",4,0.7454545454545455,0.95,0.0,1.0
"[8, 21, 25, 29, 36, 37]",5.230060606060606,0.5,transformer_fallback,156,2,29,0,"{np.int64(0): 1, np.int64(2): 3, np.int64(3): 2}",2,0.7418181818181818,0.9500000000000001,0.0,1.0
"[2, 18, 21, 28, 29, 34]",5.865515151515151,0.5,transformer_fallback,132,4,32,0,"{np.int64(0): 1, np.int64(1): 1, np.int64(2): 3, np.int64(3): 1}",2,0.7054545454545454,1.05,0.0,1.0
"[10, 24, 27, 34, 38, 40]",4.912727272727273,0.5,transformer_fallback,173,5,30,0,"{np.int64(0): 1, np.int64(2): 2, np.int64(3): 3}",0,0.7818181818181819,0.85,0.0,1.0
"[2, 19, 22, 23, 26, 33]",6.055454545454546,0.5,transformer_fallback,125,3,31,0,"{np.int64(0): 1, np.int64(1): 1, np.int64(2): 3, np.int64(3): 1}",3,0.7636363636363637,1.05,0.0,1.0
