combination,score,svi_score,source,sum_total,even_count,diff_sum,repeats,decades,primes,diversity,filter_reasons,core_bonus,arima_score
"[19, 20, 21, 23, 35, 40]",3.861904761904762,0.5,lstm,158,2,21,2,"{1: 2, 2: 2, 3: 2}",2,0.4464285714285714,0.9,0.0,1.0
"[18, 20, 21, 22, 24, 40]",5.447619047619048,0.5,lstm,145,5,22,2,"{1: 2, 2: 3, 3: 1}",0,0.49404761904761907,0.95,0.0,1.0
"[17, 20, 21, 23, 24, 40]",5.783333333333333,0.5,lstm,145,3,23,2,"{1: 2, 2: 3, 3: 1}",2,0.5,1.05,0.0,1.0
"[15, 20, 22, 23, 25, 40]",4.7250000000000005,0.5,lstm,145,3,25,3,"{1: 2, 2: 3, 3: 1}",1,0.5208333333333334,1.05,0.0,1.0
"[20, 21, 22, 24, 32, 40]",3.547619047619048,0.5,lstm,159,5,20,2,"{1: 1, 2: 3, 3: 2}",0,0.49404761904761907,0.85,0.0,1.0
"[19, 20, 21, 22, 23, 40]",3.8261904761904764,0.5,lstm,145,3,21,3,"{1: 2, 2: 3, 3: 1}",2,0.3571428571428571,0.9500000000000001,0.0,1.0
"[19, 20, 22, 23, 36, 40]",3.2119047619047616,0.5,lstm,160,4,21,3,"{1: 2, 2: 2, 3: 2}",2,0.4464285714285714,0.9,0.0,1.0
"[19, 20, 22, 23, 35, 40]",2.951190476190476,0.5,lstm,159,3,21,3,"{1: 2, 2: 2, 3: 2}",2,0.4196428571428572,0.9,0.0,1.0
