combination,score,svi_score,source,sum_total,even_count,diff_sum,repeats,decades,primes,diversity,filter_reasons,core_bonus,arima_score
"[2, 4, 5, 6, 27, 30]",3.622787878787879,0.5,transformer_fallback,74,4,28,0,"{0: 4, 2: 2}",2,0.7236363636363636,0.9500000000000001,0.0,1.0
"[6, 9, 17, 20, 22, 36]",5.706121212121213,0.5,transformer_fallback,110,4,30,0,"{0: 2, 1: 2, 2: 1, 3: 1}",1,0.7236363636363636,1.05,0.0,1.0
"[9, 15, 18, 28, 36, 37]",5.956121212121213,0.5,transformer_fallback,143,3,28,0,"{0: 1, 1: 2, 2: 1, 3: 2}",1,0.7236363636363636,1.05,0.0,1.0
"[3, 4, 10, 17, 28, 38]",6.124242424242424,0.5,transformer_fallback,100,4,35,0,"{0: 3, 1: 1, 2: 1, 3: 1}",2,0.7272727272727273,1.05,0.0,1.0
"[5, 15, 21, 30, 35, 38]",5.706121212121213,0.5,transformer_fallback,144,2,33,0,"{0: 1, 1: 1, 2: 2, 3: 2}",1,0.7236363636363636,1.05,0.0,1.0
