combination,score,svi_score,source,sum_total,even_count,diff_sum,repeats,decades,primes,diversity,filter_reasons,core_bonus,arima_score
"[19, 20, 21, 22, 26, 40]",4.585374149659864,0.5,lstm,148,4,21,2,"{1: 2, 2: 3, 3: 1}",1,0.4217687074829932,1.05,0.0,1.0
"[6, 20, 21, 22, 23, 40]",4.663605442176872,0.5,lstm,132,4,34,3,"{0: 1, 1: 1, 2: 3, 3: 1}",1,0.36734693877551017,1.1,0.0,1.0
"[20, 21, 22, 24, 38, 40]",3.778231292517007,0.5,lstm,165,5,20,2,"{1: 1, 2: 3, 3: 2}",0,0.44557823129251695,0.85,0.0,1.0
"[20, 21, 22, 23, 24, 40]",3.0513605442176868,0.5,lstm,150,4,20,3,"{1: 1, 2: 4, 3: 1}",1,0.33673469387755095,1.0,0.0,1.0
"[3, 20, 21, 23, 25, 40]",5.773809523809524,0.5,lstm,132,2,37,2,"{0: 1, 1: 1, 2: 3, 3: 1}",2,0.47619047619047616,1.1,0.0,1.0
"[19, 20, 21, 23, 37, 40]",3.368707482993197,0.5,lstm,160,2,21,3,"{1: 2, 2: 2, 3: 2}",3,0.4217687074829932,0.9,0.0,1.0
"[19, 20, 21, 22, 23, 40]",3.8057823129251704,0.5,lstm,145,3,21,3,"{1: 2, 2: 3, 3: 1}",2,0.30612244897959173,0.9500000000000001,0.0,1.0
