combination,score,svi_score,source,sum_total,even_count,diff_sum,repeats,decades,primes,diversity,filter_reasons,core_bonus,arima_score
"[7, 18, 21, 24, 31, 40]",5.888787878787879,0.5,transformer_fallback,141,3,33,1,"{0: 1, 1: 1, 2: 2, 3: 2}",2,0.7636363636363637,1.05,0.0,1.0
"[9, 25, 26, 27, 30, 39]",4.055454545454546,0.5,transformer_fallback,156,2,30,0,"{0: 1, 2: 4, 3: 1}",0,0.7636363636363637,0.9500000000000001,0.0,1.0
"[3, 6, 21, 22, 29, 38]",5.872787878787879,0.5,transformer_fallback,119,3,35,1,"{0: 2, 2: 3, 3: 1}",2,0.7236363636363636,1.1,0.0,1.0
"[17, 19, 21, 22, 28, 39]",5.865515151515151,0.5,transformer_fallback,146,2,22,0,"{1: 2, 2: 3, 3: 1}",2,0.7054545454545454,1.05,0.0,1.0
"[2, 5, 11, 22, 30, 32]",6.298181818181818,0.5,transformer_fallback,102,4,30,0,"{0: 2, 1: 1, 2: 2, 3: 1}",3,0.7454545454545455,1.1,0.0,1.0
