combination,score,svi_score,source,sum_total,even_count,diff_sum,repeats,decades,primes,diversity,filter_reasons,core_bonus,arima_score
"[7, 10, 30, 31, 38, 39]",5.246060606060606,0.5,transformer_fallback,155,3,32,1,"{0: 2, 2: 1, 3: 3}",2,0.7818181818181819,0.9500000000000001,0.0,1.0
"[1, 2, 3, 12, 21, 35]",5.2315151515151515,0.5,transformer_fallback,74,2,34,2,"{0: 3, 1: 1, 2: 1, 3: 1}",2,0.7454545454545455,0.9500000000000001,0.0,1.0
"[10, 11, 21, 32, 34, 40]",5.698848484848485,0.5,transformer_fallback,148,4,30,2,"{0: 1, 1: 1, 2: 1, 3: 3}",1,0.7054545454545454,1.1,0.0,1.0
"[5, 8, 9, 11, 34, 35]",5.872787878787879,0.5,transformer_fallback,102,2,30,0,"{0: 3, 1: 1, 3: 2}",2,0.7236363636363636,1.1,0.0,1.0
"[1, 4, 11, 22, 23, 36]",5.2315151515151515,0.5,transformer_fallback,97,3,35,0,"{0: 2, 1: 1, 2: 2, 3: 1}",2,0.7454545454545455,0.9500000000000001,0.0,1.0
