combination,score,svi_score,source,sum_total,even_count,diff_sum,repeats,decades,primes,diversity,filter_reasons,core_bonus,arima_score
"[11, 12, 22, 23, 35, 36]",5.874242424242424,0.5,transformer_fallback,139,3,25,1,"{1: 2, 2: 2, 3: 2}",2,0.7272727272727273,1.1,0.0,1.0
"[3, 4, 6, 7, 29, 35]",4.778787878787879,0.5,transformer_fallback,84,2,32,2,"{0: 4, 2: 1, 3: 1}",3,0.696969696969697,0.9500000000000001,0.0,1.0
"[7, 11, 24, 32, 37, 40]",5.398181818181818,0.5,transformer_fallback,151,3,33,0,"{0: 1, 1: 1, 2: 1, 3: 3}",3,0.7454545454545455,0.9500000000000001,0.0,1.0
"[4, 5, 6, 18, 30, 35]",5.052727272727274,0.5,transformer_fallback,98,4,31,2,"{0: 3, 1: 1, 2: 1, 3: 1}",1,0.7151515151515151,0.9,0.0,1.0
"[11, 16, 25, 27, 33, 34]",5.722121212121213,0.5,transformer_fallback,146,2,23,0,"{1: 2, 2: 2, 3: 2}",1,0.7636363636363637,1.05,0.0,1.0
