combination,score,svi_score,source,sum_total,even_count,diff_sum,repeats,decades,primes,diversity,filter_reasons,core_bonus,arima_score
"[13, 22, 26, 31, 39, 40]",5.222787878787879,0.5,transformer_fallback,171,3,27,1,"{np.int64(1): 1, np.int64(2): 2, np.int64(3): 3}",2,0.7236363636363636,0.9500000000000001,0.0,1.0
"[13, 17, 20, 21, 26, 35]",5.8640606060606055,0.5,transformer_fallback,132,2,22,0,"{np.int64(1): 3, np.int64(2): 2, np.int64(3): 1}",2,0.7018181818181819,1.05,0.0,1.0
"[8, 12, 19, 20, 33, 34]",5.722121212121213,0.5,transformer_fallback,126,4,26,1,"{np.int64(0): 1, np.int64(1): 3, np.int64(3): 2}",1,0.7636363636363637,1.05,0.0,1.0
"[2, 9, 16, 18, 21, 26]",4.806121212121213,0.5,transformer_fallback,92,4,24,0,"{np.int64(0): 2, np.int64(1): 2, np.int64(2): 2}",1,0.7236363636363636,0.9,0.0,1.0
"[6, 11, 18, 33, 36, 39]",5.964848484848485,0.5,transformer_fallback,143,3,33,0,"{np.int64(0): 1, np.int64(1): 2, np.int64(3): 3}",1,0.7454545454545455,1.05,0.0,1.0
