combination,score,svi_score,source,sum_total,even_count,diff_sum,repeats,decades,primes,diversity,filter_reasons,core_bonus,arima_score
"[17, 18, 20, 31, 37, 38]",3.3894545454545457,0.5,transformer_fallback,161,3,21,2,"{np.int64(1): 3, np.int64(3): 3}",3,0.7236363636363636,0.9,0.0,1.0
"[7, 9, 22, 26, 28, 39]",5.722121212121213,0.5,transformer_fallback,131,3,32,1,"{np.int64(0): 2, np.int64(2): 3, np.int64(3): 1}",1,0.7636363636363637,1.1,0.0,1.0
"[6, 10, 19, 20, 28, 40]",5.707575757575758,0.5,transformer_fallback,123,5,34,2,"{np.int64(0): 2, np.int64(1): 2, np.int64(2): 1, np.int64(3): 1}",1,0.7272727272727273,0.95,0.0,1.0
"[7, 25, 33, 36, 37, 40]",4.624242424242425,0.5,transformer_fallback,178,2,33,1,"{np.int64(0): 1, np.int64(2): 1, np.int64(3): 4}",2,0.7272727272727273,0.9500000000000001,0.0,1.0
"[1, 10, 17, 31, 33, 35]",5.872787878787879,0.5,transformer_fallback,127,1,34,1,"{np.int64(0): 2, np.int64(1): 1, np.int64(3): 3}",2,0.7236363636363636,0.95,0.0,1.0
