combination,score,svi_score,source,sum_total,even_count,diff_sum,repeats,decades,primes,diversity,filter_reasons,core_bonus,arima_score
"[1, 6, 13, 15, 22, 23]",5.003333333333334,0.5,transformer_fallback,80,2,22,0,"{0: 2, 1: 2, 2: 2}",2,0.8,0.9,0.0,1.0
"[7, 9, 31, 32, 33, 36]",4.296060606060607,0.5,transformer_fallback,148,2,29,1,"{0: 2, 3: 4}",2,0.7818181818181819,1.0,0.0,1.0
"[5, 14, 17, 27, 29, 39]",6.0627272727272725,0.5,transformer_fallback,131,1,34,1,"{0: 1, 1: 2, 2: 2, 3: 1}",3,0.7818181818181819,0.95,0.0,1.0
"[2, 18, 24, 25, 28, 37]",5.887333333333333,0.5,transformer_fallback,134,4,35,0,"{0: 1, 1: 1, 2: 3, 3: 1}",2,0.76,1.05,0.0,1.0
"[2, 19, 21, 25, 27, 31]",6.039454545454546,0.5,transformer_fallback,125,1,29,0,"{0: 1, 1: 1, 2: 3, 3: 1}",3,0.7236363636363636,0.95,0.0,1.0
