combination,score,svi_score,source,sum_total,even_count,diff_sum,repeats,decades,primes,diversity,filter_reasons,core_bonus,arima_score
"[1, 4, 7, 20, 28, 29]",5.222787878787879,0.5,transformer_fallback,89,3,28,1,"{0: 3, 1: 1, 2: 2}",2,0.7236363636363636,0.8500000000000001,0.0,1.0
"[1, 4, 11, 37, 39, 40]",5.353393939393939,0.5,transformer_fallback,132,2,39,0,"{0: 2, 1: 1, 3: 3}",2,0.6751515151515152,1.1,0.0,1.0
"[4, 11, 14, 15, 18, 40]",5.088181818181819,0.5,transformer_fallback,102,4,36,0,"{0: 1, 1: 4, 3: 1}",1,0.6787878787878788,1.05,0.0,1.0
"[6, 9, 11, 21, 31, 34]",5.881515151515151,0.5,transformer_fallback,112,2,28,1,"{0: 2, 1: 1, 2: 1, 3: 2}",2,0.7454545454545455,1.1,0.0,1.0
"[6, 15, 16, 17, 27, 28]",5.714848484848485,0.5,transformer_fallback,109,3,22,1,"{0: 1, 1: 3, 2: 2}",1,0.7454545454545455,1.05,0.0,1.0
