combination,score,svi_score,source,sum_total,even_count,diff_sum,repeats,decades,primes,diversity,filter_reasons,core_bonus,arima_score
"[1, 2, 3, 21, 22, 40]",4.23878787878788,0.5,transformer_fallback,89,3,39,0,"{0: 3, 2: 2, 3: 1}",2,0.7636363636363637,0.8500000000000001,0.0,1.0
"[8, 11, 18, 29, 32, 39]",5.876666666666666,0.5,transformer_fallback,137,3,31,0,"{0: 1, 1: 2, 2: 1, 3: 2}",2,0.7333333333333334,1.05,0.0,1.0
"[6, 13, 14, 23, 27, 40]",5.888787878787879,0.5,transformer_fallback,123,3,34,2,"{0: 1, 1: 2, 2: 2, 3: 1}",2,0.7636363636363637,1.1,0.0,1.0
"[1, 8, 12, 18, 25, 39]",4.536060606060606,0.5,transformer_fallback,103,3,38,0,"{0: 2, 1: 2, 2: 1, 3: 1}",0,0.7151515151515151,1.05,0.0,1.0
"[6, 17, 19, 20, 26, 28]",5.896060606060606,0.5,transformer_fallback,116,4,22,1,"{0: 1, 1: 3, 2: 2}",2,0.7818181818181819,1.05,0.0,1.0
