combination,score,svi_score,source,sum_total,even_count,diff_sum,repeats,decades,primes,diversity,filter_reasons,core_bonus,arima_score
"[2, 26, 33, 36, 38, 39]",4.4633939393939395,0.5,transformer_fallback,174,4,37,1,"{np.int64(0): 1, np.int64(2): 1, np.int64(3): 4}",1,0.7418181818181818,0.9700000000000001,0.0,1.0
"[11, 14, 22, 23, 26, 30]",3.288787878787879,0.5,transformer_fallback,126,4,19,1,"{np.int64(1): 2, np.int64(2): 4}",2,0.7636363636363637,0.9700000000000001,0.0,1.0
"[1, 4, 6, 13, 18, 29]",4.330060606060607,0.5,transformer_fallback,71,3,28,3,"{np.int64(0): 3, np.int64(1): 2, np.int64(2): 1}",2,0.7418181818181818,0.92,0.0,1.0
"[1, 13, 20, 26, 32, 39]",4.690121212121213,0.5,transformer_fallback,131,3,38,2,"{np.int64(0): 1, np.int64(1): 2, np.int64(2): 1, np.int64(3): 2}",1,0.6836363636363636,1.12,0.0,1.0
"[7, 8, 10, 13, 17, 28]",4.155454545454546,0.5,transformer_fallback,83,3,21,1,"{np.int64(0): 3, np.int64(1): 2, np.int64(2): 1}",3,0.7636363636363637,0.92,0.0,1.0
