combination,score,svi_score,source,sum_total,even_count,diff_sum,repeats,decades,primes,diversity,filter_reasons,core_bonus,arima_score
"[1, 6, 18, 24, 27, 32]",11.110909090909091,0.5,transformer_fallback,108,4,31,1,"{0: 2, 1: 1, 2: 2, 3: 1}",0,0.7636363636363637,1.05,0.0,2.0
"[3, 5, 15, 25, 37, 40]",13.110909090909091,0.5,transformer_fallback,125,1,37,1,"{0: 2, 1: 1, 2: 1, 3: 2}",3,0.7636363636363637,0.95,0.0,2.0
"[2, 13, 14, 15, 20, 28]",8.760121212121213,0.5,transformer_fallback,92,4,26,1,"{0: 1, 1: 4, 2: 1}",2,0.7418181818181818,0.9,0.0,2.0
"[4, 7, 15, 19, 27, 28]",11.713575757575757,0.5,transformer_fallback,100,2,24,1,"{0: 2, 1: 2, 2: 2}",2,0.6836363636363636,1.05,0.0,2.0
"[1, 4, 7, 23, 30, 35]",12.260121212121211,0.5,transformer_fallback,100,2,34,1,"{0: 3, 2: 2, 3: 1}",2,0.7418181818181818,1.1,0.0,2.0
