combination,score,svi_score,source,sum_total,even_count,diff_sum,repeats,decades,primes,diversity,filter_reasons,core_bonus,arima_score
"[6, 10, 16, 19, 27, 31]",5.863333333333333,0.5,transformer_fallback,109,3,25,0,"{0: 2, 1: 2, 2: 1, 3: 1}",2,0.7,1.05,0.0,1.0
"[3, 11, 22, 29, 36, 38]",6.257575757575758,0.5,transformer_fallback,139,3,35,0,"{0: 1, 1: 1, 2: 2, 3: 2}",3,0.643939393939394,1.1,0.0,1.0
"[3, 20, 22, 35, 38, 40]",5.024242424242425,0.5,transformer_fallback,158,4,37,0,"{0: 1, 1: 1, 2: 1, 3: 3}",1,0.643939393939394,0.9500000000000001,0.0,1.0
"[7, 8, 14, 22, 27, 31]",5.845151515151515,0.5,transformer_fallback,109,3,24,0,"{0: 2, 1: 1, 2: 2, 3: 1}",2,0.6545454545454545,1.1,0.0,1.0
