combination,score,svi_score,source,sum_total,even_count,diff_sum,repeats,decades,primes,diversity,filter_reasons,core_bonus,arima_score
"[1, 3, 6, 20, 33, 36]",10.06278787878788,0.5,transformer_fallback,99,3,35,2,"{0: 3, 1: 1, 3: 2}",1,0.6618181818181819,0.9500000000000001,0.0,2.0
"[20, 21, 24, 32, 33, 40]",7.278909090909091,0.5,transformer_fallback,170,4,20,2,"{1: 1, 2: 2, 3: 3}",0,0.7236363636363636,0.9500000000000001,0.0,2.0
"[2, 17, 23, 25, 30, 33]",12.096363636363636,0.5,transformer_fallback,130,2,31,1,"{0: 1, 1: 1, 2: 3, 3: 1}",3,0.7454545454545455,1.05,0.0,2.0
"[6, 15, 31, 35, 36, 37]",9.260121212121213,0.5,transformer_fallback,160,2,31,1,"{0: 1, 1: 1, 3: 4}",2,0.7418181818181818,0.9,0.0,2.0
"[3, 7, 10, 17, 20, 37]",9.264363636363637,0.5,transformer_fallback,94,2,34,1,"{0: 3, 1: 2, 3: 1}",4,0.7054545454545454,0.9,0.0,2.0
