combination,score,svi_score,source,sum_total,even_count,diff_sum,repeats,decades,primes,diversity,filter_reasons,core_bonus,arima_score
"[1, 3, 4, 13, 22, 33]",5.206787878787879,0.5,transformer_fallback,76,2,32,0,"{0: 3, 1: 1, 2: 1, 3: 1}",2,0.6836363636363637,0.9700000000000001,0.0,1.0
"[1, 2, 4, 17, 23, 29]",4.889454545454546,0.5,transformer_fallback,76,2,28,0,"{0: 3, 1: 1, 2: 2}",4,0.7236363636363636,0.92,0.0,1.0
"[1, 9, 14, 25, 27, 35]",5.548181818181818,0.5,transformer_fallback,111,1,34,0,"{0: 2, 1: 1, 2: 2, 3: 1}",0,0.7454545454545455,1.02,0.0,1.0
"[1, 12, 18, 33, 34, 36]",5.523454545454546,0.5,transformer_fallback,134,4,35,0,"{0: 1, 1: 2, 3: 3}",0,0.6836363636363636,1.07,0.0,1.0
"[7, 12, 22, 31, 32, 36]",5.8800606060606055,0.5,transformer_fallback,140,4,29,0,"{0: 1, 1: 1, 2: 1, 3: 3}",2,0.7418181818181818,1.12,0.0,1.0
