combination,score,svi_score,source,sum_total,even_count,diff_sum,repeats,decades,primes,diversity,filter_reasons,core_bonus,arima_score
"[10, 17, 18, 19, 25, 30]",4.874242424242424,0.5,transformer_fallback,119,3,20,0,"{np.int64(0): 1, np.int64(1): 3, np.int64(2): 2}",2,0.7272727272727273,1.05,0.0,1.0
"[13, 17, 28, 29, 38, 39]",5.382181818181818,0.5,transformer_fallback,164,2,26,0,"{np.int64(1): 2, np.int64(2): 2, np.int64(3): 2}",3,0.7054545454545456,0.9,0.0,1.0
"[10, 15, 22, 27, 37, 38]",5.964848484848485,0.5,transformer_fallback,149,3,28,0,"{np.int64(0): 1, np.int64(1): 1, np.int64(2): 2, np.int64(3): 2}",1,0.7454545454545455,1.05,0.0,1.0
"[11, 13, 16, 19, 27, 31]",3.9321818181818182,0.5,transformer_fallback,117,1,20,0,"{np.int64(1): 4, np.int64(2): 1, np.int64(3): 1}",4,0.7054545454545454,0.95,0.0,1.0
"[4, 11, 12, 13, 17, 26]",4.5307272727272725,0.5,transformer_fallback,83,3,22,0,"{np.int64(0): 1, np.int64(1): 4, np.int64(2): 1}",3,0.7018181818181818,0.9,0.0,1.0
