combination,score,svi_score,source,sum_total,even_count,diff_sum,repeats,decades,primes,diversity,filter_reasons,core_bonus,arima_score
"[4, 10, 14, 16, 17, 31]",4.9815151515151515,0.5,transformer_fallback,92,4,27,1,"{0: 2, 1: 3, 3: 1}",2,0.7454545454545455,0.9,0.0,1.0
"[1, 18, 25, 29, 33, 38]",5.6973939393939395,0.5,transformer_fallback,144,2,37,1,"{0: 1, 1: 1, 2: 2, 3: 2}",1,0.7018181818181819,1.05,0.0,1.0
"[1, 3, 6, 17, 33, 34]",5.215515151515151,0.5,transformer_fallback,94,2,33,1,"{0: 3, 1: 1, 3: 2}",2,0.7054545454545454,0.9,0.0,1.0
"[12, 16, 23, 25, 32, 33]",4.698848484848485,0.5,transformer_fallback,141,3,21,2,"{1: 2, 2: 2, 3: 2}",1,0.7054545454545454,1.05,0.0,1.0
"[1, 7, 10, 23, 24, 27]",3.9742424242424246,0.5,transformer_fallback,92,2,26,0,"{0: 3, 2: 3}",2,0.7272727272727273,0.9500000000000001,0.0,1.0
