combination,score,svi_score,source,sum_total,even_count,diff_sum,repeats,decades,primes,diversity,filter_reasons,core_bonus,arima_score
"[3, 6, 19, 20, 21, 33]",9.928121212121212,0.5,transformer_fallback,102,2,30,3,"{0: 2, 1: 2, 2: 1, 3: 1}",2,0.7018181818181819,1.05,0.0,2.0
"[18, 19, 26, 30, 38, 39]",8.144242424242425,0.5,transformer_fallback,170,4,21,0,"{1: 2, 2: 2, 3: 2}",1,0.7636363636363637,0.9,0.0,2.0
"[3, 5, 17, 21, 22, 28]",10.808000000000002,0.5,transformer_fallback,96,2,25,2,"{0: 2, 1: 1, 2: 3}",3,0.76,0.9,0.0,2.0
"[9, 10, 12, 15, 25, 40]",11.108,0.5,transformer_fallback,111,3,31,1,"{0: 2, 1: 2, 2: 1, 3: 1}",0,0.76,1.05,0.0,2.0
"[2, 11, 15, 19, 33, 40]",10.061454545454545,0.5,transformer_fallback,120,2,38,1,"{0: 1, 1: 3, 3: 2}",3,0.7018181818181818,1.05,0.0,2.0
