combination,score,svi_score,source,sum_total,even_count,diff_sum,repeats,decades,primes,diversity,filter_reasons,core_bonus,arima_score
"[7, 13, 25, 33, 35, 38]",4.972787878787879,0.5,transformer_fallback,151,1,31,0,"{0: 1, 1: 1, 2: 1, 3: 3}",2,0.7236363636363636,0.85,0.0,1.0
"[6, 12, 14, 17, 28, 33]",5.714848484848485,0.5,transformer_fallback,110,4,27,0,"{0: 1, 1: 3, 2: 1, 3: 1}",1,0.7454545454545455,1.05,0.0,1.0
"[2, 4, 7, 30, 32, 35]",6.122787878787879,0.5,transformer_fallback,110,4,33,0,"{0: 3, 2: 1, 3: 2}",2,0.7236363636363636,1.0,0.0,1.0
"[1, 4, 14, 27, 37, 40]",5.222121212121213,0.5,transformer_fallback,123,3,39,0,"{0: 2, 1: 1, 2: 1, 3: 2}",1,0.7636363636363637,1.1,0.0,1.0
"[13, 17, 20, 24, 29, 30]",4.048181818181819,0.5,transformer_fallback,133,3,17,0,"{1: 3, 2: 3}",3,0.7454545454545455,0.9,0.0,1.0
