combination,score,svi_score,source,sum_total,even_count,diff_sum,repeats,decades,primes,diversity,filter_reasons,core_bonus,arima_score
"[1, 4, 7, 12, 24, 38]",10.112242424242426,0.5,transformer_fallback,86,4,37,2,"{0: 3, 1: 1, 2: 1, 3: 1}",1,0.7236363636363636,0.9500000000000001,0.0,2.0
"[8, 9, 20, 26, 32, 39]",11.078909090909091,0.5,transformer_fallback,134,4,31,2,"{0: 2, 1: 1, 2: 1, 3: 2}",0,0.7236363636363636,1.1,0.0,2.0
"[1, 3, 5, 20, 36, 40]",10.731030303030302,0.5,transformer_fallback,105,3,39,0,"{0: 3, 1: 1, 3: 2}",2,0.7054545454545454,1.1,0.0,2.0
"[9, 15, 20, 22, 33, 38]",11.064363636363636,0.5,transformer_fallback,137,3,29,0,"{0: 1, 1: 2, 2: 1, 3: 2}",0,0.7054545454545454,1.05,0.0,2.0
"[1, 7, 17, 20, 28, 35]",11.713575757575757,0.5,transformer_fallback,108,2,34,1,"{0: 2, 1: 2, 2: 1, 3: 1}",2,0.6836363636363636,1.05,0.0,2.0
