combination,score,svi_score,source,sum_total,even_count,diff_sum,repeats,decades,primes,diversity,filter_reasons,core_bonus,arima_score
"[5, 11, 18, 24, 27, 30]",5.738888888888889,0.5,lstm,115,3,25,1,"{np.int64(0): 1, np.int64(1): 2, np.int64(2): 3}",2,0.38888888888888895,1.0,0.0,1.0
"[6, 12, 18, 24, 27, 30]",5.354761904761904,0.5,lstm,117,5,24,1,"{np.int64(0): 1, np.int64(1): 2, np.int64(2): 3}",0,0.26190476190476186,0.7999999999999999,0.0,1.0
"[6, 12, 18, 24, 27, 29]",5.543650793650794,0.5,lstm,116,4,23,1,"{np.int64(0): 1, np.int64(1): 2, np.int64(2): 3}",1,0.31746031746031755,1.0,0.0,1.0
