combination,score,svi_score,source,sum_total,even_count,diff_sum,repeats,decades,primes,diversity,filter_reasons,core_bonus,arima_score
"[4, 5, 11, 13, 14, 30]",5.405454545454546,0.5,transformer_fallback,77,3,26,1,"{np.int64(0): 2, np.int64(1): 3, np.int64(2): 1}",3,0.7636363636363637,0.9500000000000001,0.0,1.0
"[1, 4, 17, 18, 19, 24]",5.2315151515151515,0.5,transformer_fallback,83,3,23,2,"{np.int64(0): 2, np.int64(1): 3, np.int64(2): 1}",2,0.7454545454545455,0.9,0.0,1.0
"[9, 24, 25, 34, 35, 38]",4.648181818181818,0.5,transformer_fallback,165,3,29,0,"{np.int64(0): 1, np.int64(2): 2, np.int64(3): 3}",0,0.7454545454545455,0.9500000000000001,0.0,1.0
"[6, 15, 19, 21, 25, 32]",5.714848484848485,0.5,transformer_fallback,118,2,26,1,"{np.int64(0): 1, np.int64(1): 2, np.int64(2): 2, np.int64(3): 1}",1,0.7454545454545455,1.05,0.0,1.0
"[2, 5, 22, 25, 26, 29]",4.698181818181818,0.5,transformer_fallback,109,3,27,0,"{np.int64(0): 2, np.int64(2): 4}",3,0.7454545454545455,1.0,0.0,1.0
