combination,score,svi_score,source,sum_total,even_count,diff_sum,repeats,decades,primes,diversity,filter_reasons,core_bonus,arima_score
"[9, 12, 24, 25, 34, 37]",11.444242424242425,0.5,transformer_fallback,141,3,28,1,"{0: 1, 1: 1, 2: 2, 3: 2}",1,0.7636363636363637,1.1,0.0,2.0
"[1, 2, 6, 8, 13, 35]",9.260121212121213,0.5,transformer_fallback,65,3,34,1,"{0: 4, 1: 1, 3: 1}",2,0.7418181818181818,0.9500000000000001,0.0,2.0
"[4, 5, 21, 24, 36, 39]",12.444242424242425,0.5,transformer_fallback,129,3,35,1,"{0: 2, 2: 2, 3: 2}",1,0.7636363636363637,1.1,0.0,2.0
"[3, 6, 11, 15, 22, 36]",8.17757575757576,0.5,transformer_fallback,93,3,33,3,"{0: 2, 1: 2, 2: 1, 3: 1}",2,0.7636363636363637,0.9,0.0,2.0
"[8, 12, 19, 27, 32, 35]",11.426787878787879,0.5,transformer_fallback,133,3,27,0,"{0: 1, 1: 2, 2: 1, 3: 2}",1,0.7418181818181818,1.05,0.0,2.0
