combination,score,svi_score,source,sum_total,even_count,diff_sum,repeats,decades,primes,diversity,filter_reasons,core_bonus,arima_score
"[8, 14, 23, 28, 34, 40]",11.39769696969697,0.5,transformer_fallback,147,5,32,0,"{0: 1, 1: 1, 2: 2, 3: 2}",1,0.7054545454545456,1.0,0.0,2.0
"[4, 11, 17, 24, 32, 34]",11.760121212121211,0.5,transformer_fallback,122,4,30,2,"{0: 1, 1: 2, 2: 1, 3: 2}",2,0.7418181818181818,1.05,0.0,2.0
"[4, 10, 17, 18, 23, 31]",12.064363636363636,0.5,transformer_fallback,103,3,27,2,"{0: 2, 1: 2, 2: 1, 3: 1}",3,0.7054545454545454,1.05,0.0,2.0
"[14, 15, 23, 25, 35, 38]",11.412242424242425,0.5,transformer_fallback,150,2,24,0,"{1: 2, 2: 2, 3: 2}",1,0.7236363636363636,1.05,0.0,2.0
"[5, 7, 23, 29, 30, 36]",11.096363636363636,0.5,transformer_fallback,130,2,31,0,"{0: 2, 2: 3, 3: 1}",4,0.7454545454545455,1.1,0.0,2.0
