combination,score,svi_score,source,sum_total,even_count,diff_sum,repeats,decades,primes,diversity,filter_reasons,core_bonus,arima_score
"[6, 9, 10, 19, 20, 38]",11.444242424242425,0.5,transformer_fallback,102,4,32,0,"{0: 3, 1: 2, 3: 1}",1,0.7636363636363637,1.05,0.0,2.0
"[14, 21, 23, 25, 27, 37]",10.545575757575758,0.5,transformer_fallback,147,1,23,0,"{1: 1, 2: 4, 3: 1}",2,0.7236363636363636,1.0,0.0,2.0
"[3, 11, 14, 20, 22, 31]",12.110909090909091,0.5,transformer_fallback,101,3,28,0,"{0: 1, 1: 3, 2: 1, 3: 1}",3,0.7636363636363637,1.1,0.0,2.0
"[1, 5, 9, 18, 27, 30]",10.12969696969697,0.5,transformer_fallback,90,2,29,0,"{0: 3, 1: 1, 2: 2}",1,0.7454545454545455,0.9,0.0,2.0
"[2, 8, 27, 28, 29, 37]",12.093454545454545,0.5,transformer_fallback,131,3,35,0,"{0: 2, 2: 3, 3: 1}",3,0.7418181818181818,1.1,0.0,2.0
