combination,score,svi_score,source,sum_total,even_count,diff_sum,repeats,decades,primes,diversity,filter_reasons,core_bonus,arima_score
"[14, 19, 20, 21, 22, 40]",5.542380952380952,0.5,lstm,136,4,26,2,"{1: 3, 2: 2, 3: 1}",1,0.3142857142857143,1.05,0.0,1.0
"[19, 20, 21, 22, 23, 40]",3.7747619047619048,0.5,lstm,145,3,21,3,"{1: 2, 2: 3, 3: 1}",2,0.22857142857142843,0.9500000000000001,0.0,1.0
"[20, 21, 22, 23, 24, 40]",3.0423809523809524,0.5,lstm,150,4,20,3,"{1: 1, 2: 4, 3: 1}",1,0.3142857142857143,1.0,0.0,1.0
"[6, 20, 21, 22, 23, 40]",4.642380952380953,0.5,lstm,132,4,34,3,"{0: 1, 1: 1, 2: 3, 3: 1}",1,0.3142857142857143,1.1,0.0,1.0
"[19, 20, 21, 22, 35, 40]",3.6423809523809525,0.5,lstm,157,3,21,2,"{1: 2, 2: 2, 3: 2}",1,0.3142857142857143,0.9,0.0,1.0
