combination,score,svi_score,source,sum_total,even_count,diff_sum,repeats,decades,primes,diversity,filter_reasons,core_bonus,arima_score
"[12, 13, 23, 27, 29, 34]",6.0467272727272725,0.5,transformer_fallback,138,2,22,0,"{1: 2, 2: 3, 3: 1}",3,0.7418181818181818,1.1,0.0,1.0
"[12, 17, 20, 27, 30, 36]",5.690121212121213,0.5,transformer_fallback,142,4,24,0,"{1: 3, 2: 2, 3: 1}",1,0.6836363636363637,1.05,0.0,1.0
"[6, 7, 24, 32, 36, 40]",5.936727272727273,0.5,transformer_fallback,145,5,34,0,"{0: 2, 2: 1, 3: 3}",1,0.6751515151515152,1.0,0.0,1.0
"[1, 6, 18, 20, 30, 32]",5.5307272727272725,0.5,transformer_fallback,107,5,31,0,"{0: 2, 1: 2, 2: 1, 3: 1}",0,0.7018181818181819,0.95,0.0,1.0
"[6, 10, 13, 24, 36, 38]",5.9381818181818184,0.5,transformer_fallback,127,5,32,0,"{0: 2, 1: 1, 2: 1, 3: 2}",1,0.6787878787878788,1.0,0.0,1.0
