combination,score,svi_score,source,sum_total,even_count,diff_sum,repeats,decades,primes,diversity,filter_reasons,core_bonus,arima_score
"[1, 11, 25, 27, 36, 37]",6.137333333333333,0.5,transformer_fallback,137,1,36,1,"{0: 1, 1: 1, 2: 2, 3: 2}",2,0.76,1.0,0.0,1.0
"[1, 16, 27, 28, 34, 40]",4.5307272727272725,0.5,transformer_fallback,146,4,39,0,"{0: 1, 1: 1, 2: 2, 3: 2}",0,0.7018181818181819,1.05,0.0,1.0
"[8, 10, 15, 26, 28, 40]",5.5307272727272725,0.5,transformer_fallback,127,5,32,0,"{0: 2, 1: 1, 2: 2, 3: 1}",0,0.7018181818181819,0.95,0.0,1.0
"[8, 9, 16, 30, 32, 33]",5.555454545454546,0.5,transformer_fallback,128,4,25,2,"{0: 2, 1: 1, 2: 1, 3: 2}",0,0.7636363636363637,1.05,0.0,1.0
"[5, 14, 15, 22, 26, 38]",5.720666666666667,0.5,transformer_fallback,120,4,33,0,"{0: 1, 1: 2, 2: 2, 3: 1}",1,0.76,1.05,0.0,1.0
