combination,score,svi_score,source,sum_total,even_count,diff_sum,repeats,decades,primes,diversity,filter_reasons,core_bonus,arima_score
"[5, 10, 15, 19, 28, 32]",5.888787878787879,0.5,transformer_fallback,109,3,27,2,"{0: 2, 1: 2, 2: 1, 3: 1}",2,0.7636363636363637,1.05,0.0,1.0
"[7, 13, 21, 23, 29, 33]",4.846727272727272,0.5,transformer_fallback,126,0,26,0,"{0: 1, 1: 1, 2: 3, 3: 1}",4,0.7418181818181818,1.0,0.0,1.0
"[6, 8, 16, 26, 29, 32]",5.707575757575758,0.5,transformer_fallback,117,5,26,1,"{0: 2, 1: 1, 2: 2, 3: 1}",1,0.7272727272727273,0.95,0.0,1.0
"[1, 10, 17, 23, 25, 29]",6.039454545454546,0.5,transformer_fallback,105,1,28,0,"{0: 2, 1: 1, 2: 3}",3,0.7236363636363636,0.95,0.0,1.0
"[4, 12, 18, 20, 26, 40]",4.862727272727272,0.5,transformer_fallback,120,6,36,0,"{0: 1, 1: 3, 2: 1, 3: 1}",0,0.7818181818181819,0.95,0.0,1.0
