combination,score,svi_score,source,sum_total,even_count,diff_sum,repeats,decades,primes,diversity,filter_reasons,core_bonus,arima_score
"[18, 19, 23, 26, 29, 33]",5.0627272727272725,0.5,transformer_fallback,148,2,15,1,"{1: 2, 2: 3, 3: 1}",3,0.7818181818181819,0.9,0.0,1.0
"[7, 11, 27, 32, 35, 36]",5.8800606060606055,0.5,transformer_fallback,148,2,29,2,"{0: 1, 1: 1, 2: 1, 3: 3}",2,0.7418181818181818,1.1,0.0,1.0
"[4, 13, 15, 16, 27, 35]",5.6973939393939395,0.5,transformer_fallback,110,2,31,2,"{0: 1, 1: 3, 2: 1, 3: 1}",1,0.7018181818181819,1.05,0.0,1.0
"[4, 12, 21, 24, 30, 37]",5.7133939393939395,0.5,transformer_fallback,128,4,33,2,"{0: 1, 1: 1, 2: 3, 3: 1}",1,0.7418181818181818,1.1,0.0,1.0
"[4, 8, 16, 33, 36, 37]",5.940121212121213,0.5,transformer_fallback,134,4,33,1,"{0: 2, 1: 1, 3: 3}",1,0.6836363636363636,1.05,0.0,1.0
