combination,score,svi_score,source,sum_total,even_count,diff_sum,repeats,decades,primes,diversity,filter_reasons,core_bonus,arima_score
"[3, 15, 19, 20, 21, 40]",3.552258014257394,0.5,default,118,2,37,0,"{0: 1, 1: 3, 2: 1, 3: 1}",2,1.0,1.05,0.0,0.593692147229648
"[2, 4, 19, 20, 21, 40]",3.106988903835158,0.5,default,106,4,38,0,"{0: 2, 1: 2, 2: 1, 3: 1}",2,1.0,1.05,0.0,0.593692147229648
"[8, 19, 20, 21, 37, 40]",3.700681051064806,0.5,default,145,3,32,0,"{0: 1, 1: 2, 2: 1, 3: 2}",2,1.0,1.05,0.0,0.593692147229648
