combination,score,svi_score,source,sum_total,even_count,diff_sum,repeats,decades,primes,diversity,filter_reasons,core_bonus,arima_score
"[6, 8, 14, 20, 23, 24]",2.363868177839617,0.5,montecarlo,95,5,18,0,"{0: 2, 1: 2, 2: 2}",1,0.6060606060606062,0.87,0.0,0.5737544120969943
"[7, 20, 21, 26, 36, 37]",3.8024617404374803,0.5,montecarlo,147,3,30,0,"{0: 1, 1: 1, 2: 2, 3: 2}",2,0.5696969696969698,0.87,0.0,0.5737544120969943
"[6, 9, 15, 16, 26, 37]",3.553834828528783,0.5,montecarlo,109,3,31,0,"{0: 2, 1: 2, 2: 1, 3: 1}",1,0.5696969696969696,0.87,0.0,0.5737544120969943
