combination,score,svi_score,source,sum_total,even_count,diff_sum,repeats,decades,primes,diversity,filter_reasons,core_bonus,arima_score
"[9, 10, 26, 32, 37, 39]",5.0575757575757585,0.5,transformer_fallback,153,3,30,0,"{np.int64(0): 2, np.int64(2): 1, np.int64(3): 3}",1,0.7272727272727273,0.9500000000000001,0.0,1.0
"[2, 6, 14, 31, 33, 37]",6.055454545454546,0.5,transformer_fallback,123,3,35,1,"{np.int64(0): 2, np.int64(1): 1, np.int64(3): 3}",3,0.7636363636363637,1.1,0.0,1.0
"[9, 15, 20, 25, 36, 40]",5.789454545454546,0.5,transformer_fallback,145,3,31,0,"{np.int64(0): 1, np.int64(1): 2, np.int64(2): 1, np.int64(3): 2}",0,0.7236363636363636,1.05,0.0,1.0
"[12, 16, 20, 24, 36, 37]",5.948848484848485,0.5,transformer_fallback,145,5,25,0,"{np.int64(1): 3, np.int64(2): 1, np.int64(3): 2}",1,0.7054545454545454,0.95,0.0,1.0
"[10, 12, 15, 21, 22, 38]",5.548181818181818,0.5,transformer_fallback,118,4,28,0,"{np.int64(0): 1, np.int64(1): 2, np.int64(2): 2, np.int64(3): 1}",0,0.7454545454545455,1.05,0.0,1.0
