epoch,train_loss,val_loss
1,0.08756946131587029,0.0890578106045723
2,0.08157713949680329,0.09052172303199768
3,0.07543995097279549,0.093607597053051
4,0.0689850378036499,0.09176819771528244
