combination,score,svi_score,source,sum_total,even_count,diff_sum,repeats,decades,primes,diversity,filter_reasons,core_bonus,arima_score
"[6, 9, 22, 26, 28, 37]",5.690121212121213,0.5,transformer_fallback,128,4,31,0,"{np.int64(0): 2, np.int64(2): 3, np.int64(3): 1}",1,0.6836363636363637,1.1,0.0,1.0
"[17, 25, 27, 28, 34, 40]",4.8075757575757585,0.5,transformer_fallback,171,3,23,0,"{np.int64(1): 1, np.int64(2): 3, np.int64(3): 2}",1,0.7272727272727273,0.9,0.0,1.0
"[3, 9, 13, 17, 24, 26]",5.132181818181818,0.5,transformer_fallback,92,2,23,0,"{np.int64(0): 2, np.int64(1): 2, np.int64(2): 2}",3,0.7054545454545454,0.9,0.0,1.0
"[1, 2, 4, 9, 28, 36]",4.440121212121213,0.5,transformer_fallback,80,4,35,0,"{np.int64(0): 4, np.int64(2): 1, np.int64(3): 1}",1,0.6836363636363636,0.9500000000000001,0.0,1.0
"[1, 4, 20, 26, 38, 40]",5.032181818181818,0.5,transformer_fallback,129,5,39,0,"{np.int64(0): 2, np.int64(1): 1, np.int64(2): 1, np.int64(3): 2}",0,0.7054545454545454,1.0,0.0,1.0
