combination,score,svi_score,source,sum_total,even_count,diff_sum,repeats,decades,primes,diversity,filter_reasons,core_bonus,arima_score
"[6, 9, 30, 31, 38, 39]",5.086666666666668,0.5,transformer_fallback,153,3,33,0,"{np.int64(0): 2, np.int64(2): 1, np.int64(3): 3}",1,0.8,0.9500000000000001,0.0,1.0
"[8, 13, 16, 23, 26, 35]",5.896060606060606,0.5,transformer_fallback,121,3,27,0,"{np.int64(0): 1, np.int64(1): 2, np.int64(2): 2, np.int64(3): 1}",2,0.7818181818181819,1.05,0.0,1.0
"[3, 5, 10, 12, 28, 40]",5.238787878787879,0.5,transformer_fallback,98,4,37,1,"{np.int64(0): 3, np.int64(1): 1, np.int64(2): 1, np.int64(3): 1}",2,0.7636363636363637,0.9500000000000001,0.0,1.0
"[14, 16, 21, 28, 36, 37]",5.064848484848485,0.5,transformer_fallback,152,4,23,2,"{np.int64(1): 2, np.int64(2): 2, np.int64(3): 2}",1,0.7454545454545455,0.9,0.0,1.0
"[4, 7, 11, 18, 19, 28]",5.155454545454546,0.5,transformer_fallback,87,3,24,1,"{np.int64(0): 2, np.int64(1): 3, np.int64(2): 1}",3,0.7636363636363637,0.9,0.0,1.0
