combination,score,svi_score,source,sum_total,even_count,diff_sum,repeats,decades,primes,diversity,filter_reasons,core_bonus,arima_score
"[6, 13, 18, 24, 30, 32]",5.71,0.5,transformer_fallback,123,5,26,0,"{0: 1, 1: 2, 2: 2, 3: 1}",1,0.7333333333333334,0.95,0.0,1.0
"[2, 4, 10, 11, 15, 22]",4.219393939393941,0.5,transformer_fallback,64,4,20,0,"{0: 3, 1: 2, 2: 1}",2,0.7151515151515152,0.9,0.0,1.0
"[1, 13, 19, 24, 32, 33]",5.876666666666666,0.5,transformer_fallback,122,2,32,0,"{0: 1, 1: 2, 2: 1, 3: 2}",2,0.7333333333333334,1.05,0.0,1.0
"[11, 15, 17, 21, 22, 37]",6.036060606060606,0.5,transformer_fallback,123,1,26,0,"{1: 3, 2: 2, 3: 1}",3,0.7151515151515152,0.95,0.0,1.0
"[9, 15, 16, 28, 35, 36]",5.555454545454546,0.5,transformer_fallback,139,3,27,0,"{0: 1, 1: 2, 2: 1, 3: 2}",0,0.7636363636363637,1.05,0.0,1.0
