combination,score,svi_score,source,sum_total,even_count,diff_sum,repeats,decades,primes,diversity,filter_reasons,core_bonus,arima_score
"[13, 18, 24, 31, 37, 39]",10.725575757575758,0.5,transformer_fallback,162,2,26,1,"{1: 2, 2: 1, 3: 3}",3,0.656969696969697,0.9,0.0,2.0
"[3, 13, 18, 22, 32, 37]",12.040121212121212,0.5,transformer_fallback,125,3,34,0,"{0: 1, 1: 2, 2: 1, 3: 2}",3,0.6751515151515152,1.05,0.0,2.0
"[2, 4, 23, 32, 37, 38]",13.064363636363636,0.5,transformer_fallback,136,4,36,0,"{0: 2, 2: 1, 3: 3}",3,0.7054545454545454,1.1,0.0,2.0
"[1, 7, 25, 28, 31, 37]",12.025575757575758,0.5,transformer_fallback,129,1,36,1,"{0: 2, 2: 2, 3: 2}",3,0.656969696969697,1.0,0.0,2.0
"[6, 7, 23, 28, 31, 36]",12.057575757575759,0.5,transformer_fallback,131,3,30,1,"{0: 2, 2: 2, 3: 2}",3,0.696969696969697,1.1,0.0,2.0
