combination,score,svi_score,source,sum_total,even_count,diff_sum,repeats,decades,primes,diversity,filter_reasons,core_bonus,arima_score
"[4, 7, 31, 32, 33, 39]",4.288787878787879,0.5,transformer_fallback,146,2,35,0,"{np.int64(0): 2, np.int64(3): 4}",2,0.7636363636363637,1.0,0.0,1.0
"[3, 10, 19, 22, 28, 33]",5.888787878787879,0.5,transformer_fallback,115,3,30,0,"{np.int64(0): 2, np.int64(1): 1, np.int64(2): 2, np.int64(3): 1}",2,0.7636363636363637,1.05,0.0,1.0
"[13, 22, 23, 25, 26, 30]",3.2815151515151517,0.5,transformer_fallback,139,3,17,0,"{np.int64(1): 1, np.int64(2): 5}",2,0.7454545454545455,0.8500000000000001,0.0,1.0
"[8, 14, 17, 18, 23, 38]",5.888787878787879,0.5,transformer_fallback,118,4,30,0,"{np.int64(0): 1, np.int64(1): 3, np.int64(2): 1, np.int64(3): 1}",2,0.7636363636363637,1.05,0.0,1.0
"[6, 13, 14, 16, 29, 32]",5.881515151515151,0.5,transformer_fallback,110,4,26,0,"{np.int64(0): 1, np.int64(1): 3, np.int64(2): 1, np.int64(3): 1}",2,0.7454545454545455,1.05,0.0,1.0
