combination,score,svi_score,source,sum_total,even_count,diff_sum,repeats,decades,primes,diversity,filter_reasons,core_bonus,arima_score
"[9, 12, 24, 26, 27, 30]",3.9554545454545456,0.5,transformer_fallback,128,4,21,0,"{0: 1, 1: 1, 2: 4}",0,0.7636363636363637,1.12,0.0,1.0
"[1, 4, 26, 28, 37, 39]",5.222121212121213,0.5,transformer_fallback,135,3,38,0,"{0: 2, 2: 2, 3: 2}",1,0.7636363636363637,1.12,0.0,1.0
"[3, 8, 16, 19, 20, 29]",5.162727272727273,0.5,transformer_fallback,95,3,26,0,"{0: 2, 1: 3, 2: 1}",3,0.7818181818181819,0.92,0.0,1.0
"[5, 19, 23, 27, 28, 33]",6.040909090909091,0.5,transformer_fallback,135,1,28,0,"{0: 1, 1: 1, 2: 3, 3: 1}",3,0.7272727272727273,0.97,0.0,1.0
"[7, 10, 14, 23, 35, 40]",5.896060606060606,0.5,transformer_fallback,129,3,33,0,"{0: 2, 1: 1, 2: 1, 3: 2}",2,0.7818181818181819,1.12,0.0,1.0
