combination,score,svi_score,source,sum_total,even_count,diff_sum,repeats,decades,primes,diversity,filter_reasons,core_bonus,arima_score
"[12, 16, 19, 23, 24, 38]",5.874242424242424,0.5,transformer_fallback,132,4,26,0,"{np.int64(1): 3, np.int64(2): 2, np.int64(3): 1}",2,0.7272727272727273,1.05,0.0,1.0
"[5, 15, 18, 19, 33, 40]",5.856787878787879,0.5,transformer_fallback,130,2,35,0,"{np.int64(0): 1, np.int64(1): 3, np.int64(3): 2}",2,0.6836363636363637,1.05,0.0,1.0
"[2, 6, 24, 27, 28, 40]",4.714848484848485,0.5,transformer_fallback,127,5,38,1,"{np.int64(0): 2, np.int64(2): 3, np.int64(3): 1}",1,0.7454545454545455,1.0,0.0,1.0
"[5, 17, 18, 22, 23, 29]",5.5067272727272725,0.5,transformer_fallback,114,2,24,0,"{np.int64(0): 1, np.int64(1): 2, np.int64(2): 3}",4,0.6418181818181818,1.05,0.0,1.0
"[5, 6, 18, 22, 23, 30]",5.832787878787879,0.5,transformer_fallback,104,4,25,0,"{np.int64(0): 2, np.int64(1): 1, np.int64(2): 3}",2,0.6236363636363637,1.05,0.0,1.0
