combination,score,svi_score,source,sum_total,even_count,diff_sum,repeats,decades,primes,diversity,filter_reasons,core_bonus,arima_score
"[17, 19, 20, 21, 22, 40]",5.735714285714286,0.5,lstm,139,3,23,2,"{1: 3, 2: 2, 3: 1}",2,0.38095238095238093,1.05,0.0,1.0
"[19, 20, 21, 22, 23, 40]",3.778571428571429,0.5,lstm,145,3,21,3,"{1: 2, 2: 3, 3: 1}",2,0.23809523809523803,0.9500000000000001,0.0,1.0
"[10, 20, 21, 22, 23, 40]",4.654761904761906,0.5,lstm,136,4,30,3,"{0: 1, 1: 1, 2: 3, 3: 1}",1,0.34523809523809523,1.1,0.0,1.0
"[20, 21, 22, 23, 27, 40]",2.1547619047619047,0.5,lstm,153,3,20,3,"{1: 1, 2: 4, 3: 1}",1,0.34523809523809523,0.8500000000000001,0.0,1.0
"[14, 19, 20, 21, 23, 40]",5.7214285714285715,0.5,lstm,137,3,26,2,"{1: 3, 2: 2, 3: 1}",2,0.34523809523809523,1.05,0.0,1.0
"[11, 19, 20, 21, 23, 40]",5.8880952380952385,0.5,lstm,134,2,29,2,"{1: 3, 2: 2, 3: 1}",3,0.34523809523809523,1.05,0.0,1.0
