combination,score,svi_score,source,sum_total,even_count,diff_sum,repeats,decades,primes,diversity,filter_reasons,core_bonus,arima_score
"[4, 9, 15, 20, 23, 40]",3.453309323052453,0.5,default,111,3,36,0,"{0: 2, 1: 2, 2: 1, 3: 1}",1,1.0,1.05,0.0,0.593692147229648
"[5, 11, 18, 20, 22, 40]",3.552258014257394,0.5,default,116,4,35,0,"{0: 1, 1: 3, 2: 1, 3: 1}",2,1.0,1.05,0.0,0.593692147229648
"[1, 3, 12, 20, 23, 40]",2.572665971328475,0.5,default,99,3,39,0,"{0: 2, 1: 2, 2: 1, 3: 1}",2,1.0,0.9500000000000001,0.0,0.593692147229648
