combination,score,svi_score,source,sum_total,even_count,diff_sum,repeats,decades,primes,diversity,filter_reasons,core_bonus,arima_score
"[8, 12, 19, 22, 25, 38]",5.722121212121213,0.5,transformer_fallback,124,4,30,0,"{0: 1, 1: 2, 2: 2, 3: 1}",1,0.7636363636363637,1.05,0.0,1.0
"[4, 5, 19, 33, 34, 39]",6.122787878787879,0.5,transformer_fallback,134,2,35,0,"{0: 2, 1: 1, 3: 3}",2,0.7236363636363636,1.05,0.0,1.0
"[3, 7, 16, 28, 37, 38]",6.3127272727272725,0.5,transformer_fallback,129,3,35,0,"{0: 2, 1: 1, 2: 1, 3: 2}",3,0.7818181818181819,1.05,0.0,1.0
"[9, 10, 18, 29, 30, 39]",5.722121212121213,0.5,transformer_fallback,135,3,30,0,"{0: 2, 1: 1, 2: 2, 3: 1}",1,0.7636363636363637,1.05,0.0,1.0
"[4, 6, 13, 15, 35, 39]",5.7133939393939395,0.5,transformer_fallback,112,2,35,0,"{0: 2, 1: 2, 3: 2}",1,0.7418181818181818,1.05,0.0,1.0
