combination,score,svi_score,source,sum_total,even_count,diff_sum,repeats,decades,primes,diversity,filter_reasons,core_bonus,arima_score
"[2, 10, 12, 21, 36, 38]",5.948848484848485,0.5,transformer_fallback,119,5,36,1,"{0: 2, 1: 1, 2: 1, 3: 2}",1,0.7054545454545456,1.0,0.0,1.0
"[1, 2, 14, 24, 25, 37]",6.131515151515151,0.5,transformer_fallback,103,3,36,0,"{0: 2, 1: 1, 2: 2, 3: 1}",2,0.7454545454545455,1.1,0.0,1.0
"[5, 10, 21, 24, 28, 33]",5.7133939393939395,0.5,transformer_fallback,121,3,28,2,"{0: 2, 2: 3, 3: 1}",1,0.7418181818181818,1.1,0.0,1.0
"[3, 8, 12, 20, 22, 40]",5.722121212121213,0.5,transformer_fallback,105,5,37,1,"{0: 2, 1: 2, 2: 1, 3: 1}",1,0.7636363636363637,1.0,0.0,1.0
"[1, 4, 11, 12, 13, 27]",5.2315151515151515,0.5,transformer_fallback,68,2,26,1,"{0: 2, 1: 3, 2: 1}",2,0.7454545454545455,0.9500000000000001,0.0,1.0
