combination,score,svi_score,source,sum_total,even_count,diff_sum,repeats,decades,primes,diversity,filter_reasons,core_bonus,arima_score
"[2, 5, 9, 18, 23, 35]",5.3909090909090915,0.5,transformer_fallback,92,2,33,0,"{np.int64(0): 3, np.int64(1): 1, np.int64(2): 1, np.int64(3): 1}",3,0.7272727272727273,0.9,0.0,1.0
"[2, 3, 4, 6, 17, 32]",4.8127272727272725,0.5,transformer_fallback,64,4,30,0,"{np.int64(0): 4, np.int64(1): 1, np.int64(3): 1}",3,0.7818181818181819,0.9,0.0,1.0
"[8, 11, 16, 21, 35, 39]",5.714848484848485,0.5,transformer_fallback,130,2,31,0,"{np.int64(0): 1, np.int64(1): 2, np.int64(2): 1, np.int64(3): 2}",1,0.7454545454545455,1.05,0.0,1.0
"[10, 14, 16, 18, 31, 37]",5.888787878787879,0.5,transformer_fallback,126,4,27,0,"{np.int64(0): 1, np.int64(1): 3, np.int64(3): 2}",2,0.7636363636363637,0.9500000000000001,0.0,1.0
"[12, 19, 23, 34, 36, 39]",5.238787878787879,0.5,transformer_fallback,163,3,27,0,"{np.int64(1): 2, np.int64(2): 1, np.int64(3): 3}",2,0.7636363636363637,0.9,0.0,1.0
