combination,score,svi_score,source,sum_total,even_count,diff_sum,repeats,decades,primes,diversity,filter_reasons,core_bonus,arima_score
"[1, 16, 24, 30, 35, 39]",4.5467272727272725,0.5,transformer_fallback,145,3,38,1,"{0: 1, 1: 1, 2: 2, 3: 2}",0,0.7418181818181818,1.05,0.0,1.0
"[15, 17, 18, 22, 28, 40]",5.7133939393939395,0.5,transformer_fallback,140,4,25,1,"{1: 3, 2: 2, 3: 1}",1,0.7418181818181818,1.05,0.0,1.0
"[1, 3, 4, 14, 21, 30]",5.06339393939394,0.5,transformer_fallback,73,3,29,1,"{0: 3, 1: 1, 2: 2}",1,0.7418181818181818,0.9500000000000001,0.0,1.0
"[2, 8, 13, 28, 37, 39]",6.289454545454546,0.5,transformer_fallback,127,3,37,0,"{0: 2, 1: 1, 2: 1, 3: 2}",3,0.7236363636363636,1.1,0.0,1.0
"[7, 18, 21, 28, 33, 37]",5.8640606060606055,0.5,transformer_fallback,144,2,30,0,"{0: 1, 1: 1, 2: 2, 3: 2}",2,0.7018181818181818,1.05,0.0,1.0
