combination,score,svi_score,source,sum_total,even_count,diff_sum,repeats,decades,primes,diversity,filter_reasons,core_bonus,arima_score
"[17, 18, 25, 28, 36, 37]",8.44557575757576,0.5,transformer_fallback,161,3,20,2,"{1: 2, 2: 2, 3: 2}",2,0.7236363636363636,0.9,0.0,2.0
"[3, 8, 13, 14, 29, 36]",12.064363636363636,0.5,transformer_fallback,103,3,33,2,"{0: 2, 1: 2, 2: 1, 3: 1}",3,0.7054545454545456,1.1,0.0,2.0
"[2, 15, 17, 18, 22, 29]",12.029454545454545,0.5,transformer_fallback,103,3,27,1,"{0: 1, 1: 3, 2: 2}",3,0.6618181818181819,1.05,0.0,2.0
"[2, 9, 14, 24, 26, 29]",11.728121212121211,0.5,transformer_fallback,104,4,27,2,"{0: 2, 1: 1, 2: 3}",2,0.7018181818181819,1.1,0.0,2.0
"[1, 2, 5, 13, 18, 40]",8.764363636363637,0.5,transformer_fallback,79,3,39,1,"{0: 3, 1: 2, 3: 1}",3,0.7054545454545454,0.9,0.0,2.0
