combination,score,svi_score,source,sum_total,even_count,diff_sum,repeats,decades,primes,diversity,filter_reasons,core_bonus,arima_score
"[6, 11, 24, 25, 26, 35]",5.706121212121213,0.5,transformer_fallback,127,3,29,0,"{0: 1, 1: 1, 2: 3, 3: 1}",1,0.7236363636363636,1.12,0.0,1.0
"[3, 5, 6, 11, 22, 38]",5.3613333333333335,0.5,transformer_fallback,85,3,35,0,"{0: 3, 1: 1, 2: 1, 3: 1}",3,0.6533333333333333,0.9700000000000001,0.0,1.0
"[1, 4, 13, 23, 26, 27]",5.2315151515151515,0.5,transformer_fallback,94,2,26,0,"{0: 2, 1: 1, 2: 3}",2,0.7454545454545455,0.9700000000000001,0.0,1.0
"[4, 5, 8, 14, 20, 38]",5.056121212121213,0.5,transformer_fallback,89,5,34,0,"{0: 3, 1: 2, 3: 1}",1,0.7236363636363636,0.87,0.0,1.0
"[3, 7, 11, 27, 38, 40]",6.2715151515151515,0.5,transformer_fallback,126,2,37,0,"{0: 2, 1: 1, 2: 1, 3: 2}",3,0.6787878787878788,1.12,0.0,1.0
