combination,score,svi_score,source,sum_total,even_count,diff_sum,repeats,decades,primes,diversity,filter_reasons,core_bonus,arima_score
"[4, 6, 9, 10, 25, 30]",5.5574163984361,0.5,lstm,84,4,26,0,"{0: 4, 2: 2}",0,0.5904761904761905,0.9,0.0,1.8610388194412073
"[5, 6, 9, 10, 21, 26]",4.074869370065664,0.5,lstm,77,3,21,0,"{0: 4, 2: 2}",1,0.6822510822510823,0.9,0.0,1.8610388194412073
"[4, 7, 9, 10, 28, 37]",8.052980834410596,0.5,lstm,95,3,33,0,"{0: 4, 2: 1, 3: 1}",2,0.6095238095238096,0.9,0.0,1.8610388194412073
"[4, 8, 10, 11, 13, 40]",9.159936391948353,0.5,lstm,86,4,36,0,"{0: 3, 1: 2, 3: 1}",2,0.5965367965367965,0.9,0.0,1.8610388194412073
"[4, 8, 9, 10, 12, 39]",7.383006859411761,0.5,lstm,82,4,35,0,"{0: 4, 1: 1, 3: 1}",0,0.5428571428571428,0.9,0.0,1.8610388194412073
"[4, 8, 9, 10, 11, 35]",7.652667586310384,0.5,lstm,77,3,31,0,"{0: 4, 1: 1, 3: 1}",1,0.4884353741496599,0.9,0.0,1.8610388194412073
"[4, 8, 9, 10, 11, 27]",7.652667586310384,0.5,lstm,69,3,23,0,"{0: 4, 1: 1, 2: 1}",1,0.4884353741496599,0.9,0.0,1.8610388194412073
