combination,score,svi_score,source,sum_total,even_count,diff_sum,repeats,decades,primes,diversity,filter_reasons,core_bonus,arima_score
"[1, 8, 19, 20, 21, 22]",3.7055555555555553,0.5,lstm,91,3,21,1,"{np.int64(0): 2, np.int64(1): 2, np.int64(2): 2}",1,0.4722222222222222,0.9,0.0,1.0
"[19, 20, 21, 22, 30, 35]",4.616666666666667,0.5,lstm,147,3,16,1,"{np.int64(1): 2, np.int64(2): 3, np.int64(3): 1}",1,0.5,0.85,0.0,1.0
"[6, 11, 20, 21, 22, 23]",4.783333333333333,0.5,lstm,103,3,17,1,"{np.int64(0): 1, np.int64(1): 2, np.int64(2): 3}",2,0.5,0.9,0.0,1.0
"[8, 9, 20, 21, 22, 23]",4.605555555555556,0.5,lstm,103,3,15,1,"{np.int64(0): 2, np.int64(1): 1, np.int64(2): 3}",1,0.4722222222222222,0.9,0.0,1.0
"[10, 20, 21, 22, 23, 39]",5.605555555555556,0.5,lstm,135,3,29,2,"{np.int64(0): 1, np.int64(1): 1, np.int64(2): 3, np.int64(3): 1}",1,0.4722222222222222,1.1,0.0,1.0
"[10, 19, 20, 21, 22, 29]",4.772222222222222,0.5,lstm,121,3,19,1,"{np.int64(0): 1, np.int64(1): 2, np.int64(2): 3}",2,0.4722222222222222,0.9,0.0,1.0
