combination,score,svi_score,source,sum_total,even_count,diff_sum,repeats,decades,primes,diversity,filter_reasons,core_bonus,arima_score
"[9, 16, 25, 30, 33, 39]",4.655454545454546,0.5,transformer_fallback,152,2,30,1,"{0: 1, 1: 1, 2: 2, 3: 2}",0,0.7636363636363637,0.9,0.0,1.0
"[11, 13, 21, 27, 28, 31]",5.039454545454546,0.5,transformer_fallback,131,1,20,0,"{1: 2, 2: 3, 3: 1}",3,0.7236363636363636,1.0,0.0,1.0
"[3, 9, 17, 29, 31, 34]",5.548181818181818,0.5,transformer_fallback,123,1,31,0,"{0: 2, 1: 1, 2: 1, 3: 2}",4,0.7454545454545455,0.95,0.0,1.0
"[7, 11, 22, 26, 35, 40]",5.888787878787879,0.5,transformer_fallback,141,3,33,1,"{0: 1, 1: 1, 2: 2, 3: 2}",2,0.7636363636363637,1.1,0.0,1.0
"[4, 11, 15, 21, 25, 29]",5.865515151515151,0.5,transformer_fallback,105,1,25,1,"{0: 1, 1: 2, 2: 3}",2,0.7054545454545454,0.95,0.0,1.0
