combination,score,svi_score,source,sum_total,even_count,diff_sum,repeats,decades,primes,diversity,filter_reasons,core_bonus,arima_score
"[4, 9, 13, 16, 21, 37]",5.8800606060606055,0.5,transformer_fallback,100,2,33,2,"{np.int64(0): 2, np.int64(1): 2, np.int64(2): 1, np.int64(3): 1}",2,0.7418181818181818,1.05,0.0,1.0
"[7, 16, 20, 24, 29, 37]",6.011333333333333,0.5,transformer_fallback,133,3,30,0,"{np.int64(0): 1, np.int64(1): 2, np.int64(2): 2, np.int64(3): 1}",3,0.6533333333333333,1.05,0.0,1.0
"[4, 15, 22, 33, 35, 40]",5.555454545454546,0.5,transformer_fallback,149,3,36,0,"{np.int64(0): 1, np.int64(1): 1, np.int64(2): 1, np.int64(3): 3}",0,0.7636363636363637,1.05,0.0,1.0
"[7, 23, 24, 26, 29, 39]",5.416666666666667,0.5,transformer_fallback,148,2,32,0,"{np.int64(0): 1, np.int64(2): 4, np.int64(3): 1}",3,0.6666666666666667,1.1,0.0,1.0
"[7, 24, 28, 32, 35, 39]",4.786727272727274,0.5,transformer_fallback,165,3,32,0,"{np.int64(0): 1, np.int64(2): 2, np.int64(3): 3}",1,0.6751515151515152,0.9500000000000001,0.0,1.0
