combination,score,svi_score,source,sum_total,even_count,diff_sum,repeats,decades,primes,diversity,filter_reasons,core_bonus,arima_score
"[10, 15, 21, 30, 31, 36]",9.59769696969697,0.5,transformer_fallback,143,3,26,4,"{0: 1, 1: 1, 2: 2, 3: 2}",1,0.7054545454545456,0.9500000000000001,0.0,2.0
"[9, 13, 21, 28, 33, 35]",11.39090909090909,0.5,transformer_fallback,139,1,26,1,"{0: 1, 1: 1, 2: 2, 3: 2}",1,0.696969696969697,1.0,0.0,2.0
"[11, 17, 20, 22, 30, 38]",11.777575757575757,0.5,transformer_fallback,138,4,27,1,"{1: 3, 2: 2, 3: 1}",2,0.7636363636363637,1.05,0.0,2.0
"[1, 2, 3, 10, 13, 37]",8.610909090909093,0.5,transformer_fallback,66,2,36,2,"{0: 4, 1: 1, 3: 1}",4,0.7636363636363637,0.9500000000000001,0.0,2.0
"[9, 23, 28, 30, 31, 35]",9.90678787878788,0.5,transformer_fallback,156,2,26,1,"{0: 1, 2: 3, 3: 2}",2,0.6751515151515152,0.9500000000000001,0.0,2.0
