combination,score,svi_score,source,sum_total,even_count,diff_sum,repeats,decades,primes,diversity,filter_reasons,core_bonus,arima_score
"[14, 17, 28, 33, 37, 38]",5.214060606060606,0.5,transformer_fallback,167,3,24,1,"{np.int64(1): 2, np.int64(2): 1, np.int64(3): 3}",2,0.7018181818181819,0.9,0.0,1.0
"[2, 7, 14, 19, 28, 32]",6.0467272727272725,0.5,transformer_fallback,102,4,30,0,"{np.int64(0): 2, np.int64(1): 2, np.int64(2): 1, np.int64(3): 1}",3,0.7418181818181818,1.05,0.0,1.0
"[14, 21, 24, 26, 30, 37]",4.190121212121213,0.5,transformer_fallback,152,4,23,1,"{np.int64(1): 1, np.int64(2): 4, np.int64(3): 1}",1,0.6836363636363636,0.9500000000000001,0.0,1.0
"[1, 16, 21, 25, 30, 33]",5.539454545454546,0.5,transformer_fallback,126,2,32,2,"{np.int64(0): 1, np.int64(1): 1, np.int64(2): 3, np.int64(3): 1}",0,0.7236363636363636,1.05,0.0,1.0
"[1, 13, 18, 24, 27, 29]",5.888787878787879,0.5,transformer_fallback,112,2,28,1,"{np.int64(0): 1, np.int64(1): 2, np.int64(2): 3}",2,0.7636363636363637,1.05,0.0,1.0
