combination,score,svi_score,source,sum_total,even_count,diff_sum,repeats,decades,primes,diversity,filter_reasons,core_bonus,arima_score
"[4, 10, 24, 29, 31, 38]",5.865515151515151,0.5,transformer_fallback,136,4,34,0,"{0: 2, 2: 2, 3: 2}",2,0.7054545454545456,1.1,0.0,1.0
"[3, 4, 13, 14, 20, 40]",5.2315151515151515,0.5,transformer_fallback,94,4,37,0,"{0: 2, 1: 3, 3: 1}",2,0.7454545454545455,0.9500000000000001,0.0,1.0
"[15, 18, 24, 27, 32, 33]",4.555454545454546,0.5,transformer_fallback,149,3,18,0,"{1: 2, 2: 2, 3: 2}",0,0.7636363636363637,0.9,0.0,1.0
"[8, 11, 17, 31, 38, 40]",6.2967272727272725,0.5,transformer_fallback,145,3,32,0,"{0: 1, 1: 2, 3: 3}",3,0.7418181818181818,1.05,0.0,1.0
"[4, 21, 32, 34, 35, 39]",4.048181818181819,0.5,transformer_fallback,165,3,35,0,"{0: 1, 2: 1, 3: 4}",0,0.7454545454545455,0.9500000000000001,0.0,1.0
