combination,score,svi_score,source,sum_total,even_count,diff_sum,repeats,decades,primes,diversity,filter_reasons,core_bonus,arima_score
"[13, 14, 26, 28, 30, 32]",4.720666666666667,0.5,transformer_fallback,143,5,19,1,"{np.int64(1): 2, np.int64(2): 3, np.int64(3): 1}",1,0.76,0.85,0.0,1.0
"[8, 12, 19, 23, 26, 32]",5.865515151515151,0.5,transformer_fallback,120,4,24,0,"{np.int64(0): 1, np.int64(1): 2, np.int64(2): 2, np.int64(3): 1}",2,0.7054545454545456,1.05,0.0,1.0
"[1, 4, 12, 20, 22, 31]",5.06339393939394,0.5,transformer_fallback,90,4,30,0,"{np.int64(0): 2, np.int64(1): 2, np.int64(2): 1, np.int64(3): 1}",1,0.7418181818181818,0.9500000000000001,0.0,1.0
"[2, 7, 10, 18, 21, 23]",4.155454545454546,0.5,transformer_fallback,81,3,21,2,"{np.int64(0): 3, np.int64(1): 1, np.int64(2): 2}",3,0.7636363636363637,0.9,0.0,1.0
"[2, 3, 4, 5, 12, 36]",4.789454545454546,0.5,transformer_fallback,62,4,34,0,"{np.int64(0): 4, np.int64(1): 1, np.int64(3): 1}",3,0.7236363636363636,0.9500000000000001,0.0,1.0
