combination,score,svi_score,source,sum_total,even_count,diff_sum,repeats,decades,primes,diversity,filter_reasons,core_bonus,arima_score
"[3, 7, 8, 20, 30, 32]",5.888787878787879,0.5,transformer_fallback,100,4,29,1,"{0: 3, 1: 1, 2: 1, 3: 1}",2,0.7636363636363637,1.1,0.0,1.0
"[6, 12, 25, 26, 27, 34]",5.57,0.5,transformer_fallback,130,4,28,0,"{0: 1, 1: 1, 2: 3, 3: 1}",0,0.8,1.1,0.0,1.0
"[4, 18, 20, 24, 31, 37]",5.8560606060606055,0.5,transformer_fallback,134,4,33,0,"{0: 1, 1: 2, 2: 1, 3: 2}",2,0.6818181818181819,1.05,0.0,1.0
"[4, 17, 18, 24, 29, 31]",6.014,0.5,transformer_fallback,123,3,27,1,"{0: 1, 1: 2, 2: 2, 3: 1}",3,0.66,1.05,0.0,1.0
"[5, 10, 17, 19, 29, 30]",5.5467272727272725,0.5,transformer_fallback,110,2,25,1,"{0: 2, 1: 2, 2: 2}",4,0.7418181818181818,1.05,0.0,1.0
