epoch,train_loss,val_loss
1,0.08995778754353523,0.08835157006978989
2,0.07831467643380165,0.09412138909101486
3,0.06850339092314243,0.0978797972202301
4,0.06409248188138009,0.09134840965270996
