combination,score,svi_score,source,sum_total,even_count,diff_sum,repeats,decades,primes,diversity,filter_reasons,core_bonus,arima_score
"[1, 4, 8, 15, 34, 39]",4.732311688311689,0.5,transformer_fallback,101,3,38,0,"{0: 3, 1: 1, 3: 2}",0,0.5807792207792207,1.05,0.0,1.0
"[9, 12, 20, 26, 37, 39]",5.9633939393939395,0.5,transformer_fallback,143,3,30,0,"{0: 1, 1: 2, 2: 1, 3: 2}",1,0.7418181818181818,1.1,0.0,1.0
"[1, 4, 8, 15, 34, 36]",4.848311688311689,0.5,transformer_fallback,98,4,35,0,"{0: 3, 1: 1, 3: 2}",0,0.6207792207792208,0.9,0.0,1.0
"[6, 18, 27, 28, 29, 34]",5.706121212121213,0.5,transformer_fallback,142,4,28,0,"{0: 1, 1: 1, 2: 3, 3: 1}",1,0.7236363636363636,1.05,0.0,1.0
"[19, 26, 27, 31, 34, 39]",3.9480606060606065,0.5,transformer_fallback,176,2,20,0,"{1: 1, 2: 2, 3: 3}",2,0.6618181818181819,0.9,0.0,1.0
