combination,score,svi_score,source,sum_total,even_count,diff_sum,repeats,decades,primes,diversity,filter_reasons,core_bonus,arima_score
"[1, 6, 10, 34, 38, 39]",3.812727272727273,0.5,transformer_fallback,128,4,38,2,"{0: 3, 3: 3}",0,0.7818181818181819,1.1,0.0,1.0
"[8, 16, 20, 24, 27, 37]",5.686727272727273,0.5,transformer_fallback,132,4,29,0,"{0: 1, 1: 2, 2: 2, 3: 1}",1,0.6751515151515152,1.05,0.0,1.0
"[4, 11, 16, 27, 32, 37]",5.860666666666666,0.5,transformer_fallback,127,3,33,0,"{0: 1, 1: 2, 2: 1, 3: 2}",2,0.6933333333333334,1.05,0.0,1.0
"[12, 14, 16, 18, 27, 40]",4.930727272727273,0.5,transformer_fallback,127,5,28,2,"{1: 4, 2: 1, 3: 1}",0,0.7018181818181819,0.95,0.0,1.0
"[1, 2, 7, 20, 29, 40]",4.398181818181818,0.5,transformer_fallback,99,3,39,1,"{0: 3, 1: 1, 2: 1, 3: 1}",3,0.7454545454545455,0.9500000000000001,0.0,1.0
