combination,score,svi_score,source,sum_total,even_count,diff_sum,repeats,decades,primes,diversity,filter_reasons,core_bonus,arima_score
"[9, 19, 21, 22, 23, 40]",4.866666666666667,0.5,lstm,134,2,31,3,"{0: 1, 1: 1, 2: 3, 3: 1}",2,0.45833333333333337,1.05,0.0,1.0
"[13, 20, 21, 22, 23, 40]",4.833333333333334,0.5,lstm,139,3,27,3,"{1: 2, 2: 3, 3: 1}",2,0.375,1.1,0.0,1.0
"[20, 22, 23, 24, 34, 40]",2.7619047619047614,0.5,lstm,163,5,20,3,"{1: 1, 2: 3, 3: 2}",1,0.36309523809523814,0.85,0.0,1.0
"[20, 22, 23, 24, 25, 40]",2.1619047619047618,0.5,lstm,154,4,20,3,"{1: 1, 2: 4, 3: 1}",1,0.36309523809523814,0.8500000000000001,0.0,1.0
