combination,score,svi_score,source,sum_total,even_count,diff_sum,repeats,decades,primes,diversity,filter_reasons,core_bonus,arima_score
"[10, 14, 20, 25, 37, 39]",5.948848484848485,0.5,transformer_fallback,145,3,29,1,"{0: 1, 1: 2, 2: 1, 3: 2}",1,0.7054545454545456,1.1,0.0,1.0
"[1, 7, 8, 10, 30, 36]",4.198848484848485,0.5,transformer_fallback,92,4,35,1,"{0: 4, 2: 1, 3: 1}",1,0.7054545454545456,0.9500000000000001,0.0,1.0
"[5, 6, 10, 25, 27, 33]",4.790121212121213,0.5,transformer_fallback,106,2,28,3,"{0: 3, 2: 2, 3: 1}",1,0.6836363636363636,1.1,0.0,1.0
"[5, 8, 28, 30, 39, 40]",5.948848484848485,0.5,transformer_fallback,150,4,35,2,"{0: 2, 2: 2, 3: 2}",1,0.7054545454545454,1.1,0.0,1.0
"[8, 15, 16, 24, 25, 27]",4.532181818181818,0.5,transformer_fallback,115,3,19,2,"{0: 1, 1: 2, 2: 3}",0,0.7054545454545454,0.9,0.0,1.0
