combination,score,svi_score,source,sum_total,even_count,diff_sum,repeats,decades,primes,diversity,filter_reasons,core_bonus,arima_score
"[2, 4, 5, 20, 33, 35]",5.238787878787879,0.5,transformer_fallback,99,3,33,0,"{0: 3, 1: 1, 3: 2}",2,0.7636363636363637,0.9500000000000001,0.0,1.0
"[5, 8, 17, 22, 28, 30]",5.872787878787879,0.5,transformer_fallback,110,4,25,0,"{0: 2, 1: 1, 2: 3}",2,0.7236363636363636,1.05,0.0,1.0
"[3, 12, 18, 24, 25, 31]",5.8800606060606055,0.5,transformer_fallback,113,3,28,0,"{0: 1, 1: 2, 2: 2, 3: 1}",2,0.7418181818181818,1.05,0.0,1.0
"[13, 21, 22, 25, 33, 40]",4.8075757575757585,0.5,transformer_fallback,154,2,27,0,"{1: 1, 2: 3, 3: 2}",1,0.7272727272727273,0.9500000000000001,0.0,1.0
"[8, 17, 23, 25, 31, 36]",6.0307272727272725,0.5,transformer_fallback,140,2,28,0,"{0: 1, 1: 1, 2: 2, 3: 2}",3,0.7018181818181818,1.05,0.0,1.0
