combination,score,svi_score,source,sum_total,even_count,diff_sum,repeats,decades,primes,diversity,filter_reasons,core_bonus,arima_score
"[4, 14, 17, 20, 23, 38]",10.89495405559184,0.5,transformer_fallback,116,4,34,0,"{0: 1, 1: 3, 2: 1, 3: 1}",2,0.7818181818181819,1.05,0.0,1.8478361712213125
"[5, 7, 17, 18, 36, 37]",10.700651282436146,0.5,transformer_fallback,120,2,32,0,"{0: 2, 1: 2, 3: 2}",4,0.7272727272727273,1.05,0.0,1.8478361712213125
"[3, 18, 24, 27, 35, 39]",10.560103743352343,0.5,transformer_fallback,146,2,36,0,"{0: 1, 1: 1, 2: 2, 3: 2}",1,0.7454545454545455,1.05,0.0,1.8478361712213125
"[10, 15, 19, 24, 33, 37]",10.8322396158413,0.5,transformer_fallback,138,2,27,0,"{0: 1, 1: 2, 2: 1, 3: 2}",2,0.696969696969697,1.05,0.0,1.8478361712213125
"[12, 15, 22, 24, 25, 37]",10.524266920637748,0.5,transformer_fallback,135,3,25,0,"{1: 2, 2: 3, 3: 1}",1,0.696969696969697,1.05,0.0,1.8478361712213125
