combination,score,svi_score,source,sum_total,even_count,diff_sum,repeats,decades,primes,diversity,filter_reasons,core_bonus,arima_score
"[10, 14, 22, 29, 33, 39]",5.690121212121213,0.5,transformer_fallback,147,3,29,1,"{np.int64(0): 1, np.int64(1): 1, np.int64(2): 2, np.int64(3): 2}",1,0.6836363636363637,1.12,0.0,1.0
"[12, 22, 25, 35, 36, 39]",4.873454545454546,0.5,transformer_fallback,169,3,27,1,"{np.int64(1): 1, np.int64(2): 2, np.int64(3): 3}",0,0.6836363636363637,0.9700000000000001,0.0,1.0
"[10, 14, 20, 23, 25, 32]",5.698848484848485,0.5,transformer_fallback,124,4,22,1,"{np.int64(0): 1, np.int64(1): 2, np.int64(2): 2, np.int64(3): 1}",1,0.7054545454545454,1.12,0.0,1.0
"[8, 11, 22, 26, 32, 35]",5.698848484848485,0.5,transformer_fallback,134,4,27,2,"{np.int64(0): 1, np.int64(1): 1, np.int64(2): 2, np.int64(3): 2}",1,0.7054545454545454,1.12,0.0,1.0
"[5, 8, 23, 34, 37, 39]",6.290909090909091,0.5,transformer_fallback,146,2,34,0,"{np.int64(0): 2, np.int64(2): 1, np.int64(3): 3}",3,0.7272727272727273,1.12,0.0,1.0
