combination,score,svi_score,source,sum_total,even_count,diff_sum,repeats,decades,primes,diversity,filter_reasons,core_bonus,arima_score
"[3, 18, 20, 21, 38, 40]",5.895555555555556,0.5,lstm,140,4,37,0,"{0: 1, 1: 2, 2: 1, 3: 2}",1,0.5722222222222222,1.05,0.0,1.0
"[11, 19, 20, 21, 22, 40]",5.732539682539683,0.5,lstm,133,3,29,0,"{1: 3, 2: 2, 3: 1}",2,0.373015873015873,1.05,0.0,1.0
"[19, 20, 21, 22, 23, 40]",4.718253968253968,0.5,lstm,145,3,21,0,"{1: 2, 2: 3, 3: 1}",2,0.3373015873015873,0.9500000000000001,0.0,1.0
"[19, 21, 22, 23, 27, 40]",3.2525396825396826,0.5,lstm,152,2,21,0,"{1: 1, 2: 4, 3: 1}",2,0.42301587301587296,0.9,0.0,1.0
"[11, 19, 21, 22, 23, 40]",5.904920634920635,0.5,lstm,136,2,29,0,"{1: 2, 2: 3, 3: 1}",3,0.38730158730158726,1.05,0.0,1.0
"[18, 20, 21, 22, 36, 40]",4.78888888888889,0.5,lstm,157,5,22,0,"{1: 2, 2: 2, 3: 2}",0,0.4722222222222222,0.7999999999999999,0.0,1.0
