combination,score,svi_score,source,sum_total,even_count,diff_sum,repeats,decades,primes,diversity,filter_reasons,core_bonus,arima_score
"[1, 6, 7, 18, 25, 27]",3.914848484848485,0.5,transformer_fallback,84,2,26,3,"{np.int64(0): 3, np.int64(1): 1, np.int64(2): 2}",1,0.7454545454545455,0.9,0.0,1.0
"[4, 21, 26, 32, 35, 40]",4.655454545454546,0.5,transformer_fallback,158,4,36,0,"{np.int64(0): 1, np.int64(2): 2, np.int64(3): 3}",0,0.7636363636363637,0.9500000000000001,0.0,1.0
"[2, 3, 12, 16, 27, 28]",5.214060606060606,0.5,transformer_fallback,88,4,26,0,"{np.int64(0): 2, np.int64(1): 2, np.int64(2): 2}",2,0.7018181818181819,0.9,0.0,1.0
"[2, 7, 12, 22, 23, 35]",6.032181818181818,0.5,transformer_fallback,101,3,33,1,"{np.int64(0): 2, np.int64(1): 1, np.int64(2): 2, np.int64(3): 1}",3,0.7054545454545454,1.1,0.0,1.0
"[2, 11, 15, 16, 21, 25]",4.965515151515151,0.5,transformer_fallback,90,2,23,1,"{np.int64(0): 1, np.int64(1): 3, np.int64(2): 2}",2,0.7054545454545454,0.9,0.0,1.0
