combination,score,svi_score,source,sum_total,even_count,diff_sum,repeats,decades,primes,diversity,filter_reasons,core_bonus,arima_score
"[9, 10, 13, 17, 27, 36]",5.869393939393939,0.5,transformer_fallback,112,2,27,0,"{0: 2, 1: 2, 2: 1, 3: 1}",2,0.7151515151515152,1.07,0.0,1.0
"[5, 9, 13, 17, 30, 32]",6.036060606060606,0.5,transformer_fallback,106,2,27,0,"{0: 2, 1: 2, 2: 1, 3: 1}",3,0.7151515151515152,1.07,0.0,1.0
"[4, 10, 15, 20, 23, 26]",4.822121212121213,0.5,transformer_fallback,98,4,22,0,"{0: 2, 1: 2, 2: 2}",1,0.7636363636363637,0.92,0.0,1.0
"[1, 11, 18, 24, 37, 40]",5.153333333333333,0.5,transformer_fallback,131,3,39,0,"{0: 1, 1: 2, 2: 1, 3: 2}",2,0.8,1.07,0.0,1.0
"[14, 20, 28, 31, 32, 38]",4.822121212121213,0.5,transformer_fallback,163,5,24,0,"{1: 2, 2: 1, 3: 3}",1,0.7636363636363637,0.87,0.0,1.0
