combination,score,svi_score,source,sum_total,even_count,diff_sum,repeats,decades,primes,diversity,filter_reasons,core_bonus,arima_score
"[3, 12, 19, 25, 33, 40]",5.881515151515151,0.5,transformer_fallback,132,2,37,0,"{0: 1, 1: 2, 2: 1, 3: 2}",2,0.7454545454545455,1.05,0.0,1.0
"[10, 20, 25, 26, 34, 38]",4.648181818181818,0.5,transformer_fallback,153,5,28,0,"{0: 1, 1: 1, 2: 2, 3: 2}",0,0.7454545454545455,0.85,0.0,1.0
"[9, 11, 16, 37, 38, 40]",5.224242424242425,0.5,transformer_fallback,151,3,31,0,"{0: 1, 1: 2, 3: 3}",2,0.7272727272727273,0.9,0.0,1.0
"[11, 22, 26, 30, 32, 35]",4.795454545454547,0.5,transformer_fallback,156,4,24,0,"{1: 1, 2: 3, 3: 2}",1,0.696969696969697,0.9500000000000001,0.0,1.0
"[11, 18, 19, 24, 30, 35]",5.862121212121211,0.5,transformer_fallback,137,3,24,0,"{1: 3, 2: 2, 3: 1}",2,0.696969696969697,1.05,0.0,1.0
