combination,score,svi_score,source,sum_total,even_count,diff_sum,repeats,decades,primes,diversity,filter_reasons,core_bonus,arima_score
"[3, 19, 21, 22, 26, 40]",3.357374168823141,0.5,lstm,131,3,37,1,"{0: 1, 1: 1, 2: 3, 3: 1}",2,0.5444444444444445,1.05,0.0,0.5787467442905242
"[20, 21, 22, 23, 37, 40]",2.392153209734167,0.5,lstm,163,3,20,2,"{1: 1, 2: 3, 3: 2}",2,0.5,0.9500000000000001,0.0,0.5787467442905242
"[15, 20, 22, 23, 31, 40]",2.8416465144664738,0.5,lstm,151,3,25,2,"{1: 2, 2: 2, 3: 2}",2,0.5666666666666667,0.9,0.0,0.5787467442905242
"[20, 22, 23, 27, 36, 40]",2.3111286655334933,0.5,lstm,168,4,20,2,"{1: 1, 2: 3, 3: 2}",1,0.5666666666666667,0.9500000000000001,0.0,0.5787467442905242
"[4, 19, 21, 22, 35, 40]",3.2609163781080537,0.5,lstm,141,3,36,1,"{0: 1, 1: 1, 2: 2, 3: 2}",1,0.5444444444444445,1.05,0.0,0.5787467442905242
"[5, 19, 21, 22, 25, 40]",3.357374168823141,0.5,lstm,132,2,35,1,"{0: 1, 1: 1, 2: 3, 3: 1}",2,0.5444444444444445,1.05,0.0,0.5787467442905242
