combination,score,svi_score,source,sum_total,even_count,diff_sum,repeats,decades,primes,diversity,filter_reasons,core_bonus,arima_score
"[20, 21, 23, 24, 30, 40]",1.8141535756060243,0.5,lstm,158,4,20,1,"{1: 1, 2: 4, 3: 1}",1,0.3476190476190476,0.9500000000000001,0.0,0.593692147229648
"[11, 20, 22, 23, 24, 40]",3.4097718989222785,0.5,lstm,140,4,29,1,"{1: 2, 2: 3, 3: 1}",2,0.4,1.1,0.0,0.593692147229648
"[20, 22, 23, 25, 34, 40]",2.206555813870192,0.5,lstm,164,4,20,2,"{1: 1, 2: 3, 3: 2}",1,0.5,0.9500000000000001,0.0,0.593692147229648
"[20, 21, 23, 24, 27, 40]",1.8141535756060243,0.5,lstm,155,3,20,2,"{1: 1, 2: 4, 3: 1}",1,0.3476190476190476,0.8500000000000001,0.0,0.593692147229648
"[7, 20, 21, 23, 24, 40]",3.397332634885086,0.5,lstm,135,3,33,1,"{0: 1, 1: 1, 2: 3, 3: 1}",2,0.3476190476190476,1.1,0.0,0.593692147229648
