combination,score,svi_score,source,sum_total,even_count,diff_sum,repeats,decades,primes,diversity,filter_reasons,core_bonus,arima_score
"[6, 8, 12, 16, 21, 33]",4.632181818181818,0.5,transformer_fallback,96,4,27,1,"{0: 2, 1: 2, 2: 1, 3: 1}",0,0.7054545454545456,0.92,0.0,1.0
"[6, 10, 14, 18, 31, 33]",5.688666666666667,0.5,transformer_fallback,112,4,27,2,"{0: 2, 1: 2, 3: 2}",1,0.68,1.07,0.0,1.0
"[6, 7, 25, 29, 31, 40]",6.039454545454546,0.5,transformer_fallback,138,2,34,1,"{0: 2, 2: 2, 3: 2}",3,0.7236363636363636,1.12,0.0,1.0
"[9, 13, 14, 20, 30, 33]",5.706121212121213,0.5,transformer_fallback,119,3,24,1,"{0: 1, 1: 3, 2: 1, 3: 1}",1,0.7236363636363636,1.12,0.0,1.0
"[12, 24, 25, 30, 32, 37]",4.814848484848485,0.5,transformer_fallback,160,4,25,0,"{1: 1, 2: 3, 3: 2}",1,0.7454545454545455,0.9700000000000001,0.0,1.0
