combination,score,svi_score,source,sum_total,even_count,diff_sum,repeats,decades,primes,diversity,filter_reasons,core_bonus,arima_score
"[5, 13, 20, 23, 30, 37]",5.548181818181818,0.5,transformer_fallback,128,2,32,1,"{0: 1, 1: 2, 2: 2, 3: 1}",4,0.7454545454545455,1.1,0.0,1.0
"[1, 8, 14, 16, 33, 35]",5.520060606060606,0.5,transformer_fallback,107,3,34,2,"{0: 2, 1: 2, 3: 2}",0,0.6751515151515152,1.05,0.0,1.0
"[11, 14, 24, 33, 36, 37]",5.198060606060606,0.5,transformer_fallback,155,3,26,2,"{1: 2, 2: 1, 3: 3}",2,0.6618181818181819,0.9500000000000001,0.0,1.0
"[1, 12, 14, 16, 18, 37]",4.179454545454545,0.5,transformer_fallback,98,4,36,1,"{0: 1, 1: 4, 3: 1}",1,0.656969696969697,0.9,0.0,1.0
"[4, 21, 24, 26, 35, 37]",5.698848484848485,0.5,transformer_fallback,147,3,33,2,"{0: 1, 2: 3, 3: 2}",1,0.7054545454545454,1.1,0.0,1.0
