combination,score,svi_score,source,sum_total,even_count,diff_sum,repeats,decades,primes,diversity,filter_reasons,core_bonus,arima_score
"[3, 12, 13, 19, 32, 39]",6.055454545454546,0.5,transformer_fallback,118,2,36,0,"{0: 1, 1: 3, 3: 2}",3,0.7636363636363637,1.05,0.0,1.0
"[7, 9, 20, 21, 26, 40]",5.706121212121213,0.5,transformer_fallback,123,3,33,0,"{0: 2, 1: 1, 2: 2, 3: 1}",1,0.7236363636363636,1.1,0.0,1.0
"[14, 22, 26, 27, 35, 38]",4.628787878787879,0.5,transformer_fallback,162,4,24,0,"{1: 1, 2: 3, 3: 2}",0,0.696969696969697,0.9500000000000001,0.0,1.0
"[1, 13, 14, 22, 38, 40]",4.945454545454545,0.5,transformer_fallback,128,4,39,0,"{0: 1, 1: 2, 2: 1, 3: 2}",1,0.696969696969697,1.1,0.0,1.0
"[7, 12, 16, 20, 29, 35]",5.872787878787879,0.5,transformer_fallback,119,3,28,0,"{0: 1, 1: 3, 2: 1, 3: 1}",2,0.7236363636363636,1.05,0.0,1.0
