combination,score,svi_score,source,sum_total,even_count,diff_sum,repeats,decades,primes,diversity,filter_reasons,core_bonus,arima_score
"[5, 7, 11, 20, 30, 38]",12.046909090909091,0.5,transformer_fallback,111,3,33,0,"{0: 2, 1: 2, 2: 1, 3: 1}",3,0.6836363636363637,1.12,0.0,2.0
"[5, 14, 21, 23, 24, 30]",10.528121212121212,0.5,transformer_fallback,117,3,25,0,"{0: 1, 1: 1, 2: 4}",2,0.7018181818181819,1.12,0.0,2.0
"[10, 14, 17, 26, 30, 35]",11.380242424242425,0.5,transformer_fallback,132,4,25,0,"{0: 1, 1: 2, 2: 2, 3: 1}",1,0.6836363636363636,1.07,0.0,2.0
"[7, 10, 29, 34, 35, 38]",9.942666666666668,0.5,transformer_fallback,153,3,31,0,"{0: 2, 2: 1, 3: 3}",2,0.72,0.9700000000000001,0.0,2.0
"[8, 20, 21, 25, 26, 36]",11.096363636363636,0.5,transformer_fallback,136,4,28,2,"{0: 1, 1: 1, 2: 3, 3: 1}",0,0.7454545454545455,1.12,0.0,2.0
