combination,score,svi_score,source,sum_total,even_count,diff_sum,repeats,decades,primes,diversity,filter_reasons,core_bonus,arima_score
"[12, 14, 26, 28, 32, 37]",5.7133939393939395,0.5,transformer_fallback,149,5,25,0,"{1: 2, 2: 2, 3: 2}",1,0.7418181818181818,1.0,0.0,1.0
"[8, 11, 13, 22, 23, 30]",6.0627272727272725,0.5,transformer_fallback,107,3,22,0,"{0: 1, 1: 2, 2: 3}",3,0.7818181818181819,1.1,0.0,1.0
"[2, 5, 10, 15, 25, 35]",5.210666666666667,0.5,transformer_fallback,92,2,33,0,"{0: 3, 1: 1, 2: 1, 3: 1}",2,0.6933333333333334,0.9,0.0,1.0
"[2, 3, 14, 21, 25, 28]",5.214060606060606,0.5,transformer_fallback,93,3,26,0,"{0: 2, 1: 1, 2: 3}",2,0.7018181818181819,0.9500000000000001,0.0,1.0
"[10, 15, 23, 25, 26, 40]",5.6881818181818184,0.5,transformer_fallback,139,3,30,0,"{0: 1, 1: 1, 2: 3, 3: 1}",1,0.6787878787878788,1.05,0.0,1.0
