combination,score,svi_score,source,sum_total,even_count,diff_sum,repeats,decades,primes,diversity,filter_reasons,core_bonus,arima_score
"[2, 8, 13, 21, 27, 36]",5.881515151515151,0.5,transformer_fallback,107,3,34,0,"{0: 2, 1: 1, 2: 2, 3: 1}",2,0.7454545454545455,1.1,0.0,1.0
"[1, 9, 10, 13, 22, 26]",4.806121212121213,0.5,transformer_fallback,81,3,25,0,"{0: 3, 1: 1, 2: 2}",1,0.7236363636363636,0.9500000000000001,0.0,1.0
"[1, 5, 25, 26, 28, 34]",5.954666666666667,0.5,transformer_fallback,119,3,33,0,"{0: 2, 2: 3, 3: 1}",1,0.72,1.1,0.0,1.0
"[4, 10, 15, 18, 31, 36]",5.722121212121213,0.5,transformer_fallback,114,4,32,0,"{0: 2, 1: 2, 3: 2}",1,0.7636363636363637,1.05,0.0,1.0
"[6, 11, 16, 21, 25, 34]",5.7133939393939395,0.5,transformer_fallback,113,3,28,0,"{0: 1, 1: 2, 2: 2, 3: 1}",1,0.7418181818181818,1.05,0.0,1.0
