combination,score,svi_score,source,sum_total,even_count,diff_sum,repeats,decades,primes,diversity,filter_reasons,core_bonus,arima_score
"[1, 7, 26, 30, 36, 40]",4.956121212121213,0.5,transformer_fallback,140,4,39,0,"{np.int64(0): 2, np.int64(2): 2, np.int64(3): 2}",1,0.7236363636363636,1.12,0.0,1.0
"[4, 11, 22, 23, 37, 38]",6.305454545454546,0.5,transformer_fallback,135,3,34,0,"{np.int64(0): 1, np.int64(1): 1, np.int64(2): 2, np.int64(3): 2}",3,0.7636363636363637,1.12,0.0,1.0
"[7, 20, 32, 33, 34, 40]",4.206121212121213,0.5,transformer_fallback,166,4,33,0,"{np.int64(0): 1, np.int64(1): 1, np.int64(3): 4}",1,0.7236363636363636,0.9700000000000001,0.0,1.0
"[1, 2, 21, 23, 27, 32]",6.124242424242424,0.5,transformer_fallback,106,2,31,0,"{np.int64(0): 2, np.int64(2): 3, np.int64(3): 1}",2,0.7272727272727273,1.12,0.0,1.0
"[1, 5, 8, 11, 14, 34]",5.224242424242425,0.5,transformer_fallback,73,3,33,0,"{np.int64(0): 3, np.int64(1): 2, np.int64(3): 1}",2,0.7272727272727273,0.9700000000000001,0.0,1.0
