combination,score,svi_score,source,sum_total,even_count,diff_sum,repeats,decades,primes,diversity,filter_reasons,core_bonus,arima_score
"[7, 18, 20, 21, 27, 35]",5.714848484848485,0.5,transformer_fallback,128,2,28,1,"{0: 1, 1: 2, 2: 2, 3: 1}",1,0.7454545454545455,1.05,0.0,1.0
"[3, 5, 13, 17, 31, 37]",5.0894545454545455,0.5,transformer_fallback,106,0,34,0,"{0: 2, 1: 2, 3: 2}",6,0.7236363636363636,0.95,0.0,1.0
"[3, 8, 17, 21, 24, 36]",5.856787878787879,0.5,transformer_fallback,109,3,33,1,"{0: 2, 1: 1, 2: 2, 3: 1}",2,0.6836363636363636,1.05,0.0,1.0
"[6, 14, 18, 24, 29, 31]",5.874242424242424,0.5,transformer_fallback,122,4,25,0,"{0: 1, 1: 2, 2: 2, 3: 1}",2,0.7272727272727273,1.05,0.0,1.0
"[6, 8, 11, 13, 21, 38]",4.965515151515151,0.5,transformer_fallback,97,3,32,0,"{0: 2, 1: 2, 2: 1, 3: 1}",2,0.7054545454545454,0.9500000000000001,0.0,1.0
