combination,score,svi_score,source,sum_total,even_count,diff_sum,repeats,decades,primes,diversity,filter_reasons,core_bonus,arima_score
"[14, 17, 18, 23, 27, 30]",3.888787878787879,0.5,transformer_fallback,129,3,16,0,"{1: 3, 2: 3}",2,0.7636363636363637,0.9,0.0,1.0
"[2, 6, 21, 30, 31, 32]",5.865515151515151,0.5,transformer_fallback,122,4,30,0,"{0: 2, 2: 2, 3: 2}",2,0.7054545454545456,1.1,0.0,1.0
"[2, 11, 15, 33, 34, 37]",6.039454545454546,0.5,transformer_fallback,132,2,35,0,"{0: 1, 1: 2, 3: 3}",3,0.7236363636363636,1.05,0.0,1.0
"[2, 12, 22, 27, 32, 40]",4.706121212121213,0.5,transformer_fallback,135,5,38,0,"{0: 1, 1: 1, 2: 2, 3: 2}",1,0.7236363636363636,1.0,0.0,1.0
"[1, 3, 6, 11, 15, 36]",5.230060606060606,0.5,transformer_fallback,72,2,35,0,"{0: 3, 1: 2, 3: 1}",2,0.7418181818181818,0.9,0.0,1.0
