combination,score,svi_score,source,sum_total,even_count,diff_sum,repeats,decades,primes,diversity,filter_reasons,core_bonus,arima_score
"[5, 10, 12, 15, 21, 33]",4.836666666666668,0.5,transformer_fallback,96,2,28,1,"{0: 2, 1: 2, 2: 1, 3: 1}",1,0.8,0.9,0.0,1.0
"[7, 9, 13, 19, 30, 39]",6.048181818181818,0.5,transformer_fallback,117,1,32,0,"{0: 2, 1: 2, 2: 1, 3: 1}",3,0.7454545454545455,0.95,0.0,1.0
"[11, 23, 24, 30, 32, 35]",4.988787878787879,0.5,transformer_fallback,155,3,24,2,"{1: 1, 2: 3, 3: 2}",2,0.7636363636363637,0.9500000000000001,0.0,1.0
"[8, 22, 26, 29, 30, 40]",4.214848484848485,0.5,transformer_fallback,155,5,32,0,"{0: 1, 2: 4, 3: 1}",1,0.7454545454545455,0.85,0.0,1.0
"[1, 19, 20, 37, 38, 40]",4.23878787878788,0.5,transformer_fallback,155,3,39,0,"{0: 1, 1: 2, 3: 3}",2,0.7636363636363637,0.9,0.0,1.0
