{
  "consensus": 0.10369555599252778,
  "ghost_rng": 0.08295644479402221,
  "inverse_mining": 0.06913037066168519,
  "lstm_v2": 0.05530429652934815,
  "montecarlo": 0.05530429652934815,
  "apriori": 0.08295644479402221,
  "transformer_deep": 0.10369555599252778,
  "clustering": 0.05530429652934815,
  "genetico": 0.08295644479402221,
  "200_analyzer_v2": 0.08295644479402221,
  "balanced_range": 0.05161734342739162,
  "meta_learning": 0.07432897453544392,
  "ai_ensemble": 0.09979353062629044
}