{
  "consensus": 0.019986187446871525,
  "ghost_rng": 0.015988949957497233,
  "inverse_mining": 0.013324124964581026,
  "lstm_v2": 0.010659299971664819,
  "montecarlo": 0.010659299971664819,
  "apriori": 0.015988949957497233,
  "transformer_deep": 0.019986187446871525,
  "clustering": 0.010659299971664819,
  "genetico": 0.015988949957497233,
  "200_analyzer_v2": 0.019186739948996674,
  "balanced_range": 0.24296145991122534,
  "meta_learning": 0.031202112708172466,
  "ai_ensemble": 0.04211933079641737,
  "balanced_predictor": 0.17432898540985797,
  "maestra": 0.06919816780622888,
  "fallback": 0.04105262396707426,
  "additional_lstm_v2": 0.04105262396707426,
  "ai_system": 0.046196128655052106,
  "test1": 0.053153525728030164,
  "test2": 0.053153525728030164,
  "test3": 0.053153525728030164
}