{
  "neural_enhanced": 0.4728572718763084,
  "transformer_deep": 0.15241302718173136,
  "genetico": 0.13731454183786904,
  "analizador_200": 0.13587293925921592,
  "montecarlo": 0.05486653919559373,
  "lstm_v2": 0.03633402957370388,
  "clustering": 0.01034165107557767
}