combination,score,svi_score,source,sum_total,even_count,diff_sum,repeats,decades,primes,diversity,filter_reasons,core_bonus,arima_score
"[2, 11, 12, 15, 33, 35]",5.8640606060606055,0.5,transformer_fallback,108,2,33,0,"{0: 1, 1: 3, 3: 2}",2,0.7018181818181819,1.05,0.0,1.0
"[10, 15, 16, 21, 31, 34]",5.722121212121213,0.5,transformer_fallback,127,3,24,0,"{0: 1, 1: 2, 2: 1, 3: 2}",1,0.7636363636363637,1.05,0.0,1.0
"[2, 7, 27, 31, 33, 39]",6.0307272727272725,0.5,transformer_fallback,139,1,37,0,"{0: 2, 2: 1, 3: 3}",3,0.7018181818181818,1.0,0.0,1.0
"[4, 6, 14, 30, 32, 38]",4.862727272727272,0.5,transformer_fallback,124,6,34,0,"{0: 2, 1: 1, 2: 1, 3: 2}",0,0.7818181818181819,1.0,0.0,1.0
"[2, 8, 12, 27, 32, 40]",4.6973939393939395,0.5,transformer_fallback,121,5,38,0,"{0: 2, 1: 1, 2: 1, 3: 2}",1,0.7018181818181818,1.0,0.0,1.0
