combination,score,svi_score,source,sum_total,even_count,diff_sum,repeats,decades,primes,diversity,filter_reasons,core_bonus,arima_score
"[10, 19, 21, 30, 34, 35]",5.698848484848485,0.5,transformer_fallback,149,3,25,0,"{np.int64(0): 1, np.int64(1): 1, np.int64(2): 2, np.int64(3): 2}",1,0.7054545454545456,1.05,0.0,1.0
"[10, 24, 26, 28, 32, 39]",4.662727272727273,0.5,transformer_fallback,159,5,29,1,"{np.int64(0): 1, np.int64(2): 3, np.int64(3): 2}",0,0.7818181818181819,0.85,0.0,1.0
"[2, 8, 16, 35, 37, 38]",6.122787878787879,0.5,transformer_fallback,136,4,36,1,"{np.int64(0): 2, np.int64(1): 1, np.int64(3): 3}",2,0.7236363636363636,1.05,0.0,1.0
"[6, 11, 15, 16, 19, 37]",5.439454545454546,0.5,transformer_fallback,104,2,31,0,"{np.int64(0): 1, np.int64(1): 4, np.int64(3): 1}",3,0.7236363636363636,1.05,0.0,1.0
"[2, 17, 19, 23, 29, 34]",5.539454545454546,0.5,transformer_fallback,124,2,32,0,"{np.int64(0): 1, np.int64(1): 2, np.int64(2): 2, np.int64(3): 1}",5,0.7236363636363636,1.05,0.0,1.0
