combination,score,svi_score,source,sum_total,even_count,diff_sum,repeats,decades,primes,diversity,filter_reasons,core_bonus,arima_score
"[12, 14, 25, 27, 35, 39]",9.296363636363637,0.5,transformer_fallback,152,2,27,2,"{1: 2, 2: 2, 3: 2}",0,0.7454545454545455,0.9500000000000001,0.0,2.0
"[6, 7, 14, 20, 23, 40]",11.763030303030302,0.5,transformer_fallback,110,4,34,1,"{0: 2, 1: 2, 2: 1, 3: 1}",2,0.7454545454545455,1.1,0.0,2.0
"[3, 10, 11, 13, 21, 35]",10.278909090909092,0.5,transformer_fallback,93,1,32,2,"{0: 2, 1: 2, 2: 1, 3: 1}",3,0.7236363636363636,0.85,0.0,2.0
"[2, 10, 13, 19, 20, 25]",10.264363636363637,0.5,transformer_fallback,89,3,23,1,"{0: 2, 1: 3, 2: 1}",3,0.7054545454545454,0.9,0.0,2.0
"[4, 6, 13, 24, 28, 32]",11.42969696969697,0.5,transformer_fallback,107,5,28,1,"{0: 2, 1: 1, 2: 2, 3: 1}",1,0.7454545454545455,1.0,0.0,2.0
