combination,score,svi_score,source,sum_total,even_count,diff_sum,repeats,decades,primes,diversity,filter_reasons,core_bonus,arima_score
"[7, 16, 19, 20, 26, 40]",3.552258014257394,0.5,default,128,4,33,0,"{0: 1, 1: 3, 2: 1, 3: 1}",2,1.0,1.05,0.0,0.593692147229648
"[3, 8, 13, 20, 29, 40]",3.6512067054623354,0.5,default,113,3,37,0,"{0: 2, 1: 2, 2: 1, 3: 1}",3,1.0,1.1,0.0,0.593692147229648
"[6, 13, 16, 29, 31, 40]",3.6512067054623354,0.5,default,135,3,34,0,"{0: 1, 1: 2, 2: 1, 3: 2}",3,1.0,1.05,0.0,0.593692147229648
