combination,score,svi_score,source,sum_total,even_count,diff_sum,repeats,decades,primes,diversity,filter_reasons,core_bonus,arima_score
"[15, 21, 22, 26, 29, 40]",4.2293939393939395,0.5,transformer_fallback,153,3,25,0,"{np.int64(1): 1, np.int64(2): 4, np.int64(3): 1}",1,0.7818181818181819,0.9,0.0,1.0
"[2, 5, 13, 18, 32, 38]",6.305454545454546,0.5,transformer_fallback,108,4,36,1,"{np.int64(0): 2, np.int64(1): 2, np.int64(3): 2}",3,0.7636363636363637,1.05,0.0,1.0
"[5, 16, 25, 26, 27, 36]",5.698848484848485,0.5,transformer_fallback,135,3,31,2,"{np.int64(0): 1, np.int64(1): 1, np.int64(2): 3, np.int64(3): 1}",1,0.7054545454545454,1.05,0.0,1.0
"[13, 20, 28, 34, 35, 36]",4.806121212121213,0.5,transformer_fallback,166,4,23,1,"{np.int64(1): 2, np.int64(2): 1, np.int64(3): 3}",1,0.7236363636363636,0.9500000000000001,0.0,1.0
"[1, 6, 7, 27, 28, 36]",5.704666666666667,0.5,transformer_fallback,105,3,35,2,"{np.int64(0): 3, np.int64(2): 2, np.int64(3): 1}",1,0.72,1.1,0.0,1.0
