combination,score,svi_score,source,sum_total,even_count,diff_sum,repeats,decades,primes,diversity,filter_reasons,core_bonus,arima_score
"[2, 3, 17, 22, 23, 38]",11.593454545454545,0.5,transformer_fallback,105,3,36,1,"{0: 2, 1: 1, 2: 2, 3: 1}",4,0.7418181818181818,1.05,0.0,2.0
"[8, 9, 18, 24, 26, 36]",11.110909090909091,0.5,transformer_fallback,121,5,28,1,"{0: 2, 1: 1, 2: 2, 3: 1}",0,0.7636363636363637,0.95,0.0,2.0
"[1, 8, 22, 29, 30, 33]",11.42969696969697,0.5,transformer_fallback,123,3,32,0,"{0: 2, 2: 3, 3: 1}",1,0.7454545454545455,1.1,0.0,2.0
"[7, 14, 19, 34, 35, 36]",11.760121212121211,0.5,transformer_fallback,145,3,29,1,"{0: 1, 1: 2, 3: 3}",2,0.7418181818181818,1.05,0.0,2.0
"[1, 3, 14, 16, 34, 38]",10.09478787878788,0.5,transformer_fallback,106,4,37,3,"{0: 2, 1: 2, 3: 2}",1,0.7018181818181818,1.05,0.0,2.0
