combination,score,svi_score,source,sum_total,even_count,diff_sum,repeats,decades,primes,diversity,filter_reasons,core_bonus,arima_score
"[1, 15, 20, 26, 38, 39]",4.805454545454546,0.5,transformer_fallback,139,3,38,0,"{0: 1, 1: 2, 2: 1, 3: 2}",0,0.7636363636363637,1.07,0.0,1.0
"[16, 21, 25, 27, 38, 40]",4.882181818181818,0.5,transformer_fallback,167,3,24,0,"{1: 1, 2: 3, 3: 2}",0,0.7054545454545456,0.92,0.0,1.0
"[11, 16, 18, 23, 33, 38]",5.8640606060606055,0.5,transformer_fallback,139,3,27,1,"{1: 3, 2: 1, 3: 2}",2,0.7018181818181818,1.07,0.0,1.0
"[8, 17, 22, 23, 33, 40]",5.8800606060606055,0.5,transformer_fallback,143,3,32,1,"{0: 1, 1: 1, 2: 2, 3: 2}",2,0.7418181818181818,1.07,0.0,1.0
"[12, 13, 25, 28, 32, 36]",5.7293939393939395,0.5,transformer_fallback,146,4,24,1,"{1: 2, 2: 2, 3: 2}",1,0.7818181818181819,1.12,0.0,1.0
