combination,score,svi_score,source,sum_total,even_count,diff_sum,repeats,decades,primes,diversity,filter_reasons,core_bonus,arima_score
"[4, 7, 12, 26, 37, 38]",6.131515151515151,0.5,transformer_fallback,124,4,34,2,"{0: 2, 1: 1, 2: 1, 3: 2}",2,0.7454545454545455,1.1,0.0,1.0
"[11, 14, 21, 27, 30, 40]",5.722121212121213,0.5,transformer_fallback,143,3,29,0,"{1: 2, 2: 3, 3: 1}",1,0.7636363636363637,1.1,0.0,1.0
"[7, 18, 24, 32, 34, 39]",4.81339393939394,0.5,transformer_fallback,154,4,32,1,"{0: 1, 1: 1, 2: 1, 3: 3}",1,0.7418181818181818,0.9,0.0,1.0
"[18, 20, 21, 26, 29, 34]",4.706121212121213,0.5,transformer_fallback,148,4,16,2,"{1: 2, 2: 3, 3: 1}",1,0.7236363636363636,0.9,0.0,1.0
"[1, 3, 6, 35, 37, 40]",4.38878787878788,0.5,transformer_fallback,122,2,39,1,"{0: 3, 3: 3}",2,0.7636363636363637,1.1,0.0,1.0
