combination,score,svi_score,source,sum_total,even_count,diff_sum,repeats,decades,primes,diversity,filter_reasons,core_bonus,arima_score
"[1, 9, 18, 22, 28, 37]",5.698848484848485,0.5,transformer_fallback,115,3,36,0,"{np.int64(0): 2, np.int64(1): 1, np.int64(2): 2, np.int64(3): 1}",1,0.7054545454545456,1.05,0.0,1.0
"[10, 13, 20, 25, 28, 38]",5.722121212121213,0.5,transformer_fallback,134,4,28,0,"{np.int64(0): 1, np.int64(1): 2, np.int64(2): 2, np.int64(3): 1}",1,0.7636363636363637,1.1,0.0,1.0
"[10, 11, 16, 18, 23, 37]",6.039454545454546,0.5,transformer_fallback,115,3,27,1,"{np.int64(0): 1, np.int64(1): 3, np.int64(2): 1, np.int64(3): 1}",3,0.7236363636363636,1.05,0.0,1.0
"[1, 2, 12, 21, 30, 32]",5.072121212121213,0.5,transformer_fallback,98,4,31,2,"{np.int64(0): 2, np.int64(1): 1, np.int64(2): 2, np.int64(3): 1}",1,0.7636363636363637,0.9500000000000001,0.0,1.0
"[7, 18, 24, 32, 33, 35]",5.714848484848485,0.5,transformer_fallback,149,3,28,0,"{np.int64(0): 1, np.int64(1): 1, np.int64(2): 1, np.int64(3): 3}",1,0.7454545454545455,1.05,0.0,1.0
