combination,score,svi_score,source,sum_total,even_count,diff_sum,repeats,decades,primes,diversity,filter_reasons,core_bonus,arima_score
"[13, 16, 18, 29, 34, 39]",5.888787878787879,0.5,transformer_fallback,149,3,26,0,"{1: 3, 2: 1, 3: 2}",2,0.7636363636363637,1.05,0.0,1.0
"[3, 6, 9, 14, 33, 38]",5.7293939393939395,0.5,transformer_fallback,103,3,35,1,"{0: 3, 1: 1, 3: 2}",1,0.7818181818181819,1.1,0.0,1.0
"[2, 14, 19, 20, 27, 29]",6.055454545454546,0.5,transformer_fallback,111,3,27,1,"{0: 1, 1: 3, 2: 2}",3,0.7636363636363637,1.05,0.0,1.0
"[17, 23, 25, 32, 37, 40]",5.3933333333333335,0.5,transformer_fallback,174,2,23,1,"{1: 1, 2: 2, 3: 3}",3,0.7333333333333334,0.9,0.0,1.0
"[1, 17, 25, 36, 39, 40]",4.052727272727273,0.5,transformer_fallback,158,2,39,1,"{0: 1, 1: 1, 2: 1, 3: 3}",1,0.7151515151515151,0.9,0.0,1.0
