model,windows,mean_compound,std_compound,mean_best,hit6_count,hit5_count,hit4_count,total_points
heuristic_enhanced,100,0.6079327272727273,0.10609083827986088,4.82,0,82,100,4280.0
omega_production,100,0.16263636363636366,2.7895403077993544e-17,3.0,0,0,0,0.0
