model,windows,mean_compound,std_compound,mean_best,hit6_count,hit5_count,hit4_count,total_points
heuristic_enhanced,100,0.13410696969696967,0.015165545053162921,1.69,0,0,0,0.0
omega_hybrid,100,0.16263636363636366,2.7895403077993544e-17,3.0,0,0,0,0.0
omega_production,100,0.16263636363636366,2.7895403077993544e-17,3.0,0,0,0,0.0
omega_pipeline,100,0.16263636363636366,2.7895403077993544e-17,3.0,0,0,0,0.0
omega_agentic,100,0.16263636363636366,2.7895403077993544e-17,3.0,0,0,0,0.0
