combination,score,svi_score,source,sum_total,even_count,diff_sum,repeats,decades,primes,diversity,filter_reasons,core_bonus,arima_score
"[3, 4, 9, 11, 18, 28]",5.222787878787879,0.5,transformer_fallback,73,3,25,0,"{0: 3, 1: 2, 2: 1}",2,0.7236363636363636,0.92,0.0,1.0
"[14, 23, 26, 32, 33, 36]",4.82939393939394,0.5,transformer_fallback,164,4,22,0,"{1: 1, 2: 2, 3: 3}",1,0.7818181818181819,0.9700000000000001,0.0,1.0
"[4, 5, 9, 16, 19, 30]",5.214060606060606,0.5,transformer_fallback,83,3,26,0,"{0: 3, 1: 2, 2: 1}",2,0.7018181818181819,0.92,0.0,1.0
"[3, 5, 7, 8, 31, 34]",3.3054545454545456,0.5,transformer_fallback,88,2,31,0,"{0: 4, 3: 2}",4,0.7636363636363637,0.8500000000000001,0.0,1.0
"[2, 9, 19, 20, 23, 29]",5.539454545454546,0.5,transformer_fallback,102,2,27,0,"{0: 2, 1: 2, 2: 2}",4,0.7236363636363636,1.07,0.0,1.0
