combination,score,svi_score,source,sum_total,even_count,diff_sum,repeats,decades,primes,diversity,filter_reasons,core_bonus,arima_score
"[9, 10, 14, 31, 33, 38]",5.7293939393939395,0.5,transformer_fallback,135,3,29,1,"{np.int64(0): 2, np.int64(1): 1, np.int64(3): 3}",1,0.7818181818181819,1.1,0.0,1.0
"[2, 6, 11, 12, 29, 30]",5.139454545454546,0.5,transformer_fallback,90,4,28,2,"{np.int64(0): 2, np.int64(1): 2, np.int64(2): 2}",3,0.7236363636363636,0.9500000000000001,0.0,1.0
"[3, 15, 24, 28, 29, 32]",5.8800606060606055,0.5,transformer_fallback,131,3,29,1,"{np.int64(0): 1, np.int64(1): 1, np.int64(2): 3, np.int64(3): 1}",2,0.7418181818181818,1.05,0.0,1.0
"[2, 6, 9, 16, 26, 39]",4.81339393939394,0.5,transformer_fallback,98,4,37,0,"{np.int64(0): 3, np.int64(1): 1, np.int64(2): 1, np.int64(3): 1}",1,0.7418181818181818,0.9,0.0,1.0
"[8, 13, 17, 25, 28, 29]",5.0467272727272725,0.5,transformer_fallback,120,2,21,1,"{np.int64(0): 1, np.int64(1): 2, np.int64(2): 3}",3,0.7418181818181818,1.05,0.0,1.0
