combination,score,svi_score,source,sum_total,even_count,diff_sum,repeats,decades,primes,diversity,filter_reasons,core_bonus,arima_score
"[4, 17, 19, 21, 23, 40]",6.0061616161616165,0.5,lstm,124,2,36,2,"{np.int64(0): 1, np.int64(1): 2, np.int64(2): 2, np.int64(3): 1}",3,0.6404040404040405,1.05,0.0,1.0
"[10, 20, 21, 22, 24, 40]",5.422380952380952,0.5,lstm,137,5,30,2,"{np.int64(0): 1, np.int64(1): 1, np.int64(2): 3, np.int64(3): 1}",0,0.43095238095238086,1.0,0.0,1.0
"[7, 20, 22, 24, 25, 40]",4.732828282828284,0.5,lstm,138,4,33,3,"{np.int64(0): 1, np.int64(1): 1, np.int64(2): 3, np.int64(3): 1}",1,0.5404040404040404,1.1,0.0,1.0
"[14, 17, 20, 22, 24, 40]",5.625555555555556,0.5,lstm,137,5,26,2,"{np.int64(1): 3, np.int64(2): 2, np.int64(3): 1}",1,0.5222222222222221,0.95,0.0,1.0
"[6, 19, 21, 22, 24, 40]",5.602380952380953,0.5,lstm,132,4,34,2,"{np.int64(0): 1, np.int64(1): 1, np.int64(2): 3, np.int64(3): 1}",1,0.4642857142857143,1.05,0.0,1.0
"[10, 19, 21, 22, 24, 40]",5.588095238095239,0.5,lstm,136,4,30,2,"{np.int64(0): 1, np.int64(1): 1, np.int64(2): 3, np.int64(3): 1}",1,0.4285714285714286,1.05,0.0,1.0
