combination,score,svi_score,source,sum_total,even_count,diff_sum,repeats,decades,primes,diversity,filter_reasons,core_bonus,arima_score
"[6, 21, 26, 27, 32, 34]",5.5467272727272725,0.5,transformer_fallback,146,4,28,2,"{0: 1, 2: 3, 3: 2}",0,0.7418181818181818,1.1,0.0,1.0
"[9, 18, 20, 23, 25, 31]",5.896060606060606,0.5,transformer_fallback,126,2,22,0,"{0: 1, 1: 2, 2: 2, 3: 1}",2,0.7818181818181819,1.05,0.0,1.0
"[5, 6, 11, 12, 22, 39]",4.972787878787879,0.5,transformer_fallback,95,3,34,0,"{0: 2, 1: 2, 2: 1, 3: 1}",2,0.7236363636363636,0.9500000000000001,0.0,1.0
"[10, 21, 22, 25, 32, 35]",5.539454545454546,0.5,transformer_fallback,145,3,25,0,"{0: 1, 2: 3, 3: 2}",0,0.7236363636363636,1.1,0.0,1.0
"[5, 12, 13, 14, 33, 38]",5.887333333333333,0.5,transformer_fallback,115,3,33,1,"{0: 1, 1: 3, 3: 2}",2,0.76,1.1,0.0,1.0
