combination,score,svi_score,source,sum_total,even_count,diff_sum,repeats,decades,primes,diversity,filter_reasons,core_bonus,arima_score
"[12, 14, 18, 20, 21, 32]",3.9554545454545456,0.5,transformer_fallback,117,5,20,0,"{np.int64(1): 4, np.int64(2): 1, np.int64(3): 1}",0,0.7636363636363637,0.95,0.0,1.0
"[1, 9, 15, 19, 20, 22]",3.7901212121212122,0.5,transformer_fallback,86,2,21,0,"{np.int64(0): 2, np.int64(1): 3, np.int64(2): 1}",1,0.6836363636363637,0.9,0.0,1.0
"[1, 7, 9, 17, 24, 28]",4.9446666666666665,0.5,transformer_fallback,86,2,27,0,"{np.int64(0): 3, np.int64(1): 1, np.int64(2): 2}",2,0.6533333333333333,0.9,0.0,1.0
"[1, 24, 25, 32, 34, 39]",3.612787878787879,0.5,transformer_fallback,155,3,38,0,"{np.int64(0): 1, np.int64(2): 2, np.int64(3): 3}",0,0.656969696969697,0.9500000000000001,0.0,1.0
"[1, 9, 23, 25, 28, 39]",4.667333333333334,0.5,transformer_fallback,125,1,38,0,"{np.int64(0): 2, np.int64(2): 3, np.int64(3): 1}",1,0.6266666666666667,1.0,0.0,1.0
