combination,score,svi_score,source,sum_total,even_count,diff_sum,repeats,decades,primes,diversity,filter_reasons,core_bonus,arima_score
"[12, 13, 27, 28, 35, 39]",4.806121212121213,0.5,transformer_fallback,154,2,27,1,"{np.int64(1): 2, np.int64(2): 2, np.int64(3): 2}",1,0.7236363636363636,0.9500000000000001,0.0,1.0
"[13, 17, 29, 34, 35, 36]",5.146727272727273,0.5,transformer_fallback,164,2,23,1,"{np.int64(1): 2, np.int64(2): 1, np.int64(3): 3}",3,0.7418181818181818,0.9,0.0,1.0
"[6, 11, 16, 31, 33, 34]",5.888787878787879,0.5,transformer_fallback,131,3,28,1,"{np.int64(0): 1, np.int64(1): 2, np.int64(3): 3}",2,0.7636363636363637,1.05,0.0,1.0
"[2, 4, 10, 14, 24, 28]",4.36339393939394,0.5,transformer_fallback,82,6,26,0,"{np.int64(0): 3, np.int64(1): 1, np.int64(2): 2}",1,0.7418181818181818,0.85,0.0,1.0
"[2, 3, 4, 11, 32, 39]",5.389454545454546,0.5,transformer_fallback,91,3,37,2,"{np.int64(0): 3, np.int64(1): 1, np.int64(3): 2}",3,0.7236363636363636,0.9500000000000001,0.0,1.0
