combination,score,svi_score,source,sum_total,even_count,diff_sum,repeats,decades,primes,diversity,filter_reasons,core_bonus,arima_score
"[15, 19, 23, 30, 32, 39]",4.965515151515151,0.5,transformer_fallback,158,2,24,0,"{np.int64(1): 2, np.int64(2): 2, np.int64(3): 2}",2,0.7054545454545456,0.9,0.0,1.0
"[1, 2, 9, 15, 29, 32]",5.237333333333334,0.5,transformer_fallback,88,2,31,0,"{np.int64(0): 3, np.int64(1): 1, np.int64(2): 1, np.int64(3): 1}",2,0.76,0.9,0.0,1.0
"[12, 14, 22, 27, 28, 39]",5.539454545454546,0.5,transformer_fallback,142,4,27,0,"{np.int64(1): 2, np.int64(2): 3, np.int64(3): 1}",0,0.7236363636363636,1.1,0.0,1.0
"[6, 10, 27, 34, 36, 39]",4.889454545454546,0.5,transformer_fallback,152,4,33,0,"{np.int64(0): 2, np.int64(2): 1, np.int64(3): 3}",0,0.7236363636363636,0.9500000000000001,0.0,1.0
"[3, 21, 24, 25, 27, 30]",4.114848484848485,0.5,transformer_fallback,130,2,27,0,"{np.int64(0): 1, np.int64(2): 5}",1,0.7454545454545455,1.0000000000000002,0.0,1.0
