combination,score,svi_score,source,sum_total,even_count,diff_sum,repeats,decades,primes,diversity,filter_reasons,core_bonus,arima_score
"[14, 20, 24, 28, 29, 32]",4.706121212121213,0.5,transformer_fallback,147,5,18,1,"{1: 2, 2: 3, 3: 1}",1,0.7236363636363636,0.85,0.0,1.0
"[6, 8, 17, 24, 32, 34]",5.7133939393939395,0.5,transformer_fallback,121,5,28,1,"{0: 2, 1: 1, 2: 1, 3: 2}",1,0.7418181818181818,0.95,0.0,1.0
"[1, 3, 4, 25, 31, 32]",5.238787878787879,0.5,transformer_fallback,96,2,31,2,"{0: 3, 2: 1, 3: 2}",2,0.7636363636363637,0.9500000000000001,0.0,1.0
"[5, 10, 19, 21, 23, 30]",6.0627272727272725,0.5,transformer_fallback,108,2,25,1,"{0: 2, 1: 1, 2: 3}",3,0.7818181818181819,1.05,0.0,1.0
"[9, 11, 18, 19, 27, 29]",5.055454545454546,0.5,transformer_fallback,113,1,20,1,"{0: 1, 1: 3, 2: 2}",3,0.7636363636363637,0.95,0.0,1.0
