combination,score,svi_score,source,sum_total,even_count,diff_sum,repeats,decades,primes,diversity,filter_reasons,core_bonus,arima_score
"[10, 15, 18, 27, 32, 35]",5.539454545454546,0.5,transformer_fallback,137,3,25,0,"{0: 1, 1: 2, 2: 1, 3: 2}",0,0.7236363636363636,1.05,0.0,1.0
"[4, 19, 20, 25, 27, 33]",5.722121212121213,0.5,transformer_fallback,128,2,29,0,"{0: 1, 1: 2, 2: 2, 3: 1}",1,0.7636363636363637,1.05,0.0,1.0
"[15, 20, 21, 23, 28, 39]",5.706121212121213,0.5,transformer_fallback,146,2,24,0,"{1: 2, 2: 3, 3: 1}",1,0.7236363636363636,1.05,0.0,1.0
"[11, 14, 21, 22, 28, 37]",5.8800606060606055,0.5,transformer_fallback,133,3,26,0,"{1: 2, 2: 3, 3: 1}",2,0.7418181818181818,1.1,0.0,1.0
"[11, 13, 17, 18, 26, 35]",5.446727272727273,0.5,transformer_fallback,120,2,24,0,"{1: 4, 2: 1, 3: 1}",3,0.7418181818181818,1.05,0.0,1.0
