combination,score,svi_score,source,sum_total,even_count,diff_sum,repeats,decades,primes,diversity,filter_reasons,core_bonus,arima_score
"[4, 8, 10, 14, 26, 33]",4.646727272727273,0.5,transformer_fallback,95,5,29,1,"{0: 3, 1: 1, 2: 1, 3: 1}",0,0.7418181818181818,0.85,0.0,1.0
"[3, 13, 18, 28, 36, 38]",6.138787878787879,0.5,transformer_fallback,136,4,35,1,"{0: 1, 1: 2, 2: 1, 3: 2}",2,0.7636363636363637,1.05,0.0,1.0
"[11, 18, 20, 23, 29, 40]",6.0467272727272725,0.5,transformer_fallback,141,3,29,1,"{1: 3, 2: 2, 3: 1}",3,0.7418181818181818,1.05,0.0,1.0
"[11, 18, 21, 22, 24, 33]",5.698848484848485,0.5,transformer_fallback,129,3,22,1,"{1: 2, 2: 3, 3: 1}",1,0.7054545454545454,1.05,0.0,1.0
"[5, 9, 10, 21, 26, 30]",4.7133939393939395,0.5,transformer_fallback,101,3,25,1,"{0: 3, 2: 3}",1,0.7418181818181818,1.1,0.0,1.0
