combination,score,svi_score,source,sum_total,even_count,diff_sum,repeats,decades,primes,diversity,filter_reasons,core_bonus,arima_score
"[1, 8, 12, 17, 32, 40]",9.42969696969697,0.5,transformer_fallback,110,4,39,0,"{0: 2, 1: 2, 3: 2}",1,0.7454545454545455,1.05,0.0,2.0
"[3, 6, 10, 16, 18, 37]",9.945575757575758,0.5,transformer_fallback,90,4,34,0,"{0: 3, 1: 2, 3: 1}",2,0.7236363636363636,0.9,0.0,2.0
"[6, 16, 17, 33, 34, 39]",11.39769696969697,0.5,transformer_fallback,145,3,33,0,"{0: 1, 1: 2, 3: 3}",1,0.7054545454545454,1.05,0.0,2.0
"[2, 10, 12, 21, 25, 39]",11.415151515151516,0.5,transformer_fallback,109,3,37,0,"{0: 2, 1: 1, 2: 2, 3: 1}",1,0.7272727272727273,1.1,0.0,2.0
"[5, 7, 12, 28, 34, 37]",12.081818181818182,0.5,transformer_fallback,123,3,32,0,"{0: 2, 1: 1, 2: 1, 3: 2}",3,0.7272727272727273,1.1,0.0,2.0
