combination,score,svi_score,source,sum_total,even_count,diff_sum,repeats,decades,primes,diversity,filter_reasons,core_bonus,arima_score
"[3, 7, 13, 18, 20, 26]",5.130727272727273,0.5,transformer_fallback,87,3,23,0,"{0: 2, 1: 3, 2: 1}",3,0.7018181818181819,0.9,0.0,1.0
"[9, 16, 29, 33, 37, 38]",5.238787878787879,0.5,transformer_fallback,162,2,29,0,"{0: 1, 1: 1, 2: 1, 3: 3}",2,0.7636363636363637,0.9,0.0,1.0
"[5, 20, 22, 31, 32, 37]",6.040909090909091,0.5,transformer_fallback,147,3,32,0,"{0: 1, 1: 1, 2: 1, 3: 3}",3,0.7272727272727273,1.1,0.0,1.0
"[5, 18, 19, 26, 38, 39]",6.115515151515151,0.5,transformer_fallback,145,3,34,0,"{0: 1, 1: 2, 2: 1, 3: 2}",2,0.7054545454545454,1.05,0.0,1.0
"[12, 15, 20, 26, 28, 36]",5.539454545454546,0.5,transformer_fallback,137,5,24,0,"{1: 3, 2: 2, 3: 1}",0,0.7236363636363636,0.95,0.0,1.0
