combination,score,svi_score,source,sum_total,even_count,diff_sum,repeats,decades,primes,diversity,filter_reasons,core_bonus,arima_score
"[11, 12, 16, 17, 19, 40]",4.455454545454546,0.5,transformer_fallback,115,3,29,2,"{np.int64(1): 5, np.int64(3): 1}",3,0.7636363636363637,0.9500000000000001,0.0,1.0
"[4, 6, 13, 15, 22, 36]",4.79739393939394,0.5,transformer_fallback,96,4,32,1,"{np.int64(0): 2, np.int64(1): 2, np.int64(2): 1, np.int64(3): 1}",1,0.7018181818181819,0.9,0.0,1.0
"[8, 13, 25, 30, 33, 36]",5.7133939393939395,0.5,transformer_fallback,145,3,28,1,"{np.int64(0): 1, np.int64(1): 1, np.int64(2): 2, np.int64(3): 2}",1,0.7418181818181818,1.1,0.0,1.0
"[9, 14, 15, 25, 26, 40]",5.540909090909091,0.5,transformer_fallback,129,3,31,0,"{np.int64(0): 1, np.int64(1): 2, np.int64(2): 2, np.int64(3): 1}",0,0.7272727272727273,1.05,0.0,1.0
"[4, 11, 15, 21, 35, 37]",5.872787878787879,0.5,transformer_fallback,123,1,33,1,"{np.int64(0): 1, np.int64(1): 2, np.int64(2): 1, np.int64(3): 2}",2,0.7236363636363636,0.95,0.0,1.0
