combination,score,svi_score,source,sum_total,even_count,diff_sum,repeats,decades,primes,diversity,filter_reasons,core_bonus,arima_score
"[18, 19, 21, 22, 24, 38]",4.6433333333333335,0.5,lstm,142,4,20,1,"{np.int64(1): 2, np.int64(2): 3, np.int64(3): 1}",1,0.5666666666666667,1.0,0.0,1.0
"[7, 8, 19, 20, 22, 32]",5.823333333333333,0.5,lstm,108,4,25,1,"{np.int64(0): 2, np.int64(1): 2, np.int64(2): 1, np.int64(3): 1}",2,0.6000000000000001,1.05,0.0,1.0
"[17, 20, 22, 23, 24, 31]",4.96,0.5,lstm,137,3,14,2,"{np.int64(1): 2, np.int64(2): 3, np.int64(3): 1}",3,0.525,0.85,0.0,1.0
"[16, 20, 21, 22, 23, 24]",3.013333333333333,0.5,lstm,126,4,8,1,"{np.int64(1): 2, np.int64(2): 4}",1,0.4916666666666667,0.85,0.0,1.0
