combination,score,svi_score,source,sum_total,even_count,diff_sum,repeats,decades,primes,diversity,filter_reasons,core_bonus,arima_score
"[8, 26, 30, 32, 34, 40]",3.9481818181818182,0.5,transformer_fallback,170,6,32,0,"{0: 1, 2: 2, 3: 3}",0,0.7454545454545455,0.85,0.0,1.0
"[5, 14, 17, 18, 24, 37]",6.055454545454546,0.5,transformer_fallback,115,3,32,1,"{0: 1, 1: 3, 2: 1, 3: 1}",3,0.7636363636363637,1.05,0.0,1.0
"[7, 8, 14, 22, 35, 36]",4.806121212121213,0.5,transformer_fallback,122,4,29,3,"{0: 2, 1: 1, 2: 1, 3: 2}",1,0.7236363636363636,1.1,0.0,1.0
"[12, 22, 27, 33, 34, 36]",4.630727272727273,0.5,transformer_fallback,164,4,24,2,"{1: 1, 2: 2, 3: 3}",0,0.7018181818181818,0.9500000000000001,0.0,1.0
"[15, 16, 19, 27, 34, 37]",5.872787878787879,0.5,transformer_fallback,148,2,22,0,"{1: 3, 2: 1, 3: 2}",2,0.7236363636363636,1.05,0.0,1.0
