combination,score,svi_score,source,sum_total,even_count,diff_sum,repeats,decades,primes,diversity,filter_reasons,core_bonus,arima_score
"[14, 19, 20, 22, 36, 40]",5.022828282828284,0.5,lstm,151,5,26,2,"{1: 3, 2: 1, 3: 2}",1,0.6404040404040405,0.7999999999999999,0.0,1.0
"[19, 20, 21, 23, 31, 40]",4.058888888888889,0.5,lstm,154,2,21,2,"{1: 2, 2: 2, 3: 2}",3,0.5222222222222224,0.9,0.0,1.0
"[9, 21, 24, 28, 31, 40]",4.780101010101011,0.5,lstm,153,3,31,1,"{0: 1, 2: 3, 3: 2}",1,0.6585858585858586,0.75,0.0,1.0
"[7, 21, 22, 24, 29, 40]",4.348383838383839,0.5,lstm,143,3,33,4,"{0: 1, 2: 4, 3: 1}",2,0.6626262626262627,1.0500000000000003,0.0,1.0
"[16, 20, 21, 23, 32, 40]",4.754444444444445,0.5,lstm,152,4,24,2,"{1: 2, 2: 2, 3: 2}",1,0.5944444444444446,0.9,0.0,1.0
"[4, 19, 20, 23, 34, 40]",5.826767676767677,0.5,lstm,140,4,36,2,"{0: 1, 1: 2, 2: 1, 3: 2}",2,0.6085858585858586,1.05,0.0,1.0
