combination,score,svi_score,source,sum_total,even_count,diff_sum,repeats,decades,primes,diversity,filter_reasons,core_bonus,arima_score
"[9, 11, 14, 18, 32, 34]",5.722121212121213,0.5,transformer_fallback,118,4,25,1,"{0: 1, 1: 3, 3: 2}",1,0.7636363636363637,1.07,0.0,1.0
"[2, 7, 23, 25, 29, 38]",5.555454545454546,0.5,transformer_fallback,124,2,36,0,"{0: 2, 2: 3, 3: 1}",4,0.7636363636363637,1.12,0.0,1.0
"[4, 8, 14, 19, 31, 40]",5.881515151515151,0.5,transformer_fallback,116,4,36,1,"{0: 2, 1: 2, 3: 2}",2,0.7454545454545455,1.07,0.0,1.0
"[6, 11, 23, 30, 39, 40]",6.124242424242424,0.5,transformer_fallback,149,3,34,0,"{0: 1, 1: 1, 2: 2, 3: 2}",2,0.7272727272727273,1.12,0.0,1.0
"[5, 16, 20, 25, 27, 40]",5.714848484848485,0.5,transformer_fallback,133,3,35,1,"{0: 1, 1: 2, 2: 2, 3: 1}",1,0.7454545454545455,1.07,0.0,1.0
