combination,score,svi_score,source,sum_total,even_count,diff_sum,repeats,decades,primes,diversity,filter_reasons,core_bonus,arima_score
"[4, 9, 10, 25, 32, 36]",5.5467272727272725,0.5,transformer_fallback,116,4,32,1,"{0: 3, 2: 1, 3: 2}",0,0.7418181818181818,1.1,0.0,1.0
"[4, 11, 20, 26, 36, 38]",5.9633939393939395,0.5,transformer_fallback,135,5,34,0,"{0: 1, 1: 2, 2: 1, 3: 2}",1,0.7418181818181818,1.0,0.0,1.0
"[2, 7, 14, 18, 35, 39]",5.896060606060606,0.5,transformer_fallback,115,3,37,1,"{0: 2, 1: 2, 3: 2}",2,0.7818181818181819,1.05,0.0,1.0
"[5, 15, 18, 25, 28, 31]",5.872787878787879,0.5,transformer_fallback,122,2,26,0,"{0: 1, 1: 2, 2: 2, 3: 1}",2,0.7236363636363636,1.05,0.0,1.0
"[1, 11, 27, 28, 31, 33]",5.8800606060606055,0.5,transformer_fallback,131,1,32,0,"{0: 1, 1: 1, 2: 2, 3: 2}",2,0.7418181818181818,1.0,0.0,1.0
