combination,score,svi_score,source,sum_total,even_count,diff_sum,repeats,decades,primes,diversity,filter_reasons,core_bonus,arima_score
"[5, 8, 11, 15, 27, 40]",5.872787878787879,0.5,transformer_fallback,106,2,35,0,"{0: 2, 1: 2, 2: 1, 3: 1}",2,0.7236363636363636,1.05,0.0,1.0
"[2, 12, 17, 20, 31, 40]",5.048181818181818,0.5,transformer_fallback,122,4,38,1,"{0: 1, 1: 3, 3: 2}",3,0.7454545454545455,1.05,0.0,1.0
"[4, 14, 25, 27, 29, 40]",5.6973939393939395,0.5,transformer_fallback,139,3,36,0,"{0: 1, 1: 1, 2: 3, 3: 1}",1,0.7018181818181818,1.1,0.0,1.0
"[2, 4, 23, 24, 25, 39]",6.1300606060606055,0.5,transformer_fallback,117,3,37,0,"{0: 2, 2: 3, 3: 1}",2,0.7418181818181818,1.1,0.0,1.0
"[6, 15, 19, 22, 34, 35]",5.7293939393939395,0.5,transformer_fallback,131,3,29,1,"{0: 1, 1: 2, 2: 1, 3: 2}",1,0.7818181818181819,1.05,0.0,1.0
