combination,score,svi_score,source,sum_total,even_count,diff_sum,repeats,decades,primes,diversity,filter_reasons,core_bonus,arima_score
"[5, 11, 16, 17, 28, 40]",12.093454545454545,0.5,transformer_fallback,117,3,35,1,"{0: 1, 1: 3, 2: 1, 3: 1}",3,0.7418181818181818,1.07,0.0,2.0
"[9, 13, 14, 32, 36, 37]",12.277575757575757,0.5,transformer_fallback,141,3,28,0,"{0: 1, 1: 2, 3: 3}",2,0.7636363636363637,1.12,0.0,2.0
"[6, 17, 24, 27, 36, 38]",11.944242424242425,0.5,transformer_fallback,148,4,32,0,"{0: 1, 1: 1, 2: 2, 3: 2}",1,0.7636363636363637,1.07,0.0,2.0
"[8, 14, 18, 20, 33, 34]",11.110909090909091,0.5,transformer_fallback,127,5,26,0,"{0: 1, 1: 3, 3: 2}",0,0.7636363636363637,0.97,0.0,2.0
"[3, 5, 8, 21, 28, 30]",8.460121212121214,0.5,transformer_fallback,95,3,27,2,"{0: 3, 2: 3}",2,0.7418181818181818,0.9700000000000001,0.0,2.0
