combination,score,svi_score,source,sum_total,even_count,diff_sum,repeats,decades,primes,diversity,filter_reasons,core_bonus,arima_score
"[10, 11, 16, 18, 29, 37]",6.054,0.5,transformer_fallback,121,3,27,0,"{0: 1, 1: 3, 2: 1, 3: 1}",3,0.76,1.07,0.0,1.0
"[8, 9, 12, 24, 28, 32]",5.539454545454546,0.5,transformer_fallback,113,5,24,0,"{0: 2, 1: 1, 2: 2, 3: 1}",0,0.7236363636363636,1.02,0.0,1.0
"[6, 8, 21, 26, 38, 39]",5.7967272727272725,0.5,transformer_fallback,138,4,33,0,"{0: 2, 2: 2, 3: 2}",0,0.7418181818181818,1.12,0.0,1.0
"[10, 13, 16, 24, 34, 40]",5.7133939393939395,0.5,transformer_fallback,137,5,30,0,"{0: 1, 1: 2, 2: 1, 3: 2}",1,0.7418181818181818,0.97,0.0,1.0
"[7, 8, 9, 27, 35, 39]",5.704666666666667,0.5,transformer_fallback,125,1,32,0,"{0: 3, 2: 1, 3: 2}",1,0.72,1.02,0.0,1.0
