combination,score,svi_score,source,sum_total,even_count,diff_sum,repeats,decades,primes,diversity,filter_reasons,core_bonus,arima_score
"[5, 6, 21, 22, 24, 26]",3.106121212121212,0.5,transformer_fallback,104,4,21,0,"{np.int64(0): 2, np.int64(2): 4}",1,0.7236363636363636,1.0,0.0,1.0
"[5, 18, 19, 31, 35, 38]",6.023454545454546,0.5,transformer_fallback,146,2,33,0,"{np.int64(0): 1, np.int64(1): 2, np.int64(3): 3}",3,0.6836363636363637,1.05,0.0,1.0
"[5, 9, 11, 19, 26, 28]",5.122000000000001,0.5,transformer_fallback,98,2,23,0,"{np.int64(0): 2, np.int64(1): 2, np.int64(2): 2}",3,0.68,0.9,0.0,1.0
"[2, 5, 9, 10, 13, 38]",4.7807272727272725,0.5,transformer_fallback,77,3,36,0,"{np.int64(0): 4, np.int64(1): 1, np.int64(3): 1}",3,0.7018181818181818,0.9500000000000001,0.0,1.0
"[7, 27, 30, 32, 35, 37]",4.996060606060606,0.5,transformer_fallback,168,2,30,0,"{np.int64(0): 1, np.int64(2): 2, np.int64(3): 3}",2,0.7818181818181819,0.9500000000000001,0.0,1.0
