combination,score,svi_score,source,sum_total,even_count,diff_sum,repeats,decades,primes,diversity,filter_reasons,core_bonus,arima_score
"[5, 8, 15, 28, 34, 37]",5.888787878787879,0.5,transformer_fallback,127,3,32,0,"{0: 2, 1: 1, 2: 1, 3: 2}",2,0.7636363636363637,1.05,0.0,1.0
"[6, 14, 23, 33, 36, 38]",5.964848484848485,0.5,transformer_fallback,150,4,32,0,"{0: 1, 1: 1, 2: 1, 3: 3}",1,0.7454545454545455,1.1,0.0,1.0
"[2, 4, 5, 7, 35, 36]",3.7821818181818183,0.5,transformer_fallback,89,3,34,0,"{0: 4, 3: 2}",3,0.7054545454545454,0.8500000000000001,0.0,1.0
"[3, 12, 26, 35, 36, 37]",6.122787878787879,0.5,transformer_fallback,149,3,34,0,"{0: 1, 1: 1, 2: 1, 3: 3}",2,0.7236363636363636,1.1,0.0,1.0
"[1, 7, 19, 21, 32, 38]",5.888787878787879,0.5,transformer_fallback,118,2,37,0,"{0: 2, 1: 1, 2: 1, 3: 2}",2,0.7636363636363637,1.05,0.0,1.0
