combination,score,svi_score,source,sum_total,even_count,diff_sum,repeats,decades,primes,diversity,filter_reasons,core_bonus,arima_score
"[1, 5, 14, 20, 22, 33]",5.052727272727274,0.5,transformer_fallback,95,3,32,1,"{0: 2, 1: 2, 2: 1, 3: 1}",1,0.7151515151515152,0.9700000000000001,0.0,1.0
"[1, 8, 18, 20, 21, 22]",3.636060606060606,0.5,transformer_fallback,90,4,21,0,"{0: 2, 1: 2, 2: 2}",0,0.7151515151515152,0.92,0.0,1.0
"[2, 5, 8, 12, 28, 30]",5.215515151515151,0.5,transformer_fallback,85,5,28,1,"{0: 3, 1: 1, 2: 2}",2,0.7054545454545454,0.87,0.0,1.0
"[3, 11, 13, 15, 30, 38]",6.036060606060606,0.5,transformer_fallback,110,2,35,2,"{0: 1, 1: 3, 2: 1, 3: 1}",3,0.7151515151515152,1.07,0.0,1.0
"[2, 3, 11, 16, 28, 38]",5.3773333333333335,0.5,transformer_fallback,98,4,36,1,"{0: 2, 1: 2, 2: 1, 3: 1}",3,0.6933333333333334,0.92,0.0,1.0
