combination,score,svi_score,source,sum_total,even_count,diff_sum,repeats,decades,primes,diversity,filter_reasons,core_bonus,arima_score
"[5, 8, 16, 19, 32, 33]",5.871333333333333,0.5,transformer_fallback,113,3,28,0,"{0: 2, 1: 2, 3: 2}",2,0.72,1.07,0.0,1.0
"[4, 11, 19, 21, 25, 33]",5.856787878787879,0.5,transformer_fallback,113,1,29,0,"{0: 1, 1: 2, 2: 2, 3: 1}",2,0.6836363636363637,0.97,0.0,1.0
"[1, 3, 7, 19, 33, 38]",6.272,0.5,transformer_fallback,101,1,37,1,"{0: 3, 1: 1, 3: 2}",3,0.68,0.97,0.0,1.0
"[1, 10, 25, 29, 38, 39]",4.956121212121213,0.5,transformer_fallback,142,2,38,0,"{0: 2, 2: 2, 3: 2}",1,0.7236363636363636,1.12,0.0,1.0
"[6, 14, 18, 25, 34, 40]",5.555454545454546,0.5,transformer_fallback,137,5,34,1,"{0: 1, 1: 2, 2: 1, 3: 2}",0,0.7636363636363637,0.97,0.0,1.0
