combination,score,svi_score,source,sum_total,even_count,diff_sum,repeats,decades,primes,diversity,filter_reasons,core_bonus,arima_score
"[11, 20, 23, 31, 33, 34]",5.146727272727273,0.5,transformer_fallback,152,2,23,1,"{1: 2, 2: 1, 3: 3}",3,0.7418181818181818,0.9500000000000001,0.0,1.0
"[2, 7, 13, 27, 35, 36]",6.0627272727272725,0.5,transformer_fallback,120,2,34,0,"{0: 2, 1: 1, 2: 1, 3: 2}",3,0.7818181818181819,1.1,0.0,1.0
"[3, 9, 17, 20, 28, 31]",6.0467272727272725,0.5,transformer_fallback,108,2,28,0,"{0: 2, 1: 2, 2: 1, 3: 1}",3,0.7418181818181818,1.05,0.0,1.0
"[1, 7, 15, 22, 24, 26]",4.822121212121213,0.5,transformer_fallback,95,3,25,1,"{0: 2, 1: 1, 2: 3}",1,0.7636363636363637,0.9,0.0,1.0
"[10, 18, 23, 24, 28, 37]",5.881515151515151,0.5,transformer_fallback,140,4,27,1,"{0: 1, 1: 1, 2: 3, 3: 1}",2,0.7454545454545455,1.05,0.0,1.0
