combination,score,svi_score,source,sum_total,even_count,diff_sum,repeats,decades,primes,diversity,filter_reasons,core_bonus,arima_score
"[13, 17, 18, 21, 25, 40]",3.4071332671568135,0.5,lstm,134,2,27,2,"{1: 3, 2: 2, 3: 1}",2,0.38888888888888895,1.05,0.0,0.593692147229648
"[13, 16, 19, 21, 25, 40]",3.3769774755514974,0.5,lstm,134,2,27,2,"{1: 3, 2: 2, 3: 1}",2,0.26190476190476186,1.05,0.0,0.593692147229648
"[13, 16, 19, 21, 24, 40]",3.3901706343788236,0.5,lstm,133,3,27,1,"{1: 3, 2: 2, 3: 1}",2,0.31746031746031755,1.05,0.0,0.593692147229648
