combination,score,svi_score,source,sum_total,even_count,diff_sum,repeats,decades,primes,diversity,filter_reasons,core_bonus,arima_score
"[5, 11, 22, 30, 34, 39]",5.871333333333333,0.5,transformer_fallback,141,3,34,0,"{0: 1, 1: 1, 2: 2, 3: 2}",2,0.72,1.1,0.0,1.0
"[9, 20, 24, 25, 29, 40]",5.7293939393939395,0.5,transformer_fallback,147,3,31,0,"{0: 1, 1: 1, 2: 3, 3: 1}",1,0.7818181818181819,1.1,0.0,1.0
"[16, 19, 21, 22, 24, 39]",5.706121212121213,0.5,transformer_fallback,141,3,23,0,"{1: 2, 2: 3, 3: 1}",1,0.7236363636363636,1.05,0.0,1.0
"[4, 13, 15, 16, 26, 33]",5.722121212121213,0.5,transformer_fallback,107,3,29,0,"{0: 1, 1: 3, 2: 1, 3: 1}",1,0.7636363636363637,1.05,0.0,1.0
"[1, 2, 11, 33, 34, 38]",6.1300606060606055,0.5,transformer_fallback,119,3,37,0,"{0: 2, 1: 1, 3: 3}",2,0.7418181818181818,1.1,0.0,1.0
