combination,score,svi_score,source,sum_total,even_count,diff_sum,repeats,decades,primes,diversity,filter_reasons,core_bonus,arima_score
"[1, 5, 6, 22, 37, 39]",5.3800606060606055,0.5,transformer_fallback,110,2,38,0,"{np.int64(0): 3, np.int64(2): 1, np.int64(3): 2}",2,0.7418181818181818,1.1,0.0,1.0
"[2, 3, 6, 12, 21, 37]",5.373454545454546,0.5,transformer_fallback,81,3,35,0,"{np.int64(0): 3, np.int64(1): 1, np.int64(2): 1, np.int64(3): 1}",3,0.6836363636363637,0.9500000000000001,0.0,1.0
"[4, 12, 29, 30, 35, 37]",5.8640606060606055,0.5,transformer_fallback,147,3,33,0,"{np.int64(0): 1, np.int64(1): 1, np.int64(2): 2, np.int64(3): 2}",2,0.7018181818181818,1.1,0.0,1.0
"[3, 14, 16, 32, 34, 40]",5.7293939393939395,0.5,transformer_fallback,139,5,37,0,"{np.int64(0): 1, np.int64(1): 2, np.int64(3): 3}",1,0.7818181818181819,0.95,0.0,1.0
"[2, 4, 10, 20, 24, 30]",4.36339393939394,0.5,transformer_fallback,90,6,28,0,"{np.int64(0): 3, np.int64(1): 1, np.int64(2): 2}",1,0.7418181818181818,0.85,0.0,1.0
