combination,score,svi_score,source,sum_total,even_count,diff_sum,repeats,decades,primes,diversity,filter_reasons,core_bonus,arima_score
"[6, 8, 25, 33, 34, 35]",4.6409090909090915,0.5,transformer_fallback,141,3,29,3,"{0: 2, 2: 1, 3: 3}",0,0.7272727272727273,1.12,0.0,1.0
"[4, 5, 9, 16, 17, 34]",5.212121212121213,0.5,transformer_fallback,85,3,30,0,"{0: 3, 1: 2, 3: 1}",2,0.696969696969697,0.92,0.0,1.0
"[1, 4, 5, 16, 35, 39]",4.929454545454545,0.5,transformer_fallback,100,2,38,1,"{0: 3, 1: 1, 3: 2}",1,0.656969696969697,1.07,0.0,1.0
"[6, 21, 27, 28, 30, 39]",4.055454545454546,0.5,transformer_fallback,151,3,33,1,"{0: 1, 2: 4, 3: 1}",0,0.7636363636363637,0.9700000000000001,0.0,1.0
"[5, 10, 19, 26, 35, 40]",5.872787878787879,0.5,transformer_fallback,135,3,35,1,"{0: 2, 1: 1, 2: 1, 3: 2}",2,0.7236363636363636,1.07,0.0,1.0
