combination,score,svi_score,source,sum_total,even_count,diff_sum,repeats,decades,primes,diversity,filter_reasons,core_bonus,arima_score
"[7, 9, 19, 20, 21, 40]",5.856787878787879,0.5,transformer_fallback,116,2,33,2,"{0: 2, 1: 2, 2: 1, 3: 1}",2,0.6836363636363637,1.05,0.0,1.0
"[5, 6, 19, 21, 27, 36]",5.872787878787879,0.5,transformer_fallback,114,2,31,1,"{0: 2, 1: 1, 2: 2, 3: 1}",2,0.7236363636363636,1.05,0.0,1.0
"[1, 2, 20, 25, 26, 28]",5.972121212121213,0.5,transformer_fallback,102,4,27,0,"{0: 2, 1: 1, 2: 3}",1,0.7636363636363637,1.0,0.0,1.0
"[3, 9, 21, 24, 35, 38]",4.81339393939394,0.5,transformer_fallback,130,2,35,3,"{0: 2, 2: 2, 3: 2}",1,0.7418181818181818,1.1,0.0,1.0
"[1, 4, 13, 19, 22, 23]",5.398181818181818,0.5,transformer_fallback,82,2,22,1,"{0: 2, 1: 2, 2: 2}",3,0.7454545454545455,0.9,0.0,1.0
