combination,score,svi_score,source,sum_total,even_count,diff_sum,repeats,decades,primes,diversity,filter_reasons,core_bonus,arima_score
"[4, 9, 12, 16, 23, 24]",3.7973939393939395,0.5,transformer_fallback,88,4,20,2,"{np.int64(0): 2, np.int64(1): 2, np.int64(2): 2}",1,0.7018181818181819,0.9,0.0,1.0
"[1, 7, 25, 32, 34, 39]",4.686727272727273,0.5,transformer_fallback,138,2,38,1,"{np.int64(0): 2, np.int64(2): 1, np.int64(3): 3}",1,0.6751515151515152,1.1,0.0,1.0
"[3, 6, 7, 9, 24, 31]",4.539454545454546,0.5,transformer_fallback,80,2,28,1,"{np.int64(0): 4, np.int64(2): 1, np.int64(3): 1}",3,0.7236363636363636,0.9500000000000001,0.0,1.0
"[4, 22, 24, 25, 32, 39]",5.504060606060606,0.5,transformer_fallback,146,4,35,2,"{np.int64(0): 1, np.int64(2): 3, np.int64(3): 2}",0,0.6351515151515151,1.1,0.0,1.0
"[2, 4, 17, 19, 34, 39]",6.2807272727272725,0.5,transformer_fallback,115,3,37,1,"{np.int64(0): 2, np.int64(1): 2, np.int64(3): 2}",3,0.7018181818181818,1.05,0.0,1.0
