combination,score,svi_score,source,sum_total,even_count,diff_sum,repeats,decades,primes,diversity,filter_reasons,core_bonus,arima_score
"[6, 20, 27, 32, 33, 36]",4.639454545454546,0.5,transformer_fallback,154,4,30,0,"{np.int64(0): 1, np.int64(1): 1, np.int64(2): 1, np.int64(3): 3}",0,0.7236363636363636,0.9500000000000001,0.0,1.0
"[1, 4, 10, 14, 24, 31]",5.072121212121213,0.5,transformer_fallback,84,4,30,0,"{np.int64(0): 3, np.int64(1): 1, np.int64(2): 1, np.int64(3): 1}",1,0.7636363636363637,0.9500000000000001,0.0,1.0
"[11, 12, 17, 23, 33, 36]",6.0307272727272725,0.5,transformer_fallback,132,2,25,0,"{np.int64(1): 3, np.int64(2): 1, np.int64(3): 2}",3,0.7018181818181819,1.05,0.0,1.0
"[2, 4, 13, 26, 30, 33]",6.124242424242424,0.5,transformer_fallback,108,4,31,0,"{np.int64(0): 2, np.int64(1): 1, np.int64(2): 2, np.int64(3): 1}",2,0.7272727272727273,1.1,0.0,1.0
"[3, 6, 10, 12, 23, 30]",4.965515151515151,0.5,transformer_fallback,84,4,27,0,"{np.int64(0): 3, np.int64(1): 1, np.int64(2): 2}",2,0.7054545454545454,0.9500000000000001,0.0,1.0
