combination,score,svi_score,source,sum_total,even_count,diff_sum,repeats,decades,primes,diversity,filter_reasons,core_bonus,arima_score
"[4, 8, 20, 31, 34, 40]",5.714848484848485,0.5,transformer_fallback,137,5,36,0,"{0: 2, 1: 1, 3: 3}",1,0.7454545454545455,1.0,0.0,1.0
"[3, 14, 18, 20, 25, 29]",5.865515151515151,0.5,transformer_fallback,109,3,26,0,"{0: 1, 1: 3, 2: 2}",2,0.7054545454545456,1.05,0.0,1.0
"[1, 4, 22, 25, 28, 32]",5.790909090909091,0.5,transformer_fallback,112,4,31,0,"{0: 2, 2: 3, 3: 1}",0,0.7272727272727273,1.1,0.0,1.0
"[2, 13, 21, 24, 25, 37]",6.039454545454546,0.5,transformer_fallback,122,2,35,0,"{0: 1, 1: 1, 2: 3, 3: 1}",3,0.7236363636363636,1.1,0.0,1.0
"[6, 14, 23, 25, 31, 37]",6.023454545454546,0.5,transformer_fallback,136,2,31,0,"{0: 1, 1: 1, 2: 2, 3: 2}",3,0.6836363636363636,1.1,0.0,1.0
