combination,score,svi_score,source,sum_total,even_count,diff_sum,repeats,decades,primes,diversity,filter_reasons,core_bonus,arima_score
"[7, 8, 22, 24, 26, 27]",3.1366666666666663,0.5,transformer_fallback,114,4,20,1,"{0: 2, 2: 4}",1,0.8,1.0,0.0,1.0
"[2, 6, 18, 19, 37, 38]",6.2967272727272725,0.5,transformer_fallback,120,4,36,0,"{0: 2, 1: 2, 3: 2}",3,0.7418181818181818,1.07,0.0,1.0
"[3, 10, 13, 16, 19, 38]",5.1273333333333335,0.5,transformer_fallback,99,3,35,1,"{0: 2, 1: 3, 3: 1}",3,0.6933333333333334,0.92,0.0,1.0
"[5, 10, 16, 19, 25, 29]",5.128787878787879,0.5,transformer_fallback,104,2,24,3,"{0: 2, 1: 2, 2: 2}",3,0.696969696969697,1.07,0.0,1.0
"[1, 5, 15, 23, 30, 39]",5.146060606060606,0.5,transformer_fallback,113,1,38,0,"{0: 2, 1: 1, 2: 2, 3: 1}",2,0.7818181818181819,0.97,0.0,1.0
