combination,score,svi_score,source,sum_total,even_count,diff_sum,repeats,decades,primes,diversity,filter_reasons,core_bonus,arima_score
"[2, 13, 15, 21, 33, 34]",5.8800606060606055,0.5,transformer_fallback,118,2,32,0,"{np.int64(0): 1, np.int64(1): 2, np.int64(2): 1, np.int64(3): 2}",2,0.7418181818181818,1.07,0.0,1.0
"[1, 3, 6, 9, 26, 32]",4.4793939393939395,0.5,transformer_fallback,77,3,31,2,"{np.int64(0): 4, np.int64(2): 1, np.int64(3): 1}",1,0.7818181818181819,0.9700000000000001,0.0,1.0
"[16, 17, 19, 27, 32, 40]",4.988787878787879,0.5,transformer_fallback,151,3,24,0,"{np.int64(1): 3, np.int64(2): 1, np.int64(3): 2}",2,0.7636363636363637,0.92,0.0,1.0
"[4, 13, 16, 34, 35, 36]",5.706121212121213,0.5,transformer_fallback,138,4,32,1,"{np.int64(0): 1, np.int64(1): 2, np.int64(3): 3}",1,0.7236363636363636,1.07,0.0,1.0
"[4, 15, 20, 25, 28, 30]",5.555454545454546,0.5,transformer_fallback,122,4,26,1,"{np.int64(0): 1, np.int64(1): 2, np.int64(2): 3}",0,0.7636363636363637,1.07,0.0,1.0
