combination,score,svi_score,source,sum_total,even_count,diff_sum,repeats,decades,primes,diversity,filter_reasons,core_bonus,arima_score
"[1, 10, 14, 25, 29, 35]",11.458787878787879,0.5,transformer_fallback,114,2,34,0,"{0: 2, 1: 1, 2: 2, 3: 1}",1,0.7818181818181819,1.1,0.0,2.0
"[2, 3, 12, 16, 38, 39]",12.745575757575757,0.5,transformer_fallback,110,4,37,0,"{0: 2, 1: 2, 3: 2}",2,0.7236363636363636,0.9500000000000001,0.0,2.0
"[3, 13, 18, 32, 33, 34]",11.777575757575757,0.5,transformer_fallback,133,3,31,2,"{0: 1, 1: 2, 3: 3}",2,0.7636363636363637,1.05,0.0,2.0
"[4, 15, 16, 20, 27, 40]",11.110909090909091,0.5,transformer_fallback,122,4,36,1,"{0: 1, 1: 3, 2: 1, 3: 1}",0,0.7636363636363637,1.05,0.0,2.0
"[4, 11, 18, 29, 38, 39]",12.231030303030302,0.5,transformer_fallback,139,3,35,0,"{0: 1, 1: 2, 2: 1, 3: 2}",2,0.7054545454545454,1.05,0.0,2.0
