combination,score,svi_score,source,sum_total,even_count,diff_sum,repeats,decades,primes,diversity,filter_reasons,core_bonus,arima_score
"[9, 13, 15, 25, 35, 38]",5.6973939393939395,0.5,transformer_fallback,135,1,29,1,"{np.int64(0): 1, np.int64(1): 2, np.int64(2): 1, np.int64(3): 2}",1,0.7018181818181819,0.95,0.0,1.0
"[4, 25, 26, 27, 31, 38]",4.806121212121213,0.5,transformer_fallback,151,3,34,1,"{np.int64(0): 1, np.int64(2): 3, np.int64(3): 2}",1,0.7236363636363636,0.9500000000000001,0.0,1.0
"[1, 9, 22, 24, 25, 36]",5.532181818181818,0.5,transformer_fallback,117,3,35,1,"{np.int64(0): 2, np.int64(2): 3, np.int64(3): 1}",0,0.7054545454545454,1.1,0.0,1.0
"[7, 13, 34, 36, 37, 39]",4.805454545454546,0.5,transformer_fallback,166,2,32,1,"{np.int64(0): 1, np.int64(1): 1, np.int64(3): 4}",3,0.7636363636363637,0.9500000000000001,0.0,1.0
"[3, 8, 14, 24, 30, 31]",5.888787878787879,0.5,transformer_fallback,110,4,28,0,"{np.int64(0): 2, np.int64(1): 1, np.int64(2): 2, np.int64(3): 1}",2,0.7636363636363637,1.1,0.0,1.0
