combination,score,svi_score,source,sum_total,even_count,diff_sum,repeats,decades,primes,diversity,filter_reasons,core_bonus,arima_score
"[2, 5, 9, 29, 35, 39]",6.286060606060606,0.5,transformer_fallback,119,1,37,2,"{0: 3, 2: 1, 3: 2}",3,0.7151515151515152,1.0,0.0,1.0
"[5, 28, 29, 35, 37, 38]",5.386060606060607,0.5,transformer_fallback,172,2,33,1,"{0: 1, 2: 2, 3: 3}",3,0.7151515151515152,0.9500000000000001,0.0,1.0
"[7, 11, 12, 18, 30, 33]",5.888787878787879,0.5,transformer_fallback,111,3,26,2,"{0: 1, 1: 3, 2: 1, 3: 1}",2,0.7636363636363637,1.05,0.0,1.0
"[6, 16, 17, 18, 26, 29]",5.865515151515151,0.5,transformer_fallback,112,4,23,0,"{0: 1, 1: 3, 2: 2}",2,0.7054545454545454,1.05,0.0,1.0
"[3, 17, 23, 26, 33, 36]",6.0467272727272725,0.5,transformer_fallback,138,2,33,0,"{0: 1, 1: 1, 2: 2, 3: 2}",3,0.7418181818181818,1.05,0.0,1.0
