combination,score,svi_score,source,sum_total,even_count,diff_sum,repeats,decades,primes,diversity,filter_reasons,core_bonus,arima_score
"[14, 18, 19, 20, 21, 40]",2.97515155241067,0.5,lstm,132,4,26,1,"{1: 4, 2: 1, 3: 1}",1,0.48650793650793644,1.05,0.0,0.593692147229648
"[6, 14, 18, 20, 21, 40]",3.2258215701298543,0.5,lstm,119,5,34,1,"{0: 1, 1: 3, 2: 1, 3: 1}",0,0.45873015873015865,0.95,0.0,0.593692147229648
"[11, 14, 17, 18, 20, 40]",2.4704189904167024,0.5,lstm,120,4,29,1,"{1: 5, 3: 1}",2,0.4444444444444444,0.9500000000000001,0.0,0.593692147229648
"[12, 14, 17, 20, 28, 40]",2.9783556052687348,0.5,lstm,131,5,28,1,"{1: 4, 2: 1, 3: 1}",1,0.5,0.95,0.0,0.593692147229648
"[6, 10, 14, 17, 20, 40]",3.327974314192861,0.5,lstm,107,5,34,1,"{0: 2, 1: 3, 3: 1}",1,0.4722222222222222,0.95,0.0,0.593692147229648
"[13, 15, 17, 20, 31, 40]",2.606308526338155,0.5,lstm,136,2,27,1,"{1: 4, 3: 2}",3,0.6000000000000001,1.05,0.0,0.593692147229648
