combination,score,svi_score,source,sum_total,even_count,diff_sum,repeats,decades,primes,diversity,filter_reasons,core_bonus,arima_score
"[10, 12, 13, 15, 24, 32]",5.714848484848485,0.5,transformer_fallback,106,4,22,0,"{np.int64(0): 1, np.int64(1): 3, np.int64(2): 1, np.int64(3): 1}",1,0.7454545454545455,1.05,0.0,1.0
"[2, 15, 20, 29, 34, 40]",4.865515151515151,0.5,transformer_fallback,140,4,38,0,"{np.int64(0): 1, np.int64(1): 2, np.int64(2): 1, np.int64(3): 2}",2,0.7054545454545456,1.05,0.0,1.0
"[12, 16, 23, 29, 31, 37]",5.548181818181818,0.5,transformer_fallback,148,2,25,0,"{np.int64(1): 2, np.int64(2): 2, np.int64(3): 2}",4,0.7454545454545455,1.05,0.0,1.0
"[3, 8, 11, 18, 20, 31]",5.148181818181818,0.5,transformer_fallback,91,3,28,0,"{np.int64(0): 2, np.int64(1): 3, np.int64(3): 1}",3,0.7454545454545455,0.9,0.0,1.0
"[1, 2, 3, 24, 26, 34]",5.222787878787879,0.5,transformer_fallback,90,4,33,0,"{np.int64(0): 3, np.int64(2): 2, np.int64(3): 1}",2,0.7236363636363636,0.9500000000000001,0.0,1.0
