combination,score,svi_score,source,sum_total,even_count,diff_sum,repeats,decades,primes,diversity,filter_reasons,core_bonus,arima_score
"[8, 19, 21, 23, 34, 40]",5.8271428571428565,0.5,lstm,145,3,32,2,"{0: 1, 1: 1, 2: 2, 3: 2}",2,0.6095238095238096,1.05,0.0,1.0
"[11, 20, 21, 22, 24, 40]",5.580748299319728,0.5,lstm,138,4,29,2,"{1: 2, 2: 3, 3: 1}",1,0.4102040816326531,1.1,0.0,1.0
"[5, 20, 21, 22, 24, 40]",5.592993197278912,0.5,lstm,132,4,35,2,"{0: 1, 1: 1, 2: 3, 3: 1}",1,0.4408163265306122,1.1,0.0,1.0
"[6, 19, 21, 22, 24, 40]",5.560884353741497,0.5,lstm,132,4,34,2,"{0: 1, 1: 1, 2: 3, 3: 1}",1,0.3605442176870748,1.05,0.0,1.0
"[11, 19, 21, 22, 24, 40]",5.715306122448979,0.5,lstm,137,3,29,2,"{1: 2, 2: 3, 3: 1}",2,0.32993197278911557,1.05,0.0,1.0
"[2, 19, 21, 22, 24, 40]",4.727551020408163,0.5,lstm,128,4,38,2,"{0: 1, 1: 1, 2: 3, 3: 1}",2,0.3605442176870748,1.05,0.0,1.0
"[19, 21, 22, 24, 31, 40]",3.8275510204081633,0.5,lstm,157,3,21,2,"{1: 1, 2: 3, 3: 2}",2,0.3605442176870748,0.9,0.0,1.0
