combination,score,svi_score,source,sum_total,even_count,diff_sum,repeats,decades,primes,diversity,filter_reasons,core_bonus,arima_score
"[3, 9, 13, 18, 22, 31]",5.146727272727273,0.5,transformer_fallback,96,2,28,0,"{np.int64(0): 2, np.int64(1): 2, np.int64(2): 1, np.int64(3): 1}",3,0.7418181818181818,0.9,0.0,1.0
"[2, 27, 29, 34, 36, 38]",5.210666666666667,0.5,transformer_fallback,166,4,36,0,"{np.int64(0): 1, np.int64(2): 2, np.int64(3): 3}",2,0.6933333333333334,0.9500000000000001,0.0,1.0
"[6, 16, 28, 30, 31, 39]",5.722121212121213,0.5,transformer_fallback,150,4,33,0,"{np.int64(0): 1, np.int64(1): 1, np.int64(2): 2, np.int64(3): 2}",1,0.7636363636363637,1.05,0.0,1.0
"[2, 4, 9, 13, 32, 36]",5.205333333333334,0.5,transformer_fallback,96,4,34,0,"{np.int64(0): 3, np.int64(1): 1, np.int64(3): 2}",2,0.68,0.9500000000000001,0.0,1.0
"[2, 6, 11, 21, 34, 36]",5.853393939393939,0.5,transformer_fallback,110,4,34,0,"{np.int64(0): 2, np.int64(1): 1, np.int64(2): 1, np.int64(3): 2}",2,0.6751515151515152,1.1,0.0,1.0
