combination,score,svi_score,source,sum_total,even_count,diff_sum,repeats,decades,primes,diversity,filter_reasons,core_bonus,arima_score
"[10, 13, 14, 29, 35, 36]",6.327891285696498,0.5,transformer_fallback,137,3,26,0,"{0: 1, 1: 2, 2: 1, 3: 2}",2,0.696969696969697,1.1,0.0,1.0794541867561873
"[2, 24, 25, 29, 32, 33]",6.348826154772981,0.5,transformer_fallback,145,3,31,1,"{0: 1, 2: 3, 3: 2}",2,0.7454545454545455,1.1,0.0,1.0794541867561873
"[1, 11, 28, 30, 33, 35]",6.168917123646951,0.5,transformer_fallback,138,2,34,1,"{0: 1, 1: 1, 2: 2, 3: 2}",1,0.7454545454545455,1.1,0.0,1.0794541867561873
"[5, 6, 16, 20, 22, 25]",4.1336553206175575,0.5,transformer_fallback,94,4,20,2,"{0: 2, 1: 2, 2: 2}",1,0.7818181818181819,0.9,0.0,1.0794541867561873
"[3, 4, 10, 13, 14, 30]",5.634096640208658,0.5,transformer_fallback,74,4,27,0,"{0: 3, 1: 2, 2: 1}",2,0.7151515151515151,0.9500000000000001,0.0,1.0794541867561873
