combination,score,svi_score,source,sum_total,even_count,diff_sum,repeats,decades,primes,diversity,filter_reasons,core_bonus,arima_score
"[3, 19, 23, 24, 27, 29]",4.939454545454546,0.5,transformer_fallback,125,1,26,0,"{np.int64(0): 1, np.int64(1): 1, np.int64(2): 4}",4,0.7236363636363636,0.95,0.0,1.0
"[11, 16, 17, 26, 29, 39]",6.039454545454546,0.5,transformer_fallback,138,2,28,0,"{np.int64(1): 3, np.int64(2): 2, np.int64(3): 1}",3,0.7236363636363636,1.05,0.0,1.0
"[14, 15, 16, 17, 20, 35]",3.1133939393939394,0.5,transformer_fallback,117,3,21,1,"{np.int64(1): 5, np.int64(3): 1}",1,0.7418181818181818,0.9500000000000001,0.0,1.0
"[3, 9, 26, 28, 30, 34]",5.706121212121213,0.5,transformer_fallback,130,4,31,0,"{np.int64(0): 2, np.int64(2): 3, np.int64(3): 1}",1,0.7236363636363636,1.1,0.0,1.0
"[3, 4, 9, 13, 20, 27]",5.214060606060606,0.5,transformer_fallback,76,2,24,0,"{np.int64(0): 3, np.int64(1): 2, np.int64(2): 1}",2,0.7018181818181818,0.9500000000000001,0.0,1.0
