combination,score,svi_score,source,sum_total,even_count,diff_sum,repeats,decades,primes,diversity,filter_reasons,core_bonus,arima_score
"[10, 22, 25, 33, 35, 37]",4.806121212121213,0.5,transformer_fallback,162,2,27,0,"{np.int64(0): 1, np.int64(2): 2, np.int64(3): 3}",1,0.7236363636363636,0.9500000000000001,0.0,1.0
"[4, 15, 24, 34, 35, 40]",4.655454545454546,0.5,transformer_fallback,152,4,36,0,"{np.int64(0): 1, np.int64(1): 1, np.int64(2): 1, np.int64(3): 3}",0,0.7636363636363637,0.9,0.0,1.0
"[5, 13, 16, 26, 30, 37]",6.055454545454546,0.5,transformer_fallback,127,3,32,0,"{np.int64(0): 1, np.int64(1): 2, np.int64(2): 2, np.int64(3): 1}",3,0.7636363636363637,1.05,0.0,1.0
"[13, 14, 20, 25, 29, 33]",4.8800606060606055,0.5,transformer_fallback,134,2,20,0,"{np.int64(1): 3, np.int64(2): 2, np.int64(3): 1}",2,0.7418181818181818,1.1,0.0,1.0
"[2, 7, 9, 17, 32, 40]",5.0627272727272725,0.5,transformer_fallback,107,3,38,0,"{np.int64(0): 3, np.int64(1): 1, np.int64(3): 2}",3,0.7818181818181819,1.05,0.0,1.0
