combination,score,svi_score,source,sum_total,even_count,diff_sum,repeats,decades,primes,diversity,filter_reasons,core_bonus,arima_score
"[5, 10, 18, 25, 27, 40]",5.722121212121213,0.5,transformer_fallback,125,3,35,0,"{0: 2, 1: 1, 2: 2, 3: 1}",1,0.7636363636363637,1.07,0.0,1.0
"[11, 14, 23, 27, 32, 36]",5.896060606060606,0.5,transformer_fallback,143,3,25,0,"{1: 2, 2: 2, 3: 2}",2,0.7818181818181819,1.12,0.0,1.0
"[1, 2, 12, 13, 24, 34]",5.221333333333334,0.5,transformer_fallback,86,4,33,0,"{0: 2, 1: 2, 2: 1, 3: 1}",2,0.72,0.9700000000000001,0.0,1.0
"[1, 7, 15, 31, 34, 37]",6.0467272727272725,0.5,transformer_fallback,125,1,36,0,"{0: 2, 1: 1, 3: 3}",3,0.7418181818181818,0.97,0.0,1.0
"[4, 12, 18, 34, 35, 38]",5.539454545454546,0.5,transformer_fallback,141,5,34,0,"{0: 1, 1: 2, 3: 3}",0,0.7236363636363636,0.97,0.0,1.0
