combination,score,svi_score,source,sum_total,even_count,diff_sum,repeats,decades,primes,diversity,filter_reasons,core_bonus,arima_score
"[13, 14, 18, 23, 31, 37]",5.548181818181818,0.5,transformer_fallback,136,2,24,1,"{1: 3, 2: 1, 3: 2}",4,0.7454545454545455,1.05,0.0,1.0
"[14, 21, 25, 28, 35, 39]",4.6409090909090915,0.5,transformer_fallback,162,2,25,0,"{1: 1, 2: 3, 3: 2}",0,0.7272727272727273,0.9500000000000001,0.0,1.0
"[1, 8, 22, 23, 28, 32]",5.707575757575758,0.5,transformer_fallback,114,4,31,1,"{0: 2, 2: 3, 3: 1}",1,0.7272727272727273,1.1,0.0,1.0
"[6, 11, 20, 25, 31, 32]",5.881515151515151,0.5,transformer_fallback,125,3,26,0,"{0: 1, 1: 2, 2: 1, 3: 2}",2,0.7454545454545455,1.1,0.0,1.0
"[7, 15, 17, 28, 29, 36]",6.055454545454546,0.5,transformer_fallback,132,2,29,0,"{0: 1, 1: 2, 2: 2, 3: 1}",3,0.7636363636363637,1.05,0.0,1.0
