combination,score,svi_score,source,sum_total,even_count,diff_sum,repeats,decades,primes,diversity,filter_reasons,core_bonus,arima_score
"[7, 8, 9, 12, 16, 28]",3.8221212121212123,0.5,transformer_fallback,80,4,21,0,"{0: 3, 1: 2, 2: 1}",1,0.7636363636363637,0.9,0.0,1.0
"[4, 5, 12, 13, 19, 26]",5.396727272727273,0.5,transformer_fallback,79,3,22,0,"{0: 2, 1: 3, 2: 1}",3,0.7418181818181818,0.9,0.0,1.0
"[6, 15, 17, 30, 34, 39]",5.720666666666667,0.5,transformer_fallback,141,3,33,0,"{0: 1, 1: 2, 2: 1, 3: 2}",1,0.76,1.05,0.0,1.0
"[3, 4, 5, 11, 20, 40]",5.404000000000001,0.5,transformer_fallback,83,3,37,0,"{0: 3, 1: 2, 3: 1}",3,0.76,0.9500000000000001,0.0,1.0
"[14, 16, 17, 24, 25, 39]",5.7133939393939395,0.5,transformer_fallback,135,3,25,0,"{1: 3, 2: 2, 3: 1}",1,0.7418181818181818,1.05,0.0,1.0
