combination,score,svi_score,source,sum_total,even_count,diff_sum,repeats,decades,primes,diversity,filter_reasons,core_bonus,arima_score
"[2, 3, 17, 30, 36, 37]",6.039454545454546,0.5,transformer_fallback,125,3,35,0,"{0: 2, 1: 1, 2: 1, 3: 2}",4,0.7236363636363636,1.05,0.0,1.0
"[3, 7, 21, 27, 29, 40]",6.048181818181818,0.5,transformer_fallback,127,1,37,0,"{0: 2, 2: 3, 3: 1}",3,0.7454545454545455,1.0,0.0,1.0
"[5, 12, 19, 23, 30, 40]",6.032181818181818,0.5,transformer_fallback,129,3,35,0,"{0: 1, 1: 2, 2: 2, 3: 1}",3,0.7054545454545454,1.05,0.0,1.0
"[12, 16, 17, 18, 19, 37]",4.438000000000001,0.5,transformer_fallback,119,3,25,1,"{1: 5, 3: 1}",3,0.72,0.8500000000000001,0.0,1.0
"[4, 24, 33, 35, 39, 40]",4.3054545454545465,0.5,transformer_fallback,175,3,36,2,"{0: 1, 2: 1, 3: 4}",0,0.7636363636363637,0.9500000000000001,0.0,1.0
