combination,score,svi_score,source,sum_total,even_count,diff_sum,repeats,decades,primes,diversity,filter_reasons,core_bonus,arima_score
"[20, 21, 22, 23, 32, 40]",2.1471865991472274,0.5,lstm,158,4,20,1,"{np.int64(1): 1, np.int64(2): 3, np.int64(3): 2}",1,0.25,0.9500000000000001,0.0,0.5936921472296481
"[11, 21, 22, 23, 39, 40]",2.988250474389229,0.5,lstm,156,2,29,1,"{np.int64(1): 1, np.int64(2): 3, np.int64(3): 2}",2,0.25,0.9500000000000001,0.0,0.5936921472296481
