combination,score,svi_score,source,sum_total,even_count,diff_sum,repeats,decades,primes,diversity,filter_reasons,core_bonus,arima_score
"[2, 3, 8, 10, 23, 28]",3.8054545454545456,0.5,transformer_fallback,74,4,26,2,"{0: 4, 2: 2}",3,0.7636363636363637,0.9500000000000001,0.0,1.0
"[19, 24, 26, 29, 34, 39]",3.972787878787879,0.5,transformer_fallback,171,3,20,2,"{1: 1, 2: 3, 3: 2}",2,0.7236363636363636,0.9,0.0,1.0
"[2, 9, 26, 30, 33, 35]",5.722121212121213,0.5,transformer_fallback,135,3,33,0,"{0: 2, 2: 2, 3: 2}",1,0.7636363636363637,1.1,0.0,1.0
"[1, 10, 13, 19, 25, 39]",4.872787878787879,0.5,transformer_fallback,107,1,38,1,"{0: 2, 1: 2, 2: 1, 3: 1}",2,0.7236363636363636,0.95,0.0,1.0
"[4, 15, 22, 24, 25, 27]",4.955454545454546,0.5,transformer_fallback,117,3,23,1,"{0: 1, 1: 1, 2: 4}",0,0.7636363636363637,1.05,0.0,1.0
