combination,score,svi_score,source,sum_total,even_count,diff_sum,repeats,decades,primes,diversity,filter_reasons,core_bonus,arima_score
"[18, 22, 26, 31, 37, 39]",4.23878787878788,0.5,transformer_fallback,173,3,21,0,"{1: 1, 2: 2, 3: 3}",2,0.7636363636363637,0.9,0.0,1.0
"[5, 6, 18, 33, 36, 38]",5.948848484848485,0.5,transformer_fallback,136,4,33,0,"{0: 2, 1: 1, 3: 3}",1,0.7054545454545456,1.05,0.0,1.0
"[10, 16, 25, 33, 34, 40]",4.655454545454546,0.5,transformer_fallback,158,4,30,0,"{0: 1, 1: 1, 2: 1, 3: 3}",0,0.7636363636363637,0.9,0.0,1.0
"[6, 12, 15, 16, 27, 32]",5.539454545454546,0.5,transformer_fallback,108,4,26,0,"{0: 1, 1: 3, 2: 1, 3: 1}",0,0.7236363636363636,1.05,0.0,1.0
"[3, 6, 27, 28, 36, 39]",5.9473939393939395,0.5,transformer_fallback,139,3,36,0,"{0: 2, 2: 2, 3: 2}",1,0.7018181818181818,1.1,0.0,1.0
