combination,score,svi_score,source,sum_total,even_count,diff_sum,repeats,decades,primes,diversity,filter_reasons,core_bonus,arima_score
"[8, 20, 21, 22, 23, 40]",4.645238095238096,0.5,lstm,134,4,32,3,"{0: 1, 1: 1, 2: 3, 3: 1}",1,0.3214285714285714,1.1,0.0,1.0
"[20, 21, 23, 24, 34, 40]",3.645238095238095,0.5,lstm,162,4,20,2,"{1: 1, 2: 3, 3: 2}",1,0.3214285714285714,0.9500000000000001,0.0,1.0
"[20, 21, 22, 23, 24, 40]",3.0023809523809524,0.5,lstm,150,4,20,3,"{1: 1, 2: 4, 3: 1}",1,0.2142857142857142,1.0,0.0,1.0
"[7, 21, 22, 23, 24, 40]",4.211904761904762,0.5,lstm,137,3,33,4,"{0: 1, 2: 4, 3: 1}",2,0.3214285714285714,1.0500000000000003,0.0,1.0
