combination,score,svi_score,source,sum_total,even_count,diff_sum,repeats,decades,primes,diversity,filter_reasons,core_bonus,arima_score
"[1, 19, 20, 23, 30, 37]",6.048181818181818,0.5,transformer_fallback,130,2,36,0,"{0: 1, 1: 2, 2: 2, 3: 1}",3,0.7454545454545455,1.05,0.0,1.0
"[5, 10, 23, 32, 39, 40]",6.124242424242424,0.5,transformer_fallback,149,3,35,0,"{0: 2, 2: 1, 3: 3}",2,0.7272727272727273,1.1,0.0,1.0
"[6, 9, 10, 26, 29, 34]",5.706121212121213,0.5,transformer_fallback,114,4,28,0,"{0: 3, 2: 2, 3: 1}",1,0.7236363636363636,1.1,0.0,1.0
"[9, 14, 31, 34, 37, 39]",4.615515151515152,0.5,transformer_fallback,164,2,30,0,"{0: 1, 1: 1, 3: 4}",2,0.7054545454545454,0.9500000000000001,0.0,1.0
"[6, 8, 15, 22, 37, 40]",5.957575757575758,0.5,transformer_fallback,128,4,34,0,"{0: 2, 1: 1, 2: 1, 3: 2}",1,0.7272727272727273,1.05,0.0,1.0
