combination,score,svi_score,source,sum_total,even_count,diff_sum,repeats,decades,primes,diversity,filter_reasons,core_bonus,arima_score
"[8, 22, 24, 26, 27, 29]",3.1046666666666662,0.5,transformer_fallback,136,4,21,0,"{0: 1, 2: 5}",1,0.72,0.9000000000000001,0.0,1.0
"[4, 14, 19, 24, 26, 38]",5.6973939393939395,0.5,transformer_fallback,125,5,34,0,"{0: 1, 1: 2, 2: 2, 3: 1}",1,0.7018181818181819,0.97,0.0,1.0
"[3, 4, 5, 13, 17, 36]",4.889454545454546,0.5,transformer_fallback,78,2,33,0,"{0: 3, 1: 2, 3: 1}",4,0.7236363636363636,0.92,0.0,1.0
"[2, 4, 15, 24, 27, 31]",6.106787878787879,0.5,transformer_fallback,103,3,29,0,"{0: 2, 1: 1, 2: 2, 3: 1}",2,0.6836363636363636,1.07,0.0,1.0
"[3, 15, 16, 17, 21, 28]",5.8800606060606055,0.5,transformer_fallback,100,2,25,0,"{0: 1, 1: 3, 2: 2}",2,0.7418181818181818,1.07,0.0,1.0
