combination,score,svi_score,source,sum_total,even_count,diff_sum,repeats,decades,primes,diversity,filter_reasons,core_bonus,arima_score
"[3, 4, 13, 17, 35, 36]",6.262787878787879,0.5,transformer_fallback,108,2,33,0,"{0: 2, 1: 2, 3: 2}",3,0.656969696969697,1.05,0.0,1.0
"[13, 15, 28, 31, 32, 38]",4.980060606060606,0.5,transformer_fallback,157,3,25,0,"{1: 2, 2: 1, 3: 3}",2,0.7418181818181818,0.9,0.0,1.0
"[3, 8, 9, 14, 23, 37]",5.148181818181818,0.5,transformer_fallback,94,2,34,2,"{0: 3, 1: 1, 2: 1, 3: 1}",3,0.7454545454545455,0.9500000000000001,0.0,1.0
"[1, 4, 17, 18, 36, 37]",6.362121212121211,0.5,transformer_fallback,113,3,36,0,"{0: 2, 1: 2, 3: 2}",2,0.696969696969697,1.05,0.0,1.0
"[2, 13, 14, 18, 28, 35]",5.856787878787879,0.5,transformer_fallback,110,4,33,0,"{0: 1, 1: 3, 2: 1, 3: 1}",2,0.6836363636363636,1.05,0.0,1.0
