combination,score,svi_score,source,sum_total,even_count,diff_sum,repeats,decades,primes,diversity,filter_reasons,core_bonus,arima_score
"[12, 18, 20, 22, 33, 40]",5.4747619047619045,0.5,lstm,145,5,28,0,"{1: 3, 2: 1, 3: 2}",0,0.5619047619047619,0.95,0.0,1.0
"[19, 20, 21, 22, 23, 40]",4.703061224489796,0.5,lstm,145,3,21,0,"{1: 2, 2: 3, 3: 1}",2,0.29931972789115646,0.9500000000000001,0.0,1.0
"[20, 21, 22, 23, 33, 40]",3.651360544217687,0.5,lstm,159,3,20,0,"{1: 1, 2: 3, 3: 2}",1,0.33673469387755095,0.9500000000000001,0.0,1.0
"[20, 21, 22, 23, 38, 40]",3.9108843537414963,0.5,lstm,164,4,20,0,"{1: 1, 2: 3, 3: 2}",1,0.3605442176870748,0.9500000000000001,0.0,1.0
"[12, 20, 21, 22, 23, 40]",5.551360544217688,0.5,lstm,138,4,28,0,"{1: 2, 2: 3, 3: 1}",1,0.33673469387755095,1.1,0.0,1.0
"[19, 20, 21, 23, 25, 40]",4.747414965986394,0.5,lstm,148,2,21,0,"{1: 2, 2: 3, 3: 1}",2,0.410204081632653,1.05,0.0,1.0
"[19, 20, 21, 23, 27, 40]",4.747414965986394,0.5,lstm,150,2,21,0,"{1: 2, 2: 3, 3: 1}",2,0.410204081632653,1.05,0.0,1.0
