combination,score,svi_score,source,sum_total,even_count,diff_sum,repeats,decades,primes,diversity,filter_reasons,core_bonus,arima_score
"[18, 19, 20, 21, 22, 40]",5.583333333333334,0.5,lstm,140,4,22,2,"{np.int64(1): 3, np.int64(2): 2, np.int64(3): 1}",1,0.41666666666666663,1.0,0.0,1.0
"[11, 19, 20, 21, 22, 23]",3.9166666666666665,0.5,lstm,116,2,12,1,"{np.int64(1): 3, np.int64(2): 3}",3,0.41666666666666674,0.9249999999999998,0.0,1.0
"[8, 18, 20, 21, 22, 24]",4.416666666666667,0.5,lstm,113,5,16,1,"{np.int64(0): 1, np.int64(1): 2, np.int64(2): 3}",0,0.41666666666666674,0.825,0.0,1.0
"[20, 21, 22, 23, 24, 36]",3.983333333333333,0.5,lstm,146,4,16,1,"{np.int64(1): 1, np.int64(2): 4, np.int64(3): 1}",1,0.41666666666666674,0.9749999999999999,0.0,1.0
