combination,score,svi_score,source,sum_total,even_count,diff_sum,repeats,decades,primes,diversity,filter_reasons,core_bonus,arima_score
"[1, 13, 24, 27, 28, 32]",11.412242424242425,0.5,transformer_fallback,125,3,31,0,"{0: 1, 1: 1, 2: 3, 3: 1}",1,0.7236363636363636,1.1,0.0,2.0
"[1, 6, 21, 23, 35, 40]",9.426787878787879,0.5,transformer_fallback,126,2,39,0,"{0: 2, 2: 2, 3: 2}",1,0.7418181818181818,1.1,0.0,2.0
"[2, 6, 10, 23, 27, 32]",11.742666666666667,0.5,transformer_fallback,100,4,30,0,"{0: 3, 2: 2, 3: 1}",2,0.72,1.1,0.0,2.0
"[3, 5, 7, 9, 22, 33]",9.64,0.5,transformer_fallback,79,1,30,0,"{0: 4, 2: 1, 3: 1}",3,0.8,0.85,0.0,2.0
"[14, 17, 18, 28, 34, 38]",11.458787878787879,0.5,transformer_fallback,149,5,24,0,"{1: 3, 2: 1, 3: 2}",1,0.7818181818181819,0.95,0.0,2.0
