combination,score,svi_score,source,sum_total,even_count,diff_sum,repeats,decades,primes,diversity,filter_reasons,core_bonus,arima_score
"[4, 23, 34, 37, 38, 40]",4.62278787878788,0.5,transformer_fallback,176,4,36,1,"{0: 1, 2: 1, 3: 4}",2,0.7236363636363636,0.9500000000000001,0.0,1.0
"[12, 22, 27, 29, 33, 40]",4.8075757575757585,0.5,transformer_fallback,163,3,28,0,"{1: 1, 2: 3, 3: 2}",1,0.7272727272727273,0.9500000000000001,0.0,1.0
"[2, 3, 11, 14, 33, 34]",5.398181818181818,0.5,transformer_fallback,97,3,32,0,"{0: 2, 1: 2, 3: 2}",3,0.7454545454545455,0.9500000000000001,0.0,1.0
"[4, 12, 17, 18, 19, 37]",5.446727272727273,0.5,transformer_fallback,107,3,33,1,"{0: 1, 1: 4, 3: 1}",3,0.7418181818181818,1.05,0.0,1.0
"[2, 20, 26, 29, 36, 39]",5.238787878787879,0.5,transformer_fallback,152,4,37,1,"{0: 1, 1: 1, 2: 2, 3: 2}",2,0.7636363636363637,0.9500000000000001,0.0,1.0
