combination,score,svi_score,source,sum_total,even_count,diff_sum,repeats,decades,primes,diversity,filter_reasons,core_bonus,arima_score
"[11, 15, 19, 20, 31, 38]",4.462727272727273,0.5,transformer_fallback,134,2,27,2,"{1: 4, 3: 2}",3,0.7818181818181819,1.07,0.0,1.0
"[3, 8, 13, 22, 24, 30]",5.881515151515151,0.5,transformer_fallback,100,4,27,0,"{0: 2, 1: 1, 2: 3}",2,0.7454545454545455,1.12,0.0,1.0
"[2, 7, 9, 21, 24, 27]",3.988787878787879,0.5,transformer_fallback,90,2,25,1,"{0: 3, 2: 3}",2,0.7636363636363637,0.8500000000000001,0.0,1.0
"[6, 13, 19, 25, 26, 35]",5.881515151515151,0.5,transformer_fallback,124,2,29,2,"{0: 1, 1: 2, 2: 2, 3: 1}",2,0.7454545454545455,1.07,0.0,1.0
"[1, 8, 21, 26, 29, 36]",5.714848484848485,0.5,transformer_fallback,121,3,35,0,"{0: 2, 2: 3, 3: 1}",1,0.7454545454545455,1.12,0.0,1.0
