combination,score,svi_score,source,sum_total,even_count,diff_sum,repeats,decades,primes,diversity,filter_reasons,core_bonus,arima_score
"[3, 8, 12, 23, 26, 33]",5.874242424242424,0.5,transformer_fallback,105,3,30,0,"{0: 2, 1: 1, 2: 2, 3: 1}",2,0.7272727272727273,1.1,0.0,1.0
"[6, 16, 17, 26, 32, 36]",5.702727272727273,0.5,transformer_fallback,133,5,30,0,"{0: 1, 1: 2, 2: 1, 3: 2}",1,0.7151515151515152,0.95,0.0,1.0
"[8, 15, 22, 27, 30, 39]",5.555454545454546,0.5,transformer_fallback,141,3,31,0,"{0: 1, 1: 1, 2: 3, 3: 1}",0,0.7636363636363637,1.05,0.0,1.0
"[12, 13, 24, 28, 29, 35]",5.888787878787879,0.5,transformer_fallback,141,3,23,0,"{1: 2, 2: 3, 3: 1}",2,0.7636363636363637,1.1,0.0,1.0
"[12, 16, 27, 31, 32, 36]",4.788181818181819,0.5,transformer_fallback,154,4,24,0,"{1: 2, 2: 1, 3: 3}",1,0.6787878787878788,0.9,0.0,1.0
