combination,score,svi_score,source,sum_total,even_count,diff_sum,repeats,decades,primes,diversity,filter_reasons,core_bonus,arima_score
"[2, 10, 14, 15, 34, 40]",4.706121212121213,0.5,transformer_fallback,115,5,38,0,"{0: 2, 1: 2, 3: 2}",1,0.7236363636363636,0.95,0.0,1.0
"[2, 3, 6, 9, 10, 27]",3.6140606060606064,0.5,transformer_fallback,57,3,25,1,"{0: 5, 2: 1}",2,0.7018181818181819,0.8500000000000001,0.0,1.0
"[3, 18, 22, 23, 34, 38]",5.865515151515151,0.5,transformer_fallback,138,4,35,0,"{0: 1, 1: 1, 2: 2, 3: 2}",2,0.7054545454545454,1.05,0.0,1.0
"[3, 9, 16, 19, 21, 34]",5.8640606060606055,0.5,transformer_fallback,102,2,31,2,"{0: 2, 1: 2, 2: 1, 3: 1}",2,0.7018181818181818,1.05,0.0,1.0
"[17, 25, 29, 36, 38, 39]",5.246060606060606,0.5,transformer_fallback,184,2,22,1,"{1: 1, 2: 2, 3: 3}",2,0.7818181818181819,0.9,0.0,1.0
