combination,score,svi_score,source,sum_total,even_count,diff_sum,repeats,decades,primes,diversity,filter_reasons,core_bonus,arima_score
"[7, 14, 17, 24, 27, 28]",4.881515151515151,0.5,transformer_fallback,117,3,21,0,"{0: 1, 1: 2, 2: 3}",2,0.7454545454545455,1.05,0.0,1.0
"[6, 24, 26, 33, 36, 40]",4.898181818181818,0.5,transformer_fallback,165,5,34,0,"{0: 1, 2: 2, 3: 3}",0,0.7454545454545455,0.85,0.0,1.0
"[8, 13, 17, 30, 31, 34]",6.0627272727272725,0.5,transformer_fallback,133,3,26,0,"{0: 1, 1: 2, 2: 1, 3: 2}",3,0.7818181818181819,1.05,0.0,1.0
"[1, 3, 16, 23, 24, 38]",6.131515151515151,0.5,transformer_fallback,105,3,37,0,"{0: 2, 1: 1, 2: 2, 3: 1}",2,0.7454545454545455,1.05,0.0,1.0
"[9, 10, 18, 19, 33, 38]",5.722121212121213,0.5,transformer_fallback,127,3,29,0,"{0: 2, 1: 2, 3: 2}",1,0.7636363636363637,1.05,0.0,1.0
