combination,score,svi_score,source,sum_total,even_count,diff_sum,repeats,decades,primes,diversity,filter_reasons,core_bonus,arima_score
"[13, 16, 18, 19, 24, 40]",3.0945182275150436,0.5,lstm,130,4,27,1,"{1: 4, 2: 1, 3: 1}",2,0.5724867724867725,1.05,0.0,0.593692147229648
"[12, 16, 18, 20, 23, 40]",2.991411692316036,0.5,lstm,129,5,28,1,"{1: 4, 2: 1, 3: 1}",1,0.5549783549783549,0.95,0.0,0.593692147229648
"[12, 15, 18, 20, 23, 40]",2.982741902229508,0.5,lstm,128,4,28,1,"{1: 4, 2: 1, 3: 1}",1,0.5184704184704183,1.05,0.0,0.593692147229648
"[12, 15, 18, 20, 22, 40]",2.8994993524856683,0.5,lstm,127,5,28,1,"{1: 4, 2: 1, 3: 1}",0,0.5846079846079846,0.95,0.0,0.593692147229648
"[12, 15, 19, 20, 23, 40]",3.0774299456053646,0.5,lstm,129,3,28,1,"{1: 4, 2: 1, 3: 1}",2,0.5005291005291006,1.05,0.0,0.593692147229648
"[12, 15, 19, 21, 23, 40]",3.4357812691818626,0.5,lstm,130,2,28,1,"{1: 3, 2: 2, 3: 1}",2,0.5095238095238095,1.05,0.0,0.593692147229648
"[13, 16, 19, 21, 24, 40]",3.4451821087618537,0.5,lstm,133,3,27,1,"{1: 3, 2: 2, 3: 1}",2,0.5491101491101491,1.05,0.0,0.593692147229648
"[12, 16, 19, 21, 24, 40]",3.3403507536642087,0.5,lstm,132,4,28,1,"{1: 3, 2: 2, 3: 1}",1,0.5243386243386243,1.05,0.0,0.593692147229648
"[13, 15, 19, 21, 24, 40]",3.445696127936944,0.5,lstm,132,2,27,1,"{1: 3, 2: 2, 3: 1}",2,0.5512746512746513,1.05,0.0,0.593692147229648
