combination,score,svi_score,source,sum_total,even_count,diff_sum,repeats,decades,primes,diversity,filter_reasons,core_bonus,arima_score
"[15, 18, 20, 21, 22, 40]",5.45,0.5,lstm,136,4,25,0,"{1: 3, 2: 2, 3: 1}",0,0.5,1.05,0.0,1.0
"[13, 19, 20, 22, 28, 40]",5.779999999999999,0.5,lstm,142,4,27,0,"{1: 3, 2: 2, 3: 1}",2,0.4916666666666667,1.05,0.0,1.0
"[19, 20, 22, 23, 35, 40]",3.8666666666666667,0.5,lstm,159,3,21,0,"{1: 2, 2: 2, 3: 2}",2,0.45833333333333337,0.9,0.0,1.0
"[14, 20, 21, 23, 31, 40]",5.796666666666666,0.5,lstm,149,3,26,0,"{1: 2, 2: 2, 3: 2}",2,0.5333333333333333,1.1,0.0,1.0
