combination,score,svi_score,source,sum_total,even_count,diff_sum,repeats,decades,primes,diversity,filter_reasons,core_bonus,arima_score
"[8, 9, 11, 13, 16, 38]",4.980060606060606,0.5,transformer_fallback,95,3,30,2,"{0: 2, 1: 3, 3: 1}",2,0.7418181818181818,0.92,0.0,1.0
"[7, 14, 22, 23, 24, 28]",4.264060606060607,0.5,transformer_fallback,118,4,21,1,"{0: 1, 1: 1, 2: 4}",2,0.7018181818181819,1.12,0.0,1.0
"[1, 6, 15, 23, 25, 36]",5.722121212121213,0.5,transformer_fallback,106,2,35,1,"{0: 2, 1: 1, 2: 2, 3: 1}",1,0.7636363636363637,1.07,0.0,1.0
"[2, 9, 13, 14, 19, 22]",4.122000000000001,0.5,transformer_fallback,79,3,20,0,"{0: 2, 1: 3, 2: 1}",3,0.68,0.92,0.0,1.0
"[9, 14, 15, 28, 32, 34]",5.523454545454546,0.5,transformer_fallback,132,4,25,0,"{0: 1, 1: 2, 2: 1, 3: 2}",0,0.6836363636363636,1.07,0.0,1.0
