combination,score,svi_score,source,sum_total,even_count,diff_sum,repeats,decades,primes,diversity,filter_reasons,core_bonus,arima_score
"[13, 20, 24, 31, 33, 39]",4.946121212121213,0.5,transformer_fallback,160,2,26,1,"{1: 2, 2: 1, 3: 3}",2,0.656969696969697,0.9700000000000001,0.0,1.0
"[6, 14, 16, 27, 39, 40]",5.773454545454546,0.5,transformer_fallback,142,4,34,0,"{0: 1, 1: 2, 2: 1, 3: 2}",0,0.6836363636363637,1.07,0.0,1.0
"[13, 15, 16, 28, 33, 35]",4.798848484848485,0.5,transformer_fallback,140,2,22,3,"{1: 3, 2: 1, 3: 2}",1,0.7054545454545454,1.07,0.0,1.0
"[1, 6, 9, 24, 27, 28]",3.6321818181818184,0.5,transformer_fallback,95,3,27,1,"{0: 3, 2: 3}",0,0.7054545454545454,0.8500000000000001,0.0,1.0
"[9, 14, 22, 31, 33, 39]",5.679454545454545,0.5,transformer_fallback,148,2,30,0,"{0: 1, 1: 1, 2: 1, 3: 3}",1,0.656969696969697,1.12,0.0,1.0
