combination,score,svi_score,source,sum_total,even_count,diff_sum,repeats,decades,primes,diversity,filter_reasons,core_bonus,arima_score
"[4, 24, 28, 30, 35, 40]",4.639454545454546,0.5,transformer_fallback,161,5,36,1,"{0: 1, 2: 3, 3: 2}",0,0.7236363636363636,0.85,0.0,1.0
"[2, 3, 4, 17, 21, 37]",4.882181818181818,0.5,transformer_fallback,84,2,35,1,"{0: 3, 1: 1, 2: 1, 3: 1}",4,0.7054545454545456,0.9,0.0,1.0
"[9, 19, 22, 23, 24, 37]",6.032181818181818,0.5,transformer_fallback,134,2,28,1,"{0: 1, 1: 1, 2: 3, 3: 1}",3,0.7054545454545454,1.05,0.0,1.0
"[2, 10, 17, 22, 23, 34]",6.0307272727272725,0.5,transformer_fallback,108,4,32,0,"{0: 2, 1: 1, 2: 2, 3: 1}",3,0.7018181818181819,1.05,0.0,1.0
"[1, 4, 20, 23, 28, 31]",6.115515151515151,0.5,transformer_fallback,107,3,30,1,"{0: 2, 1: 1, 2: 2, 3: 1}",2,0.7054545454545454,1.1,0.0,1.0
