combination,score,svi_score,source,sum_total,even_count,diff_sum,repeats,decades,primes,diversity,filter_reasons,core_bonus,arima_score
"[9, 13, 15, 25, 36, 39]",5.972121212121213,0.5,transformer_fallback,137,1,30,0,"{0: 1, 1: 2, 2: 1, 3: 2}",1,0.7636363636363637,0.95,0.0,1.0
"[7, 18, 22, 23, 35, 40]",5.896060606060606,0.5,transformer_fallback,145,3,33,0,"{0: 1, 1: 1, 2: 2, 3: 2}",2,0.7818181818181819,1.05,0.0,1.0
"[5, 6, 25, 27, 31, 34]",5.881515151515151,0.5,transformer_fallback,128,2,29,0,"{0: 2, 2: 2, 3: 2}",2,0.7454545454545455,1.1,0.0,1.0
"[15, 19, 23, 26, 29, 34]",5.048181818181818,0.5,transformer_fallback,146,2,19,0,"{1: 2, 2: 3, 3: 1}",3,0.7454545454545455,0.9,0.0,1.0
"[3, 16, 17, 27, 33, 37]",6.0627272727272725,0.5,transformer_fallback,133,1,34,1,"{0: 1, 1: 2, 2: 1, 3: 2}",3,0.7818181818181819,0.95,0.0,1.0
