combination,score,svi_score,source,sum_total,even_count,diff_sum,repeats,decades,primes,diversity,filter_reasons,core_bonus,arima_score
"[14, 16, 27, 30, 37, 38]",10.12678787878788,0.5,transformer_fallback,162,4,24,0,"{1: 2, 2: 2, 3: 2}",1,0.7418181818181818,0.9,0.0,2.0
"[1, 4, 11, 22, 28, 34]",11.926787878787879,0.5,transformer_fallback,100,4,33,0,"{0: 2, 1: 1, 2: 2, 3: 1}",1,0.7418181818181818,1.1,0.0,2.0
"[13, 14, 27, 31, 35, 39]",9.960121212121212,0.5,transformer_fallback,159,1,26,0,"{1: 2, 2: 1, 3: 3}",2,0.7418181818181818,0.85,0.0,2.0
"[4, 7, 15, 19, 22, 31]",10.278909090909092,0.5,transformer_fallback,98,2,27,0,"{0: 2, 1: 2, 2: 1, 3: 1}",3,0.7236363636363636,0.9,0.0,2.0
"[15, 23, 24, 32, 34, 38]",9.62969696969697,0.5,transformer_fallback,166,4,23,0,"{1: 1, 2: 2, 3: 3}",1,0.7454545454545455,0.9,0.0,2.0
