combination,score,svi_score,source,sum_total,even_count,diff_sum,repeats,decades,primes,diversity,filter_reasons,core_bonus,arima_score
"[20, 21, 22, 34, 36, 40]",3.8083333333333336,0.5,lstm,173,5,20,2,"{1: 1, 2: 2, 3: 3}",0,0.5208333333333334,0.85,0.0,1.0
"[20, 21, 22, 23, 33, 40]",2.797619047619047,0.5,lstm,159,3,20,3,"{1: 1, 2: 3, 3: 2}",1,0.45238095238095233,0.9500000000000001,0.0,1.0
"[12, 18, 20, 22, 26, 40]",4.803333333333333,0.5,lstm,138,6,28,2,"{1: 3, 2: 2, 3: 1}",0,0.6333333333333333,0.95,0.0,1.0
"[7, 10, 20, 22, 27, 40]",4.7700000000000005,0.5,lstm,126,4,33,3,"{0: 2, 1: 1, 2: 2, 3: 1}",1,0.6333333333333333,1.1,0.0,1.0
"[20, 21, 22, 23, 24, 40]",3.0976190476190473,0.5,lstm,150,4,20,3,"{1: 1, 2: 4, 3: 1}",1,0.45238095238095233,1.0,0.0,1.0
"[19, 21, 22, 23, 36, 40]",3.216904761904762,0.5,lstm,161,3,21,3,"{1: 1, 2: 3, 3: 2}",2,0.45892857142857135,0.9,0.0,1.0
"[19, 21, 22, 23, 32, 40]",2.9752380952380952,0.5,lstm,157,3,21,3,"{1: 1, 2: 3, 3: 2}",2,0.4797619047619047,0.9,0.0,1.0
"[4, 19, 21, 22, 23, 40]",4.875238095238095,0.5,lstm,129,3,36,3,"{0: 1, 1: 1, 2: 3, 3: 1}",2,0.4797619047619047,1.05,0.0,1.0
