combination,score,svi_score,source,sum_total,even_count,diff_sum,repeats,decades,primes,diversity,filter_reasons,core_bonus,arima_score
"[1, 18, 19, 20, 21, 22]",4.616666666666667,0.5,lstm,101,3,21,1,"{np.int64(0): 1, np.int64(1): 3, np.int64(2): 2}",1,0.5,1.05,0.0,1.0
"[13, 19, 21, 22, 23, 24]",3.3333333333333335,0.5,lstm,122,2,11,1,"{np.int64(1): 2, np.int64(2): 4}",3,0.45833333333333337,0.9249999999999998,0.0,1.0
"[15, 16, 20, 21, 22, 23]",3.6,0.5,lstm,117,3,8,1,"{np.int64(1): 3, np.int64(2): 3}",1,0.45833333333333337,0.9249999999999998,0.0,1.0
"[20, 21, 22, 23, 24, 27]",2.983333333333333,0.5,lstm,137,3,7,1,"{np.int64(1): 1, np.int64(2): 5}",1,0.41666666666666674,0.8749999999999999,0.0,1.0
