combination,score,svi_score,source,sum_total,even_count,diff_sum,repeats,decades,primes,diversity,filter_reasons,core_bonus,arima_score
"[13, 17, 18, 20, 25, 40]",3.0891781394182685,0.5,lstm,133,3,27,2,"{1: 4, 2: 1, 3: 1}",2,0.55,0.83,0.0,0.593692147229648
"[13, 16, 18, 21, 25, 40]",3.297818522587545,0.5,lstm,133,3,27,2,"{1: 3, 2: 2, 3: 1}",1,0.34523809523809523,0.83,0.0,0.593692147229648
"[13, 16, 19, 21, 25, 40]",3.394882476817154,0.5,lstm,134,2,27,2,"{1: 3, 2: 2, 3: 1}",2,0.3373015873015873,0.83,0.0,0.593692147229648
"[13, 16, 18, 21, 24, 40]",3.311011681414871,0.5,lstm,132,4,27,1,"{1: 3, 2: 2, 3: 1}",1,0.4007936507936508,0.83,0.0,0.593692147229648
"[13, 16, 19, 21, 24, 40]",3.408641056737079,0.5,lstm,133,3,27,1,"{1: 3, 2: 2, 3: 1}",2,0.3952380952380953,0.83,0.0,0.593692147229648
"[13, 16, 19, 22, 25, 40]",3.4184416890088065,0.5,lstm,135,3,27,2,"{1: 3, 2: 2, 3: 1}",2,0.4365079365079366,0.75,0.0,0.593692147229648
