combination,score,svi_score,source,sum_total,even_count,diff_sum,repeats,decades,primes,diversity,filter_reasons,core_bonus,arima_score
"[4, 11, 18, 24, 27, 30]",5.591269841269842,0.5,lstm,114,4,26,1,"{0: 1, 1: 2, 2: 3}",1,0.4365079365079364,1.05,0.0,1.0
"[2, 5, 11, 18, 24, 30]",5.252380952380953,0.5,lstm,90,4,28,1,"{0: 2, 1: 2, 2: 2}",3,0.38095238095238093,0.9,0.0,1.0
"[4, 11, 14, 18, 24, 30]",5.591269841269842,0.5,lstm,101,5,26,2,"{0: 1, 1: 3, 2: 2}",1,0.4365079365079364,0.95,0.0,1.0
"[5, 11, 17, 24, 30, 39]",5.924603174603175,0.5,lstm,126,2,34,2,"{0: 1, 1: 2, 2: 2, 3: 1}",3,0.4365079365079365,1.05,0.0,1.0
"[5, 9, 11, 17, 24, 30]",5.024603174603175,0.5,lstm,96,2,25,2,"{0: 2, 1: 2, 2: 2}",3,0.4365079365079365,0.9,0.0,1.0
"[3, 5, 11, 18, 24, 30]",5.252380952380953,0.5,lstm,91,3,27,1,"{0: 2, 1: 2, 2: 2}",3,0.38095238095238093,0.9,0.0,1.0
