combination,score,svi_score,source,sum_total,even_count,diff_sum,repeats,decades,primes,diversity,filter_reasons,core_bonus,arima_score
"[3, 5, 14, 25, 31, 35]",12.625454545454545,0.5,transformer_fallback,113,1,32,2,"{0: 2, 1: 1, 2: 1, 3: 2}",3,0.7818181818181819,1.02,0.0,2.0
"[6, 7, 21, 22, 23, 26]",6.545575757575758,0.5,transformer_fallback,105,3,20,1,"{0: 2, 2: 4}",2,0.7236363636363636,1.0,0.0,2.0
"[13, 17, 19, 23, 24, 37]",11.096363636363636,0.5,transformer_fallback,133,1,24,1,"{1: 3, 2: 2, 3: 1}",5,0.7454545454545455,0.97,0.0,2.0
"[10, 11, 20, 22, 36, 37]",12.277575757575757,0.5,transformer_fallback,136,4,27,1,"{0: 1, 1: 2, 2: 1, 3: 2}",2,0.7636363636363637,1.12,0.0,2.0
"[2, 3, 8, 16, 23, 26]",10.778909090909092,0.5,transformer_fallback,78,4,24,2,"{0: 3, 1: 1, 2: 2}",3,0.7236363636363636,0.92,0.0,2.0
