combination,score,svi_score,source,sum_total,even_count,diff_sum,repeats,decades,primes,diversity,filter_reasons,core_bonus,arima_score
"[3, 7, 8, 21, 26, 31]",5.155454545454546,0.5,transformer_fallback,96,2,28,0,"{0: 3, 2: 2, 3: 1}",3,0.7636363636363637,0.9500000000000001,0.0,1.0
"[1, 2, 4, 7, 11, 40]",3.7981818181818183,0.5,transformer_fallback,65,3,39,0,"{0: 4, 1: 1, 3: 1}",3,0.7454545454545455,0.9500000000000001,0.0,1.0
"[13, 14, 20, 25, 28, 33]",4.7293939393939395,0.5,transformer_fallback,133,3,20,0,"{1: 3, 2: 2, 3: 1}",1,0.7818181818181819,1.1,0.0,1.0
"[4, 9, 10, 18, 19, 24]",3.8293939393939396,0.5,transformer_fallback,84,4,20,0,"{0: 3, 1: 2, 2: 1}",1,0.7818181818181819,0.9,0.0,1.0
"[5, 6, 7, 14, 16, 35]",4.9815151515151515,0.5,transformer_fallback,83,3,30,0,"{0: 3, 1: 2, 3: 1}",2,0.7454545454545455,0.9,0.0,1.0
