combination,score,svi_score,source,sum_total,even_count,diff_sum,repeats,decades,primes,diversity,filter_reasons,core_bonus,arima_score
"[5, 17, 18, 21, 31, 39]",6.0147272727272725,0.5,transformer_fallback,131,1,34,0,"{0: 1, 1: 2, 2: 1, 3: 2}",3,0.6618181818181819,0.97,0.0,1.0
"[2, 5, 6, 9, 18, 30]",4.605333333333334,0.5,transformer_fallback,70,4,28,0,"{0: 4, 1: 1, 2: 1}",2,0.68,0.92,0.0,1.0
"[6, 9, 11, 22, 28, 39]",5.698848484848485,0.5,transformer_fallback,115,3,33,0,"{0: 2, 1: 1, 2: 2, 3: 1}",1,0.7054545454545454,1.12,0.0,1.0
"[4, 7, 11, 17, 21, 36]",5.139454545454546,0.5,transformer_fallback,96,2,32,0,"{0: 2, 1: 2, 2: 1, 3: 1}",3,0.7236363636363636,0.92,0.0,1.0
"[6, 7, 15, 18, 31, 35]",5.856787878787879,0.5,transformer_fallback,112,2,29,0,"{0: 2, 1: 2, 3: 2}",2,0.6836363636363636,1.07,0.0,1.0
