combination,score,svi_score,source,sum_total,even_count,diff_sum,repeats,decades,primes,diversity,filter_reasons,core_bonus,arima_score
"[1, 4, 7, 8, 15, 32]",4.464848484848485,0.5,transformer_fallback,67,3,31,1,"{0: 4, 1: 1, 3: 1}",1,0.7454545454545455,0.92,0.0,1.0
"[10, 15, 19, 29, 30, 34]",5.8548484848484845,0.5,transformer_fallback,137,3,24,1,"{0: 1, 1: 2, 2: 2, 3: 1}",2,0.6787878787878788,1.07,0.0,1.0
"[6, 19, 27, 29, 30, 35]",5.862121212121211,0.5,transformer_fallback,146,2,29,1,"{0: 1, 1: 1, 2: 3, 3: 1}",2,0.696969696969697,1.07,0.0,1.0
"[1, 18, 30, 33, 37, 40]",4.064848484848485,0.5,transformer_fallback,159,3,39,2,"{0: 1, 1: 1, 2: 1, 3: 3}",1,0.7454545454545455,0.92,0.0,1.0
"[8, 12, 25, 29, 36, 39]",5.964848484848485,0.5,transformer_fallback,149,3,31,0,"{0: 1, 1: 1, 2: 2, 3: 2}",1,0.7454545454545455,1.12,0.0,1.0
