combination,score,svi_score,source,sum_total,even_count,diff_sum,repeats,decades,primes,diversity,filter_reasons,core_bonus,arima_score
"[1, 5, 6, 10, 20, 21]",3.464848484848485,0.5,transformer_fallback,63,3,20,2,"{np.int64(0): 4, np.int64(1): 1, np.int64(2): 1}",1,0.7454545454545455,0.9500000000000001,0.0,1.0
"[10, 18, 24, 25, 35, 40]",4.655454545454546,0.5,transformer_fallback,152,4,30,2,"{np.int64(0): 1, np.int64(1): 1, np.int64(2): 2, np.int64(3): 2}",0,0.7636363636363637,0.9,0.0,1.0
"[2, 6, 11, 23, 30, 31]",5.5467272727272725,0.5,transformer_fallback,103,3,29,1,"{np.int64(0): 2, np.int64(1): 1, np.int64(2): 2, np.int64(3): 1}",4,0.7418181818181818,1.1,0.0,1.0
"[3, 8, 25, 26, 36, 37]",6.138787878787879,0.5,transformer_fallback,135,3,34,1,"{np.int64(0): 2, np.int64(2): 2, np.int64(3): 2}",2,0.7636363636363637,1.1,0.0,1.0
"[2, 6, 12, 13, 26, 32]",4.07278787878788,0.5,transformer_fallback,91,5,30,3,"{np.int64(0): 2, np.int64(1): 2, np.int64(2): 1, np.int64(3): 1}",2,0.7236363636363636,0.85,0.0,1.0
