combination,score,svi_score,source,sum_total,even_count,diff_sum,repeats,decades,primes,diversity,filter_reasons,core_bonus,arima_score
"[2, 6, 8, 27, 32, 38]",5.722121212121213,0.5,transformer_fallback,113,5,36,0,"{0: 3, 2: 1, 3: 2}",1,0.7636363636363637,1.0,0.0,1.0
"[11, 14, 18, 19, 25, 31]",4.455454545454546,0.5,transformer_fallback,118,2,20,0,"{1: 4, 2: 1, 3: 1}",3,0.7636363636363637,1.05,0.0,1.0
"[8, 15, 20, 21, 29, 34]",5.7293939393939395,0.5,transformer_fallback,127,3,26,2,"{0: 1, 1: 2, 2: 2, 3: 1}",1,0.7818181818181819,1.05,0.0,1.0
"[3, 9, 11, 12, 37, 39]",6.3127272727272725,0.5,transformer_fallback,111,1,36,1,"{0: 2, 1: 2, 3: 2}",3,0.7818181818181819,1.0,0.0,1.0
"[6, 10, 16, 28, 31, 35]",5.722121212121213,0.5,transformer_fallback,126,4,29,0,"{0: 2, 1: 1, 2: 1, 3: 2}",1,0.7636363636363637,1.05,0.0,1.0
