combination,score,svi_score,source,sum_total,even_count,diff_sum,repeats,decades,primes,diversity,filter_reasons,core_bonus,arima_score
"[6, 18, 19, 32, 37, 39]",5.230060606060606,0.5,transformer_fallback,151,3,33,0,"{np.int64(0): 1, np.int64(1): 2, np.int64(3): 3}",2,0.7418181818181818,0.92,0.0,1.0
"[4, 12, 18, 28, 32, 35]",5.539454545454546,0.5,transformer_fallback,129,5,31,0,"{np.int64(0): 1, np.int64(1): 2, np.int64(2): 1, np.int64(3): 2}",0,0.7236363636363636,0.97,0.0,1.0
"[9, 16, 18, 24, 25, 30]",4.548181818181818,0.5,transformer_fallback,122,4,21,0,"{np.int64(0): 1, np.int64(1): 2, np.int64(2): 3}",0,0.7454545454545455,1.07,0.0,1.0
"[5, 7, 21, 23, 24, 27]",4.462727272727273,0.5,transformer_fallback,107,1,22,0,"{np.int64(0): 2, np.int64(2): 4}",3,0.7818181818181819,0.9,0.0,1.0
"[1, 11, 13, 22, 28, 29]",6.0627272727272725,0.5,transformer_fallback,104,2,28,0,"{np.int64(0): 1, np.int64(1): 2, np.int64(2): 3}",3,0.7818181818181819,1.12,0.0,1.0
