combination,score,svi_score,source,sum_total,even_count,diff_sum,repeats,decades,primes,diversity,filter_reasons,core_bonus,arima_score
"[6, 10, 11, 19, 30, 34]",5.872787878787879,0.5,transformer_fallback,110,4,28,0,"{0: 2, 1: 2, 2: 1, 3: 1}",2,0.7236363636363636,1.05,0.0,1.0
"[3, 6, 23, 28, 32, 40]",5.872787878787879,0.5,transformer_fallback,132,4,37,0,"{0: 2, 2: 2, 3: 2}",2,0.7236363636363636,1.1,0.0,1.0
"[4, 13, 23, 29, 36, 38]",6.305454545454546,0.5,transformer_fallback,143,3,34,0,"{0: 1, 1: 1, 2: 2, 3: 2}",3,0.7636363636363637,1.1,0.0,1.0
"[4, 6, 12, 24, 27, 40]",5.539454545454546,0.5,transformer_fallback,113,5,36,0,"{0: 2, 1: 1, 2: 2, 3: 1}",0,0.7236363636363636,1.0,0.0,1.0
"[9, 11, 15, 18, 20, 30]",4.120666666666667,0.5,transformer_fallback,103,3,21,0,"{0: 1, 1: 4, 2: 1}",1,0.76,1.05,0.0,1.0
