combination,score,svi_score,source,sum_total,even_count,diff_sum,repeats,decades,primes,diversity,filter_reasons,core_bonus,arima_score
"[1, 18, 20, 21, 23, 40]",4.6000000000000005,0.5,lstm,123,3,39,2,"{np.int64(0): 1, np.int64(1): 2, np.int64(2): 2, np.int64(3): 1}",1,0.45833333333333337,1.05,0.0,1.0
"[20, 21, 22, 23, 38, 40]",3.016666666666666,0.5,lstm,164,4,20,3,"{np.int64(1): 1, np.int64(2): 3, np.int64(3): 2}",1,0.375,0.9500000000000001,0.0,1.0
"[20, 21, 22, 24, 36, 40]",3.7452380952380953,0.5,lstm,163,5,20,2,"{np.int64(1): 1, np.int64(2): 3, np.int64(3): 2}",0,0.36309523809523814,0.85,0.0,1.0
"[20, 21, 22, 24, 25, 40]",2.895238095238095,0.5,lstm,152,4,20,2,"{np.int64(1): 1, np.int64(2): 4, np.int64(3): 1}",0,0.36309523809523814,0.8500000000000001,0.0,1.0
