epoch,train_loss,val_loss
1,0.08229737937450408,0.09095489233732224
2,0.07661078192293644,0.09485654532909393
3,0.07162950873374939,0.09926868230104446
4,0.06846364833414555,0.09704086929559708
