combination,score,svi_score,source,sum_total,even_count,diff_sum,repeats,decades,primes,diversity,filter_reasons,core_bonus,arima_score
"[2, 3, 4, 10, 14, 32]",9.260121212121213,0.5,transformer_fallback,65,5,30,1,"{0: 4, 1: 1, 3: 1}",2,0.7418181818181818,0.85,0.0,2.0
"[10, 24, 26, 32, 37, 40]",10.12678787878788,0.5,transformer_fallback,169,5,30,0,"{0: 1, 2: 2, 3: 3}",1,0.7418181818181818,0.85,0.0,2.0
"[2, 8, 13, 16, 17, 36]",10.272121212121213,0.5,transformer_fallback,92,4,34,2,"{0: 2, 1: 3, 3: 1}",3,0.7151515151515152,0.9,0.0,2.0
"[1, 9, 11, 18, 27, 39]",9.473333333333334,0.5,transformer_fallback,105,1,38,0,"{0: 2, 1: 2, 2: 1, 3: 1}",1,0.8,0.95,0.0,2.0
"[8, 15, 16, 17, 21, 26]",7.6054545454545455,0.5,transformer_fallback,103,3,18,3,"{0: 1, 1: 3, 2: 2}",1,0.7151515151515151,0.9,0.0,2.0
