combination,score,svi_score,source,sum_total,even_count,diff_sum,repeats,decades,primes,diversity,filter_reasons,core_bonus,arima_score
"[14, 27, 31, 34, 38, 39]",4.457575757575758,0.5,transformer_fallback,183,3,25,0,"{np.int64(1): 1, np.int64(2): 1, np.int64(3): 4}",1,0.7272727272727273,0.9500000000000001,0.0,1.0
"[3, 15, 32, 33, 34, 37]",4.38878787878788,0.5,transformer_fallback,154,2,34,0,"{np.int64(0): 1, np.int64(1): 1, np.int64(3): 4}",2,0.7636363636363637,0.9,0.0,1.0
"[6, 10, 11, 26, 31, 35]",5.872787878787879,0.5,transformer_fallback,119,3,29,2,"{np.int64(0): 2, np.int64(1): 1, np.int64(2): 1, np.int64(3): 2}",2,0.7236363636363636,1.1,0.0,1.0
"[2, 9, 11, 25, 27, 30]",5.881515151515151,0.5,transformer_fallback,104,2,28,1,"{np.int64(0): 2, np.int64(1): 1, np.int64(2): 3}",2,0.7454545454545455,1.1,0.0,1.0
"[5, 6, 25, 26, 32, 39]",5.698848484848485,0.5,transformer_fallback,133,3,34,1,"{np.int64(0): 2, np.int64(2): 2, np.int64(3): 2}",1,0.7054545454545454,1.1,0.0,1.0
