combination,score,svi_score,source,sum_total,even_count,diff_sum,repeats,decades,primes,diversity,filter_reasons,core_bonus,arima_score
"[7, 8, 9, 12, 20, 27]",3.7901212121212122,0.5,transformer_fallback,83,3,20,1,"{np.int64(0): 3, np.int64(1): 2, np.int64(2): 1}",1,0.6836363636363637,0.9500000000000001,0.0,1.0
"[3, 9, 20, 24, 28, 33]",5.7133939393939395,0.5,transformer_fallback,117,3,30,2,"{np.int64(0): 2, np.int64(1): 1, np.int64(2): 2, np.int64(3): 1}",1,0.7418181818181818,1.1,0.0,1.0
"[7, 8, 10, 30, 31, 32]",5.8800606060606055,0.5,transformer_fallback,118,4,25,1,"{np.int64(0): 3, np.int64(2): 1, np.int64(3): 2}",2,0.7418181818181818,1.1,0.0,1.0
"[8, 15, 17, 21, 36, 40]",5.964848484848485,0.5,transformer_fallback,137,3,32,1,"{np.int64(0): 1, np.int64(1): 2, np.int64(2): 1, np.int64(3): 2}",1,0.7454545454545455,1.05,0.0,1.0
"[6, 9, 34, 35, 37, 40]",3.464848484848485,0.5,transformer_fallback,161,3,34,1,"{np.int64(0): 2, np.int64(3): 4}",1,0.7454545454545455,0.9500000000000001,0.0,1.0
