combination,score,svi_score,source,sum_total,even_count,diff_sum,repeats,decades,primes,diversity,filter_reasons,core_bonus,arima_score
"[3, 9, 21, 23, 25, 28]",4.240909090909091,0.5,transformer_fallback,109,1,25,0,"{0: 2, 2: 4}",2,0.643939393939394,0.9,0.0,1.0
"[7, 9, 20, 27, 30, 37]",5.854242424242424,0.5,transformer_fallback,130,2,30,0,"{0: 2, 1: 1, 2: 2, 3: 1}",2,0.6772727272727272,1.1,0.0,1.0
"[1, 19, 20, 27, 35, 39]",4.676666666666667,0.5,transformer_fallback,141,1,38,0,"{0: 1, 1: 2, 2: 1, 3: 2}",1,0.65,0.95,0.0,1.0
"[3, 11, 19, 21, 28, 35]",5.996666666666667,0.5,transformer_fallback,117,1,32,0,"{0: 1, 1: 2, 2: 2, 3: 1}",3,0.6166666666666667,0.95,0.0,1.0
