{
  "total_combinations": 3645,
  "number_frequency": {
    "1": 540,
    "14": 497,
    "17": 546,
    "22": 566,
    "23": 537,
    "33": 546,
    "3": 595,
    "5": 562,
    "15": 564,
    "16": 559,
    "31": 525,
    "37": 580,
    "2": 551,
    "8": 530,
    "34": 560,
    "35": 526,
    "12": 517,
    "36": 526,
    "4": 555,
    "26": 563,
    "27": 553,
    "30": 552,
    "9": 555,
    "10": 529,
    "18": 537,
    "13": 534,
    "40": 565,
    "11": 536,
    "19": 563,
    "29": 556,
    "6": 500,
    "38": 536,
    "32": 551,
    "28": 548,
    "39": 553,
    "7": 553,
    "21": 563,
    "20": 585,
    "25": 548,
    "24": 508
  },
  "sum_statistics": {
    "mean": 123.18875171467764,
    "std": 26.32321073776268,
    "min": "38",
    "max": "204",
    "quartiles": [
      105.0,
      123.0,
      141.0
    ]
  },
  "gap_statistics": {
    "mean": 5.8690809327846365,
    "std": 4.643278411756907,
    "most_common": [
      [
        1,
        2714
      ],
      [
        2,
        2404
      ],
      [
        3,
        2081
      ],
      [
        4,
        1747
      ],
      [
        5,
        1621
      ],
      [
        6,
        1291
      ],
      [
        7,
        1095
      ],
      [
        8,
        924
      ],
      [
        9,
        844
      ],
      [
        10,
        673
      ]
    ]
  },
  "parity_statistics": {
    "mean_pares": 2.972565157750343,
    "distribution": {
      "2": 892,
      "1": 308,
      "4": 844,
      "3": 1262,
      "5": 267,
      "6": 41,
      "0": 31
    }
  },
  "range_statistics": {
    "mean_distribution": [
      1.936076817558299,
      2.1094650205761316,
      1.9544581618655692
    ],
    "std_distribution": [
      1.0515004497122957,
      1.0870636575439425,
      1.078081929194052
    ]
  },
  "consecutive_statistics": {
    "mean": 1.4148148148148147,
    "distribution": {
      "2": 1550,
      "4": 311,
      "0": 1551,
      "3": 178,
      "5": 51,
      "6": 4
    }
  },
  "analysis_date": "2025-08-07T13:43:00.157409"
}