combination,score,svi_score,source,sum_total,even_count,diff_sum,repeats,decades,primes,diversity,filter_reasons,core_bonus,arima_score
"[2, 17, 22, 23, 26, 38]",6.07,0.5,transformer_fallback,128,4,36,0,"{0: 1, 1: 1, 2: 3, 3: 1}",3,0.8,1.05,0.0,1.0
"[5, 6, 10, 11, 14, 33]",4.964060606060606,0.5,transformer_fallback,79,3,28,0,"{0: 3, 1: 2, 3: 1}",2,0.7018181818181819,0.9500000000000001,0.0,1.0
"[1, 18, 21, 28, 33, 40]",4.5627272727272725,0.5,transformer_fallback,141,3,39,0,"{0: 1, 1: 1, 2: 2, 3: 2}",0,0.7818181818181819,1.05,0.0,1.0
"[5, 11, 15, 20, 27, 39]",5.871333333333333,0.5,transformer_fallback,117,1,34,0,"{0: 1, 1: 3, 2: 1, 3: 1}",2,0.72,0.95,0.0,1.0
"[6, 8, 9, 11, 15, 34]",4.804666666666668,0.5,transformer_fallback,83,3,28,0,"{0: 3, 1: 2, 3: 1}",1,0.72,0.9,0.0,1.0
