combination,score,svi_score,source,sum_total,even_count,diff_sum,repeats,decades,primes,diversity,filter_reasons,core_bonus,arima_score
"[7, 17, 23, 30, 33, 39]",6.031818181818182,0.5,transformer_fallback,149,1,32,0,"{0: 1, 1: 1, 2: 2, 3: 2}",3,0.7045454545454546,0.95,0.0,1.0
"[4, 7, 20, 25, 27, 28]",5.6893939393939394,0.5,transformer_fallback,111,3,24,0,"{0: 2, 1: 1, 2: 3}",1,0.6818181818181819,1.0,0.0,1.0
"[4, 8, 11, 15, 18, 29]",4.965151515151516,0.5,transformer_fallback,85,3,25,0,"{0: 2, 1: 3, 2: 1}",2,0.7045454545454546,0.9,0.0,1.0
"[5, 13, 15, 20, 33, 38]",5.8560606060606055,0.5,transformer_fallback,124,2,33,0,"{0: 1, 1: 3, 3: 2}",2,0.6818181818181819,1.05,0.0,1.0
