combination,score,svi_score,source,sum_total,even_count,diff_sum,repeats,decades,primes,diversity,filter_reasons,core_bonus,arima_score
"[8, 13, 18, 23, 27, 32]",5.888787878787879,0.5,transformer_fallback,121,3,24,1,"{0: 1, 1: 2, 2: 2, 3: 1}",2,0.7636363636363637,0.9500000000000001,0.0,1.0
"[6, 10, 12, 16, 19, 38]",5.706121212121213,0.5,transformer_fallback,101,5,32,2,"{0: 2, 1: 3, 3: 1}",1,0.7236363636363636,0.95,0.0,1.0
"[4, 5, 7, 19, 29, 37]",5.789454545454546,0.5,transformer_fallback,101,1,33,0,"{0: 3, 1: 1, 2: 1, 3: 1}",5,0.7236363636363636,0.95,0.0,1.0
"[4, 9, 14, 18, 19, 38]",5.6973939393939395,0.5,transformer_fallback,102,4,34,2,"{0: 2, 1: 3, 3: 1}",1,0.7018181818181818,1.05,0.0,1.0
"[6, 15, 24, 27, 34, 37]",5.714848484848485,0.5,transformer_fallback,143,3,31,1,"{0: 1, 1: 1, 2: 2, 3: 2}",1,0.7454545454545455,1.05,0.0,1.0
