combination,score,svi_score,source,sum_total,even_count,diff_sum,repeats,decades,primes,diversity,filter_reasons,core_bonus,arima_score
"[19, 20, 21, 22, 28, 40]",4.545238095238096,0.5,lstm,150,4,21,2,"{1: 2, 2: 3, 3: 1}",1,0.3214285714285714,1.05,0.0,1.0
"[19, 20, 21, 22, 23, 40]",3.811904761904762,0.5,lstm,145,3,21,3,"{1: 2, 2: 3, 3: 1}",2,0.3214285714285714,0.9500000000000001,0.0,1.0
"[16, 20, 21, 22, 24, 40]",5.378571428571428,0.5,lstm,143,5,24,2,"{1: 2, 2: 3, 3: 1}",0,0.3214285714285714,0.95,0.0,1.0
"[1, 20, 21, 22, 24, 40]",4.378571428571428,0.5,lstm,128,4,39,2,"{0: 1, 1: 1, 2: 3, 3: 1}",0,0.3214285714285714,1.1,0.0,1.0
