combination,score,svi_score,source,sum_total,even_count,diff_sum,repeats,decades,primes,diversity,filter_reasons,core_bonus,arima_score
"[3, 13, 16, 24, 36, 37]",6.304,0.5,transformer_fallback,129,3,34,1,"{0: 1, 1: 2, 2: 1, 3: 2}",3,0.76,1.05,0.0,1.0
"[1, 10, 12, 19, 33, 35]",5.720666666666667,0.5,transformer_fallback,110,2,34,0,"{0: 2, 1: 2, 3: 2}",1,0.76,1.05,0.0,1.0
"[10, 17, 20, 21, 33, 38]",5.7133939393939395,0.5,transformer_fallback,139,3,28,0,"{0: 1, 1: 2, 2: 1, 3: 2}",1,0.7418181818181818,1.05,0.0,1.0
"[7, 8, 11, 27, 31, 39]",6.0627272727272725,0.5,transformer_fallback,123,1,32,1,"{0: 2, 1: 1, 2: 1, 3: 2}",3,0.7818181818181819,1.0,0.0,1.0
"[3, 11, 17, 34, 37, 40]",5.789454545454546,0.5,transformer_fallback,142,2,37,0,"{0: 1, 1: 2, 3: 3}",4,0.7236363636363636,1.05,0.0,1.0
