combination,score,svi_score,source,sum_total,even_count,diff_sum,repeats,decades,primes,diversity,filter_reasons,core_bonus,arima_score
"[5, 18, 22, 28, 32, 37]",5.8800606060606055,0.5,transformer_fallback,142,4,32,2,"{0: 1, 1: 1, 2: 2, 3: 2}",2,0.7418181818181818,1.05,0.0,1.0
"[3, 6, 11, 28, 34, 36]",5.888787878787879,0.5,transformer_fallback,118,4,33,1,"{0: 2, 1: 1, 2: 1, 3: 2}",2,0.7636363636363637,1.1,0.0,1.0
"[2, 12, 24, 26, 29, 30]",5.303333333333334,0.5,transformer_fallback,123,5,28,0,"{0: 1, 1: 1, 2: 4}",2,0.8,1.0,0.0,1.0
"[13, 15, 18, 23, 32, 35]",5.8800606060606055,0.5,transformer_fallback,136,2,22,2,"{1: 3, 2: 1, 3: 2}",2,0.7418181818181818,1.05,0.0,1.0
"[10, 11, 13, 19, 21, 31]",4.555454545454546,0.5,transformer_fallback,105,1,21,1,"{0: 1, 1: 3, 2: 1, 3: 1}",4,0.7636363636363637,0.95,0.0,1.0
