combination,score,svi_score,source,sum_total,even_count,diff_sum,repeats,decades,primes,diversity,filter_reasons,core_bonus,arima_score
"[10, 20, 23, 31, 39, 40]",5.215515151515151,0.5,transformer_fallback,163,3,30,1,"{0: 1, 1: 1, 2: 1, 3: 3}",2,0.7054545454545456,0.9500000000000001,0.0,1.0
"[14, 16, 20, 25, 32, 40]",5.539454545454546,0.5,transformer_fallback,147,5,26,2,"{1: 3, 2: 1, 3: 2}",0,0.7236363636363636,0.95,0.0,1.0
"[5, 10, 27, 30, 36, 38]",5.972121212121213,0.5,transformer_fallback,146,4,33,2,"{0: 2, 2: 2, 3: 2}",1,0.7636363636363637,1.1,0.0,1.0
"[1, 3, 6, 20, 22, 34]",5.045454545454547,0.5,transformer_fallback,86,4,33,1,"{0: 3, 1: 1, 2: 1, 3: 1}",1,0.696969696969697,0.9500000000000001,0.0,1.0
"[1, 17, 20, 21, 22, 30]",5.6881818181818184,0.5,transformer_fallback,111,3,29,2,"{0: 1, 1: 2, 2: 3}",1,0.6787878787878788,1.05,0.0,1.0
