combination,score,svi_score,source,sum_total,even_count,diff_sum,repeats,decades,primes,diversity,filter_reasons,core_bonus,arima_score
"[4, 10, 13, 23, 31, 40]",6.0467272727272725,0.5,transformer_fallback,121,3,36,2,"{0: 2, 1: 1, 2: 1, 3: 2}",3,0.7418181818181818,1.1,0.0,1.0
"[3, 10, 12, 29, 35, 38]",5.881515151515151,0.5,transformer_fallback,127,3,35,0,"{0: 2, 1: 1, 2: 1, 3: 2}",2,0.7454545454545455,1.1,0.0,1.0
"[4, 8, 10, 15, 25, 28]",4.639454545454546,0.5,transformer_fallback,90,4,24,1,"{0: 3, 1: 1, 2: 2}",0,0.7236363636363636,0.9,0.0,1.0
"[15, 19, 21, 22, 29, 36]",4.881515151515151,0.5,transformer_fallback,142,2,21,1,"{1: 2, 2: 3, 3: 1}",2,0.7454545454545455,1.05,0.0,1.0
"[14, 16, 24, 27, 33, 36]",5.5627272727272725,0.5,transformer_fallback,150,4,22,1,"{1: 2, 2: 2, 3: 2}",0,0.7818181818181819,1.05,0.0,1.0
