combination,score,svi_score,source,sum_total,even_count,diff_sum,repeats,decades,primes,diversity,filter_reasons,core_bonus,arima_score
"[10, 13, 14, 20, 27, 38]",5.706121212121213,0.5,transformer_fallback,122,4,28,0,"{0: 1, 1: 3, 2: 1, 3: 1}",1,0.7236363636363636,1.12,0.0,1.0
"[3, 6, 16, 25, 34, 38]",5.706121212121213,0.5,transformer_fallback,122,4,35,1,"{0: 2, 1: 1, 2: 1, 3: 2}",1,0.7236363636363636,1.07,0.0,1.0
"[17, 19, 23, 25, 34, 40]",5.154000000000001,0.5,transformer_fallback,158,2,23,0,"{1: 2, 2: 2, 3: 2}",3,0.76,0.92,0.0,1.0
"[6, 10, 12, 15, 20, 35]",4.630727272727273,0.5,transformer_fallback,98,4,29,0,"{0: 2, 1: 3, 3: 1}",0,0.7018181818181818,0.92,0.0,1.0
"[1, 7, 8, 12, 20, 24]",3.913393939393939,0.5,transformer_fallback,72,4,23,3,"{0: 3, 1: 2, 2: 1}",1,0.7418181818181818,0.9700000000000001,0.0,1.0
