combination,score,svi_score,source,sum_total,even_count,diff_sum,repeats,decades,primes,diversity,filter_reasons,core_bonus,arima_score
"[2, 3, 9, 11, 12, 25]",5.389454545454546,0.5,transformer_fallback,62,2,23,0,"{np.int64(0): 3, np.int64(1): 2, np.int64(2): 1}",3,0.7236363636363636,0.9500000000000001,0.0,1.0
"[9, 14, 15, 19, 24, 32]",5.695454545454545,0.5,transformer_fallback,113,3,23,0,"{np.int64(0): 1, np.int64(1): 3, np.int64(2): 1, np.int64(3): 1}",1,0.696969696969697,1.05,0.0,1.0
"[19, 21, 23, 24, 29, 32]",4.42878787878788,0.5,transformer_fallback,148,2,13,0,"{np.int64(1): 1, np.int64(2): 4, np.int64(3): 1}",3,0.696969696969697,0.9,0.0,1.0
"[2, 3, 17, 19, 27, 37]",5.782181818181818,0.5,transformer_fallback,105,1,35,0,"{np.int64(0): 2, np.int64(1): 2, np.int64(2): 1, np.int64(3): 1}",5,0.7054545454545454,0.95,0.0,1.0
"[16, 25, 29, 34, 37, 39]",5.2315151515151515,0.5,transformer_fallback,180,2,23,0,"{np.int64(1): 1, np.int64(2): 2, np.int64(3): 3}",2,0.7454545454545455,0.9,0.0,1.0
