combination,score,svi_score,source,sum_total,even_count,diff_sum,repeats,decades,primes,diversity,filter_reasons,core_bonus,arima_score
"[6, 13, 19, 29, 36, 39]",6.298181818181818,0.5,transformer_fallback,142,2,33,0,"{0: 1, 1: 2, 2: 1, 3: 2}",3,0.7454545454545455,1.05,0.0,1.0
"[3, 6, 16, 20, 21, 26]",4.814848484848485,0.5,transformer_fallback,92,4,23,0,"{0: 2, 1: 2, 2: 2}",1,0.7454545454545455,0.9,0.0,1.0
"[4, 21, 29, 30, 37, 38]",5.2315151515151515,0.5,transformer_fallback,159,3,34,0,"{0: 1, 2: 3, 3: 2}",2,0.7454545454545455,0.9500000000000001,0.0,1.0
"[1, 7, 11, 18, 26, 36]",4.988787878787879,0.5,transformer_fallback,99,3,35,0,"{0: 2, 1: 2, 2: 1, 3: 1}",2,0.7636363636363637,0.9,0.0,1.0
"[4, 14, 15, 23, 31, 32]",5.896060606060606,0.5,transformer_fallback,119,3,28,0,"{0: 1, 1: 2, 2: 1, 3: 2}",2,0.7818181818181819,1.05,0.0,1.0
