combination,score,svi_score,source,sum_total,even_count,diff_sum,repeats,decades,primes,diversity,filter_reasons,core_bonus,arima_score
"[9, 13, 25, 30, 39, 40]",2.9724186837964384,0.5,transformer_fallback,156,2,31,0,"{0: 1, 1: 1, 2: 2, 3: 2}",1,0.6000000000000001,0.9500000000000001,0.0,0.593692147229648
"[9, 18, 32, 33, 36, 40]",2.5100584358024394,0.5,transformer_fallback,168,4,31,0,"{0: 1, 1: 1, 3: 4}",0,0.5696969696969698,0.9,0.0,0.593692147229648
"[6, 19, 23, 29, 32, 37]",3.26800541043229,0.5,transformer_fallback,146,2,31,0,"{0: 1, 1: 1, 2: 2, 3: 2}",4,0.6363636363636365,1.05,0.0,0.593692147229648
