combination,score,svi_score,source,sum_total,even_count,diff_sum,repeats,decades,primes,diversity,filter_reasons,core_bonus,arima_score
"[1, 8, 9, 34, 35, 37]",4.722121212121213,0.5,transformer_fallback,124,2,36,1,"{0: 3, 3: 3}",1,0.7636363636363637,1.0,0.0,1.0
"[10, 13, 28, 31, 36, 38]",5.238787878787879,0.5,transformer_fallback,156,4,28,0,"{0: 1, 1: 1, 2: 1, 3: 3}",2,0.7636363636363637,0.9500000000000001,0.0,1.0
"[5, 8, 15, 20, 25, 36]",5.679454545454545,0.5,transformer_fallback,109,3,31,0,"{0: 2, 1: 2, 2: 1, 3: 1}",1,0.656969696969697,1.05,0.0,1.0
"[4, 5, 19, 27, 30, 36]",6.122787878787879,0.5,transformer_fallback,121,3,32,1,"{0: 2, 1: 1, 2: 2, 3: 1}",2,0.7236363636363636,1.05,0.0,1.0
"[2, 5, 8, 11, 25, 32]",5.378787878787879,0.5,transformer_fallback,83,3,30,0,"{0: 3, 1: 1, 2: 1, 3: 1}",3,0.696969696969697,0.9500000000000001,0.0,1.0
