combination,score,svi_score,source,sum_total,even_count,diff_sum,repeats,decades,primes,diversity,filter_reasons,core_bonus,arima_score
"[8, 9, 18, 32, 35, 39]",11.072121212121212,0.5,transformer_fallback,141,3,31,0,"{0: 2, 1: 1, 3: 3}",0,0.7151515151515152,1.05,0.0,2.0
"[4, 6, 12, 13, 23, 25]",7.992121212121213,0.5,transformer_fallback,83,3,21,0,"{0: 2, 1: 2, 2: 2}",2,0.7818181818181819,0.9500000000000001,0.0,2.0
"[8, 14, 27, 32, 34, 35]",11.072121212121212,0.5,transformer_fallback,150,4,27,0,"{0: 1, 1: 1, 2: 1, 3: 3}",0,0.7151515151515152,1.1,0.0,2.0
"[1, 5, 8, 24, 37, 40]",10.745575757575757,0.5,transformer_fallback,115,3,39,0,"{0: 3, 2: 1, 3: 2}",2,0.7236363636363636,1.1,0.0,2.0
"[3, 4, 5, 21, 24, 31]",10.793454545454546,0.5,transformer_fallback,88,2,28,0,"{0: 3, 2: 2, 3: 1}",3,0.7418181818181818,0.9500000000000001,0.0,2.0
