combination,score,svi_score,source,sum_total,even_count,diff_sum,repeats,decades,primes,diversity,filter_reasons,core_bonus,arima_score
"[5, 6, 12, 25, 26, 38]",5.714848484848485,0.5,transformer_fallback,112,4,33,1,"{0: 2, 1: 1, 2: 2, 3: 1}",1,0.7454545454545455,1.1,0.0,1.0
"[4, 11, 18, 19, 26, 31]",6.048181818181818,0.5,transformer_fallback,109,3,27,0,"{0: 1, 1: 3, 2: 1, 3: 1}",3,0.7454545454545455,1.05,0.0,1.0
"[1, 9, 14, 20, 22, 25]",4.655454545454546,0.5,transformer_fallback,91,3,24,2,"{0: 2, 1: 2, 2: 2}",0,0.7636363636363637,0.9500000000000001,0.0,1.0
"[8, 12, 18, 27, 30, 36]",5.555454545454546,0.5,transformer_fallback,131,5,28,0,"{0: 1, 1: 2, 2: 2, 3: 1}",0,0.7636363636363637,0.95,0.0,1.0
"[2, 9, 10, 19, 33, 37]",6.055454545454546,0.5,transformer_fallback,110,2,35,0,"{0: 3, 1: 1, 3: 2}",3,0.7636363636363637,1.05,0.0,1.0
