combination,score,svi_score,source,sum_total,even_count,diff_sum,repeats,decades,primes,diversity,filter_reasons,core_bonus,arima_score
"[3, 17, 22, 25, 27, 31]",12.096363636363636,0.5,transformer_fallback,125,1,28,1,"{0: 1, 1: 1, 2: 3, 3: 1}",3,0.7454545454545455,0.95,0.0,2.0
"[2, 6, 11, 12, 17, 39]",10.310909090909092,0.5,transformer_fallback,87,3,37,1,"{0: 2, 1: 3, 3: 1}",3,0.7636363636363637,0.9,0.0,2.0
"[4, 10, 21, 28, 32, 38]",11.14,0.5,transformer_fallback,133,5,34,0,"{0: 2, 2: 2, 3: 2}",0,0.8,1.0,0.0,2.0
"[3, 13, 16, 26, 30, 35]",11.738787878787878,0.5,transformer_fallback,123,3,32,1,"{0: 1, 1: 2, 2: 2, 3: 1}",2,0.7151515151515152,1.05,0.0,2.0
"[7, 17, 26, 30, 35, 36]",9.924242424242426,0.5,transformer_fallback,151,3,29,0,"{0: 1, 1: 1, 2: 2, 3: 2}",2,0.696969696969697,0.9,0.0,2.0
