combination,score,svi_score,source,sum_total,even_count,diff_sum,repeats,decades,primes,diversity,filter_reasons,core_bonus,arima_score
"[2, 9, 11, 13, 20, 33]",2.9873509408328203,0.5,transformer_fallback,88,2,31,0,"{0: 2, 1: 3, 3: 1}",3,0.4545454545454546,0.9500000000000001,0.0,0.593692147229648
"[5, 15, 16, 28, 31, 33]",3.4227251821345615,0.5,transformer_fallback,128,2,28,0,"{0: 1, 1: 2, 2: 1, 3: 2}",2,0.4545454545454546,1.05,0.0,0.593692147229648
