combination,score,svi_score,source,sum_total,even_count,diff_sum,repeats,decades,primes,diversity,filter_reasons,core_bonus,arima_score
"[8, 12, 16, 27, 38, 40]",5.778787878787879,0.5,transformer_fallback,141,5,32,0,"{np.int64(0): 1, np.int64(1): 2, np.int64(2): 1, np.int64(3): 2}",0,0.696969696969697,0.95,0.0,1.0
"[16, 25, 27, 32, 38, 39]",4.862787878787879,0.5,transformer_fallback,177,3,23,0,"{np.int64(1): 1, np.int64(2): 2, np.int64(3): 3}",0,0.656969696969697,0.9,0.0,1.0
"[7, 22, 30, 36, 39, 40]",5.064848484848485,0.5,transformer_fallback,174,4,33,0,"{np.int64(0): 1, np.int64(2): 2, np.int64(3): 3}",1,0.7454545454545455,0.9500000000000001,0.0,1.0
"[11, 15, 25, 27, 29, 37]",5.3394545454545455,0.5,transformer_fallback,144,0,26,0,"{np.int64(1): 2, np.int64(2): 3, np.int64(3): 1}",3,0.7236363636363636,0.95,0.0,1.0
"[1, 9, 13, 17, 25, 36]",5.881515151515151,0.5,transformer_fallback,101,1,35,0,"{np.int64(0): 2, np.int64(1): 2, np.int64(2): 1, np.int64(3): 1}",2,0.7454545454545455,0.95,0.0,1.0
