combination,score,svi_score,source,sum_total,even_count,diff_sum,repeats,decades,primes,diversity,filter_reasons,core_bonus,arima_score
"[6, 8, 21, 22, 28, 32]",11.096363636363636,0.5,transformer_fallback,117,5,26,0,"{0: 2, 2: 3, 3: 1}",0,0.7454545454545455,1.0,0.0,2.0
"[10, 19, 25, 28, 35, 39]",9.612242424242426,0.5,transformer_fallback,156,2,29,0,"{0: 1, 1: 1, 2: 2, 3: 2}",1,0.7236363636363636,0.9,0.0,2.0
"[8, 11, 15, 26, 34, 35]",11.380242424242425,0.5,transformer_fallback,129,3,27,0,"{0: 1, 1: 2, 2: 1, 3: 2}",1,0.6836363636363636,1.05,0.0,2.0
"[5, 8, 9, 26, 37, 40]",12.260121212121211,0.5,transformer_fallback,125,3,35,0,"{0: 3, 2: 1, 3: 2}",2,0.7418181818181818,1.1,0.0,2.0
"[13, 15, 25, 34, 38, 39]",10.109333333333336,0.5,transformer_fallback,164,2,26,0,"{1: 2, 2: 1, 3: 3}",1,0.72,0.9,0.0,2.0
