epoch,train_loss,val_loss
1,0.08981560826301575,0.08876165747642517
2,0.08310614854097366,0.08996625989675522
3,0.07672618612647057,0.09274894744157791
4,0.068784434273839,0.08887605369091034
