combination,score,svi_score,source,sum_total,even_count,diff_sum,repeats,decades,primes,diversity,filter_reasons,core_bonus,arima_score
"[6, 17, 20, 21, 22, 40]",3.3345708936065233,0.5,lstm,126,4,34,1,"{0: 1, 1: 2, 2: 2, 3: 1}",1,0.5,1.05,0.0,0.593692147229648
"[14, 20, 21, 22, 34, 40]",2.701299269894899,0.5,lstm,151,5,26,1,"{1: 2, 2: 2, 3: 2}",0,0.5,0.85,0.0,0.593692147229648
"[8, 12, 21, 22, 23, 40]",3.347764052433849,0.5,lstm,126,4,32,1,"{0: 1, 1: 1, 2: 3, 3: 1}",1,0.5555555555555556,1.1,0.0,0.593692147229648
"[18, 20, 21, 23, 31, 40]",2.905793231718444,0.5,lstm,153,3,22,1,"{1: 2, 2: 2, 3: 2}",2,0.5277777777777777,0.9,0.0,0.593692147229648
"[9, 16, 20, 21, 23, 40]",3.3345708936065233,0.5,lstm,129,3,31,1,"{0: 1, 1: 2, 2: 2, 3: 1}",1,0.5,1.05,0.0,0.593692147229648
"[16, 20, 21, 22, 37, 40]",2.94207441849359,0.5,lstm,156,4,24,2,"{1: 2, 2: 2, 3: 2}",1,0.4722222222222222,0.9,0.0,0.593692147229648
