combination,score,svi_score,source,sum_total,even_count,diff_sum,repeats,decades,primes,diversity,filter_reasons,core_bonus,arima_score
"[1, 2, 9, 10, 25, 30]",3.464848484848485,0.5,transformer_fallback,77,3,29,0,"{np.int64(0): 4, np.int64(2): 2}",1,0.7454545454545455,0.9500000000000001,0.0,1.0
"[5, 8, 10, 14, 22, 34]",4.814848484848485,0.5,transformer_fallback,93,5,29,0,"{np.int64(0): 3, np.int64(1): 1, np.int64(2): 1, np.int64(3): 1}",1,0.7454545454545455,0.85,0.0,1.0
"[5, 6, 19, 24, 33, 35]",5.896060606060606,0.5,transformer_fallback,122,2,30,0,"{np.int64(0): 2, np.int64(1): 1, np.int64(2): 1, np.int64(3): 2}",2,0.7818181818181819,1.05,0.0,1.0
"[7, 8, 11, 17, 26, 30]",5.148181818181818,0.5,transformer_fallback,99,3,23,0,"{np.int64(0): 2, np.int64(1): 2, np.int64(2): 2}",3,0.7454545454545455,0.9,0.0,1.0
"[9, 11, 18, 23, 38, 39]",6.138787878787879,0.5,transformer_fallback,138,2,30,0,"{np.int64(0): 1, np.int64(1): 2, np.int64(2): 1, np.int64(3): 2}",2,0.7636363636363637,1.05,0.0,1.0
