combination,score,svi_score,source,sum_total,even_count,diff_sum,repeats,decades,primes,diversity,filter_reasons,core_bonus,arima_score
"[1, 4, 22, 25, 31, 37]",6.146060606060606,0.5,transformer_fallback,120,2,36,0,"{0: 2, 2: 2, 3: 2}",2,0.7818181818181819,1.1,0.0,1.0
"[6, 10, 11, 18, 34, 36]",5.683333333333334,0.5,transformer_fallback,115,5,30,0,"{0: 2, 1: 2, 3: 2}",1,0.6666666666666667,0.95,0.0,1.0
"[2, 6, 7, 10, 18, 29]",4.527333333333333,0.5,transformer_fallback,72,4,27,1,"{0: 4, 1: 1, 2: 1}",3,0.6933333333333334,0.9,0.0,1.0
"[8, 13, 15, 17, 30, 37]",6.055454545454546,0.5,transformer_fallback,120,2,29,1,"{0: 1, 1: 3, 2: 1, 3: 1}",3,0.7636363636363637,1.05,0.0,1.0
"[2, 10, 15, 24, 34, 36]",5.686727272727273,0.5,transformer_fallback,121,5,34,2,"{0: 2, 1: 1, 2: 1, 3: 2}",1,0.6751515151515152,0.95,0.0,1.0
