combination,score,svi_score,source,sum_total,even_count,diff_sum,repeats,decades,primes,diversity,filter_reasons,core_bonus,arima_score
"[9, 13, 17, 22, 23, 39]",6.036060606060606,0.5,transformer_fallback,123,1,30,1,"{np.int64(0): 1, np.int64(1): 2, np.int64(2): 2, np.int64(3): 1}",3,0.7151515151515152,0.95,0.0,1.0
"[1, 7, 15, 25, 26, 40]",4.722121212121213,0.5,transformer_fallback,114,2,39,1,"{np.int64(0): 2, np.int64(1): 1, np.int64(2): 2, np.int64(3): 1}",1,0.7636363636363637,1.05,0.0,1.0
"[9, 12, 15, 17, 22, 35]",5.686727272727273,0.5,transformer_fallback,110,2,26,1,"{np.int64(0): 1, np.int64(1): 3, np.int64(2): 1, np.int64(3): 1}",1,0.6751515151515152,1.05,0.0,1.0
"[5, 8, 13, 14, 20, 27]",4.988787878787879,0.5,transformer_fallback,87,3,22,2,"{np.int64(0): 2, np.int64(1): 3, np.int64(2): 1}",2,0.7636363636363637,0.9500000000000001,0.0,1.0
"[5, 12, 15, 21, 24, 36]",5.706121212121213,0.5,transformer_fallback,113,3,31,1,"{np.int64(0): 1, np.int64(1): 2, np.int64(2): 2, np.int64(3): 1}",1,0.7236363636363636,1.05,0.0,1.0
