combination,score,svi_score,source,sum_total,even_count,diff_sum,repeats,decades,primes,diversity,filter_reasons,core_bonus,arima_score
"[2, 8, 17, 18, 29, 32]",6.0467272727272725,0.5,transformer_fallback,106,4,30,0,"{np.int64(0): 2, np.int64(1): 2, np.int64(2): 1, np.int64(3): 1}",3,0.7418181818181818,1.07,0.0,1.0
"[5, 20, 31, 36, 38, 40]",4.612121212121213,0.5,transformer_fallback,170,4,35,0,"{np.int64(0): 1, np.int64(1): 1, np.int64(3): 4}",2,0.696969696969697,0.9700000000000001,0.0,1.0
"[4, 21, 22, 31, 38, 40]",5.0440000000000005,0.5,transformer_fallback,156,4,36,0,"{np.int64(0): 1, np.int64(2): 2, np.int64(3): 3}",1,0.6933333333333334,0.9700000000000001,0.0,1.0
"[2, 3, 5, 6, 15, 29]",4.296727272727273,0.5,transformer_fallback,60,2,27,0,"{np.int64(0): 4, np.int64(1): 1, np.int64(2): 1}",4,0.7418181818181818,0.92,0.0,1.0
"[4, 7, 12, 17, 35, 38]",5.872787878787879,0.5,transformer_fallback,113,3,34,0,"{np.int64(0): 2, np.int64(1): 2, np.int64(3): 2}",2,0.7236363636363636,1.07,0.0,1.0
