combination,score,svi_score,source,sum_total,even_count,diff_sum,repeats,decades,primes,diversity,filter_reasons,core_bonus,arima_score
"[5, 10, 11, 12, 20, 36]",4.965151515151516,0.5,transformer_fallback,94,4,31,0,"{0: 2, 1: 3, 3: 1}",2,0.7045454545454546,0.9,0.0,1.0
"[2, 3, 7, 28, 34, 36]",6.281818181818182,0.5,transformer_fallback,110,4,34,0,"{0: 3, 2: 1, 3: 2}",3,0.7045454545454546,1.1,0.0,1.0
"[4, 10, 14, 30, 32, 37]",5.698484848484849,0.5,transformer_fallback,127,5,33,0,"{0: 2, 1: 1, 2: 1, 3: 2}",1,0.7045454545454546,1.0,0.0,1.0
"[1, 4, 7, 23, 24, 31]",5.381818181818183,0.5,transformer_fallback,90,2,30,0,"{0: 3, 2: 2, 3: 1}",3,0.7045454545454546,0.9500000000000001,0.0,1.0
