combination,score,svi_score,source,sum_total,even_count,diff_sum,repeats,decades,primes,diversity,filter_reasons,core_bonus,arima_score
"[4, 11, 20, 34, 35, 36]",11.42,0.5,transformer_fallback,140,4,32,0,"{0: 1, 1: 2, 3: 3}",1,0.7333333333333334,1.1,0.0,2.0
"[1, 6, 9, 10, 14, 23]",8.458787878787879,0.5,transformer_fallback,63,3,22,0,"{0: 4, 1: 1, 2: 1}",1,0.7818181818181819,0.9500000000000001,0.0,2.0
"[4, 11, 14, 19, 26, 34]",11.738787878787878,0.5,transformer_fallback,108,4,30,0,"{0: 1, 1: 3, 2: 1, 3: 1}",2,0.7151515151515151,1.05,0.0,2.0
"[2, 3, 7, 12, 30, 32]",10.808000000000002,0.5,transformer_fallback,86,4,30,0,"{0: 3, 1: 1, 2: 1, 3: 1}",3,0.76,0.9500000000000001,0.0,2.0
"[12, 22, 25, 29, 30, 33]",6.441333333333334,0.5,transformer_fallback,151,3,21,0,"{1: 1, 2: 4, 3: 1}",1,0.76,0.9500000000000001,0.0,2.0
