combination,score,svi_score,source,sum_total,even_count,diff_sum,repeats,decades,primes,diversity,filter_reasons,core_bonus,arima_score
"[1, 5, 12, 24, 25, 35]",11.880242424242425,0.5,transformer_fallback,102,2,34,1,"{0: 2, 1: 1, 2: 2, 3: 1}",1,0.6836363636363637,1.1,0.0,2.0
"[6, 8, 23, 25, 35, 39]",11.377333333333334,0.5,transformer_fallback,136,2,33,1,"{0: 2, 2: 2, 3: 2}",1,0.68,1.1,0.0,2.0
"[1, 7, 10, 15, 21, 32]",9.62969696969697,0.5,transformer_fallback,86,2,31,1,"{0: 3, 1: 1, 2: 1, 3: 1}",1,0.7454545454545455,0.9,0.0,2.0
"[1, 2, 22, 23, 26, 39]",10.231030303030302,0.5,transformer_fallback,113,3,38,1,"{0: 2, 2: 3, 3: 1}",2,0.7054545454545454,1.1,0.0,2.0
"[6, 7, 24, 25, 26, 29]",8.513575757575758,0.5,transformer_fallback,117,3,23,0,"{0: 2, 2: 4}",2,0.6836363636363636,1.0,0.0,2.0
