combination,score,svi_score,source,sum_total,even_count,diff_sum,repeats,decades,primes,diversity,filter_reasons,core_bonus,arima_score
"[5, 12, 15, 19, 26, 32]",5.872787878787879,0.5,transformer_fallback,109,3,27,0,"{0: 1, 1: 3, 2: 1, 3: 1}",2,0.7236363636363636,1.07,0.0,1.0
"[3, 14, 16, 32, 34, 35]",5.698848484848485,0.5,transformer_fallback,134,4,32,0,"{0: 1, 1: 2, 3: 3}",1,0.7054545454545456,1.07,0.0,1.0
"[6, 12, 16, 18, 30, 32]",4.830727272727272,0.5,transformer_fallback,114,6,26,0,"{0: 1, 1: 3, 2: 1, 3: 1}",0,0.7018181818181819,0.97,0.0,1.0
"[6, 20, 23, 33, 34, 40]",4.822121212121213,0.5,transformer_fallback,156,4,34,0,"{0: 1, 1: 1, 2: 1, 3: 3}",1,0.7636363636363637,0.9700000000000001,0.0,1.0
"[4, 5, 25, 28, 31, 35]",6.138787878787879,0.5,transformer_fallback,128,2,31,0,"{0: 2, 2: 2, 3: 2}",2,0.7636363636363637,1.12,0.0,1.0
