combination,score,svi_score,source,sum_total,even_count,diff_sum,repeats,decades,primes,diversity,filter_reasons,core_bonus,arima_score
"[8, 13, 14, 18, 30, 39]",11.42969696969697,0.5,transformer_fallback,122,4,31,1,"{0: 1, 1: 3, 2: 1, 3: 1}",1,0.7454545454545455,1.07,0.0,2.0
"[5, 10, 24, 25, 31, 32]",11.806666666666667,0.5,transformer_fallback,127,3,27,1,"{0: 2, 2: 2, 3: 2}",2,0.8,1.12,0.0,2.0
"[2, 3, 13, 16, 20, 33]",10.825454545454546,0.5,transformer_fallback,87,3,31,1,"{0: 2, 1: 3, 3: 1}",3,0.7818181818181819,0.92,0.0,2.0
"[11, 15, 19, 30, 37, 38]",12.593454545454545,0.5,transformer_fallback,150,2,27,2,"{1: 3, 2: 1, 3: 2}",3,0.7418181818181818,0.9500000000000001,0.0,2.0
"[9, 11, 18, 19, 22, 35]",11.760121212121211,0.5,transformer_fallback,114,2,26,0,"{0: 1, 1: 3, 2: 1, 3: 1}",2,0.7418181818181818,1.07,0.0,2.0
