combination,score,svi_score,source,sum_total,even_count,diff_sum,repeats,decades,primes,diversity,filter_reasons,core_bonus,arima_score
"[1, 9, 14, 26, 38, 40]",4.7967272727272725,0.5,transformer_fallback,128,4,39,0,"{np.int64(0): 2, np.int64(1): 1, np.int64(2): 1, np.int64(3): 2}",0,0.7418181818181818,1.1,0.0,1.0
"[1, 10, 11, 12, 15, 23]",4.988787878787879,0.5,transformer_fallback,72,2,22,0,"{np.int64(0): 2, np.int64(1): 3, np.int64(2): 1}",2,0.7636363636363637,0.9,0.0,1.0
"[4, 21, 24, 27, 33, 34]",5.5467272727272725,0.5,transformer_fallback,143,3,30,0,"{np.int64(0): 1, np.int64(2): 3, np.int64(3): 2}",0,0.7418181818181818,1.1,0.0,1.0
"[1, 8, 9, 20, 24, 30]",4.639454545454546,0.5,transformer_fallback,92,4,29,0,"{np.int64(0): 3, np.int64(1): 1, np.int64(2): 2}",0,0.7236363636363636,0.9500000000000001,0.0,1.0
"[3, 21, 22, 27, 28, 29]",4.287333333333334,0.5,transformer_fallback,130,2,26,0,"{np.int64(0): 1, np.int64(2): 5}",2,0.76,1.0000000000000002,0.0,1.0
