combination,score,svi_score,source,sum_total,even_count,diff_sum,repeats,decades,primes,diversity,filter_reasons,core_bonus,arima_score
"[2, 7, 13, 29, 31, 34]",11.064363636363636,0.5,transformer_fallback,116,2,32,1,"{0: 2, 1: 1, 2: 1, 3: 2}",5,0.7054545454545456,1.1,0.0,2.0
"[2, 7, 9, 22, 33, 39]",11.742666666666667,0.5,transformer_fallback,112,2,37,1,"{0: 3, 2: 1, 3: 2}",2,0.72,1.1,0.0,2.0
"[3, 14, 19, 21, 31, 32]",12.057575757575759,0.5,transformer_fallback,120,2,29,2,"{0: 1, 1: 2, 2: 1, 3: 2}",3,0.696969696969697,1.05,0.0,2.0
"[3, 16, 19, 20, 32, 34]",11.724242424242423,0.5,transformer_fallback,124,4,31,0,"{0: 1, 1: 3, 3: 2}",2,0.696969696969697,1.05,0.0,2.0
"[3, 7, 18, 30, 36, 39]",12.231030303030302,0.5,transformer_fallback,133,3,36,0,"{0: 2, 1: 1, 2: 1, 3: 2}",2,0.7054545454545454,1.05,0.0,2.0
