combination,score,svi_score,source,sum_total,even_count,diff_sum,repeats,decades,primes,diversity,filter_reasons,core_bonus,arima_score
"[4, 19, 20, 21, 22, 40]",5.605555555555556,0.5,lstm,126,4,36,0,"{0: 1, 1: 2, 2: 2, 3: 1}",1,0.4722222222222222,1.05,0.0,1.0
"[2, 20, 21, 22, 23, 40]",4.7214285714285715,0.5,lstm,128,4,38,0,"{0: 1, 1: 1, 2: 3, 3: 1}",2,0.34523809523809523,1.1,0.0,1.0
"[20, 21, 22, 23, 32, 40]",3.6547619047619047,0.5,lstm,158,4,20,0,"{1: 1, 2: 3, 3: 2}",1,0.34523809523809523,0.9500000000000001,0.0,1.0
"[9, 21, 22, 23, 24, 40]",4.980158730158731,0.5,lstm,139,3,31,0,"{0: 1, 2: 4, 3: 1}",1,0.4087301587301587,1.1,0.0,1.0
"[21, 22, 23, 24, 36, 40]",2.3301587301587303,0.5,lstm,166,4,19,0,"{2: 4, 3: 2}",1,0.4087301587301587,0.875,0.0,1.0
"[8, 20, 21, 22, 23, 40]",5.5547619047619055,0.5,lstm,134,4,32,0,"{0: 1, 1: 1, 2: 3, 3: 1}",1,0.34523809523809523,1.1,0.0,1.0
