combination,score,svi_score,source,sum_total,even_count,diff_sum,repeats,decades,primes,diversity,filter_reasons,core_bonus,arima_score
"[5, 11, 13, 18, 24, 30]",5.854761904761904,0.5,lstm,101,3,25,1,"{np.int64(0): 1, np.int64(1): 3, np.int64(2): 2}",3,0.26190476190476186,1.05,0.0,1.0
"[5, 12, 13, 18, 24, 30]",5.659523809523809,0.5,lstm,102,4,25,1,"{np.int64(0): 1, np.int64(1): 3, np.int64(2): 2}",2,0.19047619047619035,1.05,0.0,1.0
"[5, 12, 13, 18, 24, 29]",5.854761904761904,0.5,lstm,101,3,24,1,"{np.int64(0): 1, np.int64(1): 3, np.int64(2): 2}",3,0.26190476190476186,1.05,0.0,1.0
