combination,score,svi_score,source,sum_total,even_count,diff_sum,repeats,decades,primes,diversity,filter_reasons,core_bonus,arima_score
"[4, 10, 11, 15, 21, 35]",2.735601403946978,0.5,transformer_fallback,96,2,31,0,"{0: 2, 1: 2, 2: 1, 3: 1}",1,0.5252525252525253,0.9,0.0,0.5787467442905242
"[1, 11, 18, 22, 23, 37]",3.449389055238624,0.5,transformer_fallback,112,2,36,0,"{0: 1, 1: 2, 2: 2, 3: 1}",3,0.5252525252525253,1.05,0.0,0.5787467442905242
"[1, 2, 10, 11, 21, 23]",3.0544967059777672,0.5,transformer_fallback,68,2,22,0,"{0: 3, 1: 1, 2: 2}",3,0.44444444444444453,0.9,0.0,0.5787467442905242
