combination,score,svi_score,source,sum_total,even_count,diff_sum,repeats,decades,primes,diversity,filter_reasons,core_bonus,arima_score
"[3, 13, 24, 25, 31, 36]",6.032181818181818,0.5,transformer_fallback,132,2,33,0,"{np.int64(0): 1, np.int64(1): 1, np.int64(2): 2, np.int64(3): 2}",3,0.7054545454545456,1.1,0.0,1.0
"[1, 4, 10, 14, 25, 30]",4.912727272727273,0.5,transformer_fallback,84,4,29,0,"{np.int64(0): 3, np.int64(1): 1, np.int64(2): 2}",0,0.7818181818181819,0.9500000000000001,0.0,1.0
"[5, 6, 7, 13, 32, 34]",5.155454545454546,0.5,transformer_fallback,97,3,29,0,"{np.int64(0): 3, np.int64(1): 1, np.int64(3): 2}",3,0.7636363636363637,0.9500000000000001,0.0,1.0
"[3, 6, 8, 17, 38, 39]",6.131515151515151,0.5,transformer_fallback,111,3,36,0,"{np.int64(0): 3, np.int64(1): 1, np.int64(3): 2}",2,0.7454545454545455,1.05,0.0,1.0
"[3, 21, 22, 35, 36, 40]",5.06339393939394,0.5,transformer_fallback,157,3,37,0,"{np.int64(0): 1, np.int64(2): 2, np.int64(3): 3}",1,0.7418181818181818,0.9500000000000001,0.0,1.0
