combination,score,svi_score,source,sum_total,even_count,diff_sum,repeats,decades,primes,diversity,filter_reasons,core_bonus,arima_score
"[7, 16, 21, 28, 32, 34]",5.736666666666667,0.5,transformer_fallback,138,4,27,0,"{0: 1, 1: 1, 2: 2, 3: 2}",1,0.8,1.05,0.0,1.0
"[5, 14, 18, 36, 37, 40]",6.122787878787879,0.5,transformer_fallback,150,4,35,0,"{0: 1, 1: 2, 3: 3}",2,0.7236363636363636,1.05,0.0,1.0
"[3, 14, 20, 27, 29, 37]",6.0307272727272725,0.5,transformer_fallback,130,2,34,0,"{0: 1, 1: 2, 2: 2, 3: 1}",3,0.7018181818181819,1.1,0.0,1.0
"[6, 14, 17, 20, 33, 35]",5.7133939393939395,0.5,transformer_fallback,125,3,29,0,"{0: 1, 1: 3, 3: 2}",1,0.7418181818181818,1.05,0.0,1.0
"[3, 13, 15, 23, 30, 36]",6.055454545454546,0.5,transformer_fallback,120,2,33,0,"{0: 1, 1: 2, 2: 2, 3: 1}",3,0.7636363636363637,1.05,0.0,1.0
