combination,score,svi_score,source,sum_total,even_count,diff_sum,repeats,decades,primes,diversity,filter_reasons,core_bonus,arima_score
"[4, 10, 31, 33, 39, 40]",3.472121212121212,0.5,transformer_fallback,157,3,36,0,"{0: 2, 3: 4}",1,0.7636363636363637,0.9500000000000001,0.0,1.0
"[5, 6, 8, 24, 34, 36]",5.7293939393939395,0.5,transformer_fallback,113,5,31,1,"{0: 3, 2: 1, 3: 2}",1,0.7818181818181819,1.0,0.0,1.0
"[3, 5, 12, 13, 26, 39]",5.398181818181818,0.5,transformer_fallback,98,2,36,1,"{0: 2, 1: 2, 2: 1, 3: 1}",3,0.7454545454545455,0.9500000000000001,0.0,1.0
"[13, 15, 19, 28, 35, 37]",6.055454545454546,0.5,transformer_fallback,147,1,24,1,"{1: 3, 2: 1, 3: 2}",3,0.7636363636363637,0.95,0.0,1.0
"[7, 14, 22, 25, 33, 35]",5.722121212121213,0.5,transformer_fallback,136,2,28,0,"{0: 1, 1: 1, 2: 2, 3: 2}",1,0.7636363636363637,1.1,0.0,1.0
